-- Generated by Craft v2.6.2984 on Jul 5, 2017, 2:22:43 PM.

--
-- Disable foreign key checks and autocommit.
--

SET FOREIGN_KEY_CHECKS = 0;
SET SQL_MODE = "NO_AUTO_VALUE_ON_ZERO";
SET AUTOCOMMIT = 0;
SET NAMES utf8;


DROP TABLE IF EXISTS `craft_assetfiles`;


--
-- Schema for table `craft_assetfiles`
--
CREATE TABLE `craft_assetfiles` (
  `id` int(11) NOT NULL,
  `sourceId` int(11) DEFAULT NULL,
  `folderId` int(11) NOT NULL,
  `filename` varchar(255) COLLATE utf8_unicode_ci NOT NULL,
  `kind` varchar(50) COLLATE utf8_unicode_ci NOT NULL DEFAULT 'unknown',
  `width` int(11) unsigned DEFAULT NULL,
  `height` int(11) unsigned DEFAULT NULL,
  `size` bigint(20) unsigned DEFAULT NULL,
  `dateModified` datetime DEFAULT NULL,
  `dateCreated` datetime NOT NULL,
  `dateUpdated` datetime NOT NULL,
  `uid` char(36) COLLATE utf8_unicode_ci NOT NULL DEFAULT '0',
  PRIMARY KEY (`id`),
  UNIQUE KEY `craft_assetfiles_filename_folderId_unq_idx` (`filename`,`folderId`),
  KEY `craft_assetfiles_sourceId_fk` (`sourceId`),
  KEY `craft_assetfiles_folderId_fk` (`folderId`)
) ENGINE=InnoDB DEFAULT CHARSET=utf8 COLLATE=utf8_unicode_ci;

--
-- Data for table `craft_assetfiles`
--

INSERT INTO `craft_assetfiles` (`id`, `sourceId`, `folderId`, `filename`, `kind`, `width`, `height`, `size`, `dateModified`, `dateCreated`, `dateUpdated`, `uid`) VALUES
 ('28', '1', '2', 'GoldStar.png', 'image', '33', '33', '2150', '2017-06-14 20:24:39', '2017-06-15 15:30:11', '2017-06-19 20:56:02', '8de7daad-ee0a-4585-9a91-f0b20e4a1fe9'),
 ('29', '1', '2', 'GoldStar.svg', 'image', '33', '33', '11436', '2017-06-14 20:24:39', '2017-06-15 15:30:11', '2017-06-19 20:56:02', '9ac5b22f-9f67-4c38-8281-bfee32644782'),
 ('30', '1', '2', 'GoldStar@2x.png', 'image', '66', '66', '5785', '2017-06-14 20:24:39', '2017-06-15 15:30:11', '2017-06-19 20:56:02', 'b12051f5-f7ba-4f5d-8912-e973a17375d6'),
 ('31', '1', '2', 'GoldStar@3x.png', 'image', '99', '99', '9650', '2017-06-14 20:24:39', '2017-06-15 15:30:11', '2017-06-19 20:56:02', 'c43df810-901c-4449-b5b6-ef3c5df81c8f'),
 ('32', '1', '2', 'ShelleyWhiteLogoHomepage.png', 'image', '177', '78', '14160', '2017-06-14 20:24:39', '2017-06-15 15:30:11', '2017-06-19 20:56:02', '3697f68b-c997-4120-9a4a-9aa6176bb228'),
 ('33', '1', '2', 'ShelleyWhiteLogoHomepage.svg', 'image', '177', '78', '184702', '2017-06-14 20:24:39', '2017-06-15 15:30:11', '2017-06-19 20:56:02', 'fdc4df43-604a-4481-ba44-7318d739dbca'),
 ('34', '1', '2', 'ShelleyWhiteLogoHomepage@2x.png', 'image', '354', '156', '36111', '2017-06-14 20:24:39', '2017-06-15 15:30:12', '2017-06-19 20:56:02', '8b3f4693-2d9f-4bfb-8636-802c9223ce3a'),
 ('35', '1', '2', 'ShelleysLogoLarge.png', 'image', '265', '116', '29102', '2017-06-14 20:24:39', '2017-06-15 15:30:12', '2017-06-19 20:56:02', 'db1689d9-480d-420c-aee9-e6f7ab22dce0'),
 ('36', '1', '2', 'ShelleysLogoLarge.svg', 'image', '265', '116', '243897', '2017-06-14 20:24:39', '2017-06-15 15:30:12', '2017-06-19 20:56:02', 'e4bf16b5-d638-4ecb-a5a9-3b9e52d395c1'),
 ('37', '1', '2', 'ShelleysLogoLarge@2x.png', 'image', '530', '232', '73910', '2017-06-14 20:24:39', '2017-06-15 15:30:12', '2017-06-19 20:56:02', 'ce95c8dc-57a4-4159-8559-ded4afe9baef'),
 ('38', '1', '2', 'ShelleysLogoLarge@3x.png', 'image', '795', '348', '124517', '2017-06-14 20:24:39', '2017-06-15 15:30:12', '2017-06-19 20:56:02', 'f6898086-0c27-4b27-bff5-1ed757228578'),
 ('39', '1', '2', 'SideBarLogo.png', 'image', '125', '55', '10070', '2017-06-14 20:24:39', '2017-06-15 15:30:12', '2017-06-19 20:56:02', '6ead6327-0d55-4300-a274-0feebd344097'),
 ('40', '1', '2', 'ShelleyWhiteLogoHomepage@3x.png', 'image', '531', '234', '62229', '2017-06-14 20:24:39', '2017-06-15 15:30:12', '2017-06-19 20:56:02', '3f49a849-7080-4bbb-a52f-08b586041bcd'),
 ('41', '1', '2', 'SideBarLogo.svg', 'image', '125', '55', '243724', '2017-06-14 20:24:39', '2017-06-15 15:30:12', '2017-06-19 20:56:02', 'e3325ed5-ebb9-4c6e-90b5-96aa86c20d6b'),
 ('42', '1', '2', 'SideBarLogo@2x.png', 'image', '250', '110', '26612', '2017-06-14 20:24:39', '2017-06-15 15:30:12', '2017-06-19 20:56:02', '4769e1e9-c519-4f01-9ecf-aa4e290f20f2'),
 ('43', '1', '2', 'SideBarLogo@3x.png', 'image', '375', '165', '46261', '2017-06-14 20:24:39', '2017-06-15 15:30:12', '2017-06-19 20:56:02', '6d9f5e7f-ba19-4619-b6f1-8b9f81fd5e61'),
 ('44', '1', '2', 'Table.png', 'image', '897', '415', '918510', '2017-06-14 20:24:39', '2017-06-15 15:30:12', '2017-06-19 20:56:02', 'aef59e1a-8dae-4bd6-a394-cf263d73f5b8'),
 ('45', '1', '2', 'bluechair.png', 'image', '898', '448', '774300', '2017-06-14 20:24:39', '2017-06-15 15:30:12', '2017-06-19 20:56:02', 'c07dcff8-a441-4d7d-a867-e60672b56a43'),
 ('46', '1', '2', 'peacock.png', 'image', '899', '449', '720351', '2017-06-14 20:24:39', '2017-06-15 15:30:12', '2017-06-19 20:56:02', 'f79dd594-823d-4e6a-86e8-c783bd1f25a4'),
 ('47', '1', '2', 'plant.png', 'image', '346', '475', '370805', '2017-06-14 20:24:39', '2017-06-15 15:30:12', '2017-06-19 20:56:02', '0f7a0e49-a218-42c2-826f-4d273b24d452'),
 ('49', '1', '3', 'blueRoom.jpg', 'image', '474', '474', '215777', '2017-05-24 17:42:29', '2017-06-15 15:30:12', '2017-06-19 20:56:03', '5142e02d-909b-4544-8352-81e7947b3bfd'),
 ('50', '1', '3', 'greenRoom.jpg', 'image', '474', '474', '193640', '2017-05-24 17:42:29', '2017-06-15 15:30:12', '2017-06-19 20:56:03', 'c116c895-82f0-4215-ad69-8a76a69620fb'),
 ('51', '1', '3', 'brownRoom.jpg', 'image', '474', '474', '166453', '2017-05-24 17:42:29', '2017-06-15 15:30:12', '2017-06-19 20:56:03', '68cc10de-fb39-40b5-8f1d-028c449cedc4'),
 ('52', '1', '3', 'flowerPainting.jpg', 'image', '474', '474', '231495', '2017-05-24 17:42:29', '2017-06-15 15:30:13', '2017-06-19 20:56:03', '5c0a3cb5-6f4e-4ef6-8823-4f45b4007757'),
 ('54', '1', '4', 'beautifulchair_thumb.jpg', 'image', '474', '474', '165726', '2017-06-02 18:49:49', '2017-06-15 15:30:13', '2017-06-19 20:56:03', '5ad09123-9777-45a7-ba85-2ceee75e9568'),
 ('55', '1', '4', 'birdchair.jpg', 'image', '474', '474', '101080', '2017-05-24 17:42:29', '2017-06-15 15:30:13', '2017-06-19 20:56:03', '75f7ce70-1feb-45f4-8c4d-38cc8e566cc7'),
 ('56', '1', '4', 'blackwindows.jpg', 'image', '474', '474', '119265', '2017-05-24 17:42:29', '2017-06-15 15:30:13', '2017-06-19 20:56:03', '56aa8757-80f6-4572-8f88-5b9a4c9f903c'),
 ('57', '1', '3', 'orangeRoom.jpg', 'image', '474', '474', '178806', '2017-05-24 17:42:29', '2017-06-15 15:30:13', '2017-06-19 20:56:03', '1fabf036-3885-4efd-859b-cff83ea25738'),
 ('58', '1', '4', 'blueCorner.jpg', 'image', '474', '474', '176130', '2017-05-24 17:42:29', '2017-06-15 15:30:13', '2017-06-19 20:56:03', '958fa797-d76f-4656-a369-c2e576f65e26'),
 ('59', '1', '4', 'blueLamp.jpg', 'image', '474', '474', '295329', '2017-05-24 17:42:29', '2017-06-15 15:30:13', '2017-06-19 20:56:03', '8b336e19-1ffb-4e3b-8780-423d62fe6d33'),
 ('60', '1', '4', 'chairFlower.jpg', 'image', '474', '474', '81855', '2017-05-24 17:42:29', '2017-06-15 15:30:13', '2017-06-19 20:56:03', 'ecbd81a5-3933-4931-b4b8-2c012626b159'),
 ('61', '1', '4', 'coppersink.jpg', 'image', '474', '474', '103345', '2017-05-24 17:42:29', '2017-06-15 15:30:13', '2017-06-19 20:56:03', 'b478fe69-6d03-4fd3-b2c4-614c6acb4d7a'),
 ('62', '1', '4', 'doorway.jpg', 'image', '474', '474', '134320', '2017-05-24 17:42:29', '2017-06-15 15:30:13', '2017-06-19 20:56:03', '7eee4b25-685f-4326-97bb-9507a66f1a87'),
 ('63', '1', '4', 'flowerBird.jpg', 'image', '474', '474', '174202', '2017-05-24 17:42:29', '2017-06-15 15:30:13', '2017-06-19 20:56:03', 'f09f62ad-9791-463e-aef3-d6c9a6188b59'),
 ('64', '1', '4', 'flowerLamp.jpg', 'image', '474', '474', '140379', '2017-05-24 17:42:29', '2017-06-15 15:30:13', '2017-06-19 20:56:03', '3bcc50ad-12ed-4c8d-b11c-da405af48ec4'),
 ('65', '1', '4', 'fringechair_thumb.jpg', 'image', '474', '474', '137488', '2017-06-02 18:49:49', '2017-06-15 15:30:13', '2017-06-19 20:56:03', '51055ad7-1c4d-49d0-a627-635b4c7209be'),
 ('66', '1', '4', 'greenCeiling.jpg', 'image', '474', '474', '179520', '2017-05-24 17:42:29', '2017-06-15 15:30:13', '2017-06-19 20:56:03', 'ae444701-e606-4cb6-a463-84d3295e3267'),
 ('67', '1', '4', 'loftRailing.jpg', 'image', '474', '474', '237070', '2017-05-24 17:42:30', '2017-06-15 15:30:13', '2017-06-19 20:56:03', '24f0d77b-14ea-4e22-8c47-6e455b00e2b7'),
 ('68', '1', '4', 'patioPost.jpg', 'image', '474', '474', '226129', '2017-05-24 17:42:30', '2017-06-15 15:30:13', '2017-06-19 20:56:03', '00258bc7-1b0d-4438-878c-ad1d28485628'),
 ('69', '1', '4', 'pinkBookcase.jpg', 'image', '474', '474', '136206', '2017-05-24 17:42:30', '2017-06-15 15:30:13', '2017-06-19 20:56:03', '81d98e9f-2faf-47af-a18c-c322239e36db'),
 ('70', '1', '4', 'plant1.jpg', 'image', '474', '474', '146318', '2017-05-24 17:42:30', '2017-06-15 15:30:13', '2017-06-19 20:56:03', '65cddd7f-569f-4519-a473-9e32fdb0ba6a'),
 ('71', '1', '4', 'sideTable.jpg', 'image', '474', '474', '65085', '2017-05-24 17:42:30', '2017-06-15 15:30:13', '2017-06-19 20:56:03', '9f4ca875-f909-456d-b4e7-8a37df5a5982'),
 ('72', '1', '4', 'stairs.jpg', 'image', '474', '474', '117860', '2017-05-24 17:42:30', '2017-06-15 15:30:13', '2017-06-19 20:56:03', '9c2288fa-3291-4c01-9efb-e73504a0f876'),
 ('73', '1', '4', 'tablesetting_thumb.jpg', 'image', '474', '474', '207032', '2017-06-02 18:49:49', '2017-06-15 15:30:14', '2017-06-19 20:56:03', 'd245a6aa-c7ad-431f-99c6-0a6476044491'),
 ('74', '1', '4', 'tableshot.jpg', 'image', '474', '474', '225076', '2017-05-24 17:42:30', '2017-06-15 15:30:14', '2017-06-19 20:56:04', 'bafdf842-ddc0-4b62-bf67-81a12c524051'),
 ('75', '1', '4', 'teardrops.jpg', 'image', '474', '474', '282872', '2017-05-24 17:42:30', '2017-06-15 15:30:14', '2017-06-19 20:56:04', 'cf4a34cb-334f-4d13-80ad-0737fac29970'),
 ('76', '1', '4', 'whiteTopiary.jpg', 'image', '474', '474', '65192', '2017-05-24 17:42:30', '2017-06-15 15:30:14', '2017-06-19 20:56:04', '99ffbfcf-2757-42be-8857-5e9c3461a08c'),
 ('77', '1', '4', 'stairflowers.jpg', 'image', '474', '474', '211259', '2017-05-24 17:42:30', '2017-06-15 15:30:14', '2017-06-19 20:56:03', '050491ea-3a85-48b1-8599-dd05bab49cbe'),
 ('78', '1', '4', 'woodChair.jpg', 'image', '474', '474', '87694', '2017-05-24 17:42:30', '2017-06-15 15:30:14', '2017-06-19 20:56:04', 'b17d493d-3f25-476d-9cab-34e39a24e55a'),
 ('83', '1', '5', 'concreteWall.jpg', 'image', '474', '474', '177862', '2017-05-24 17:42:30', '2017-06-15 15:30:14', '2017-06-19 20:56:04', '543e6c91-4b62-40a0-b2d3-680029127ece'),
 ('84', '1', '5', 'flowerDoor.jpg', 'image', '474', '474', '302926', '2017-05-24 17:42:30', '2017-06-15 15:30:14', '2017-06-19 20:56:04', '6169daae-2965-4b1f-a58f-873c14230ae6'),
 ('85', '1', '5', 'landscape.jpg', 'image', '474', '474', '167995', '2017-05-24 17:42:30', '2017-06-15 15:30:14', '2017-06-19 20:56:04', 'b2f5d789-3c68-4df3-a768-648401993f6c'),
 ('86', '1', '5', 'pinkFlowers.jpg', 'image', '474', '474', '130608', '2017-05-24 17:42:30', '2017-06-15 15:30:14', '2017-06-19 20:56:04', '0fcdf6bb-2b9b-4eb3-ac4b-eba40554746e'),
 ('87', '1', '5', 'roundLeaves.jpg', 'image', '474', '474', '176870', '2017-05-24 17:42:30', '2017-06-15 15:30:14', '2017-06-19 20:56:04', 'dc37e20e-fb57-41c8-81c5-2b6954b47f3a'),
 ('88', '1', '5', 'sphereBush.jpg', 'image', '474', '474', '210258', '2017-05-24 17:42:30', '2017-06-15 15:30:14', '2017-06-19 20:56:04', 'f4dfadd1-d3fe-401b-9382-b6f8c4592c5e'),
 ('89', '1', '5', 'squareSpiral.jpg', 'image', '474', '474', '186044', '2017-05-24 17:42:30', '2017-06-15 15:30:14', '2017-06-19 20:56:04', '4e5f4470-1caa-48e5-910f-9e5744142082'),
 ('90', '1', '5', 'starFish.jpg', 'image', '474', '474', '202060', '2017-05-24 17:42:30', '2017-06-15 15:30:14', '2017-06-19 20:56:04', 'a363e006-1fd7-4c7d-a296-7c71522b4f39'),
 ('91', '1', '5', 'sunMirror.jpg', 'image', '474', '474', '209377', '2017-05-24 17:42:30', '2017-06-15 15:30:14', '2017-06-19 20:56:04', 'c5e79d97-2d21-465f-80aa-ffa536128e3d'),
 ('92', '1', '5', 'tableDecor.jpg', 'image', '474', '474', '223387', '2017-05-24 17:42:30', '2017-06-15 15:30:14', '2017-06-19 20:56:04', '20333c4c-f921-4a71-9d70-0767786e56e1'),
 ('95', '1', '6', 'clockTower.jpg', 'image', '474', '474', '178965', '2017-05-24 17:42:30', '2017-06-15 15:30:14', '2017-06-19 20:56:04', '44c14dd5-4039-4fae-8dea-be3cbf435b13'),
 ('96', '1', '6', 'dining-pink.jpg', 'image', '474', '474', '286970', '2017-05-24 17:42:30', '2017-06-15 15:30:15', '2017-06-19 20:56:04', '23b1770f-4f4e-4a42-a0ad-3091b84045cc'),
 ('97', '1', '6', 'oranges.jpg', 'image', '474', '474', '174177', '2017-05-24 17:42:30', '2017-06-15 15:30:15', '2017-06-19 20:56:04', 'a4eaede9-b6b1-438f-aac1-a924f4393025'),
 ('98', '1', '6', 'poolOutside.jpg', 'image', '474', '474', '306231', '2017-05-24 17:42:30', '2017-06-15 15:30:15', '2017-06-19 20:56:04', 'efa2d9f5-ba4a-47df-ba72-c0c3cab8e716'),
 ('99', '1', '6', 'poolView.jpg', 'image', '474', '474', '235225', '2017-05-24 17:42:30', '2017-06-15 15:30:15', '2017-06-19 20:56:04', 'da3283fc-a9ed-44bc-a9dd-ef85f7d5d715'),
 ('100', '1', '6', 'poolpinkbenches.jpg', 'image', '474', '474', '297172', '2017-05-24 17:42:30', '2017-06-15 15:30:15', '2017-06-19 20:56:04', '2f01e257-f6d9-4516-8f7a-b3dc0d035c8b'),
 ('101', '1', '6', 'setTable.jpg', 'image', '474', '474', '226344', '2017-05-24 17:42:30', '2017-06-15 15:30:15', '2017-06-19 20:56:04', 'b6ac5326-ef8d-4689-a0f6-149206996d7c'),
 ('102', '1', '6', 'shelleyDress.jpg', 'image', '474', '474', '215095', '2017-05-24 17:42:30', '2017-06-15 15:30:15', '2017-06-19 20:56:05', '109339c6-6eed-4dbe-9a8d-4ced2536e361'),
 ('103', '1', '6', 'shelleyFlowers.jpg', 'image', '474', '474', '359377', '2017-05-24 17:42:30', '2017-06-15 15:30:15', '2017-06-19 20:56:05', 'd42144b9-d8f3-4acb-8a88-49af9e7cdfd6'),
 ('109', '1', '7', 'SJ-march2016.jpg', 'image', '1000', '300', '312763', '2017-05-24 17:42:30', '2017-06-15 15:30:15', '2017-06-19 20:56:05', 'a4f583b6-8fc8-42fc-9b67-6971bf84d3dc'),
 ('110', '1', '7', 'design-chic.jpg', 'image', '1000', '300', '184813', '2017-05-24 17:42:30', '2017-06-15 15:30:15', '2017-06-19 20:56:05', '8bb0ce25-5c67-4003-9227-0536f4616303'),
 ('111', '1', '7', 'forest-bluff-risko.jpg', 'image', '1000', '396', '403346', '2017-05-24 17:42:30', '2017-06-15 15:30:15', '2017-06-19 20:56:05', '2c71b2d8-4301-4238-a5de-50ff139abffa'),
 ('112', '1', '7', 'forestbluff2017.jpg', 'image', '1000', '300', '259627', '2017-05-24 17:42:30', '2017-06-15 15:30:15', '2017-06-19 20:56:05', '7dc9c4c4-5a35-42f7-bc72-6ca5b5a4c194'),
 ('113', '1', '7', 'foyer.jpg', 'image', '1000', '521', '116229', '2017-05-24 17:42:30', '2017-06-15 15:30:15', '2017-06-19 20:56:05', '117e5a17-ad60-4e12-bd51-582d2aa5a0d7'),
 ('114', '1', '7', 'glampad.jpg', 'image', '1000', '300', '289598', '2017-05-24 17:42:30', '2017-06-15 15:30:15', '2017-06-19 20:56:05', '2a14f7d5-0228-4efd-88fe-202ff4a60870'),
 ('115', '1', '7', 'goldlist.jpg', 'image', '1000', '300', '220867', '2017-05-24 17:42:30', '2017-06-15 15:30:15', '2017-06-19 20:56:05', '870ffff3-48b5-4906-b496-4ab2ab44030d'),
 ('116', '1', '7', 'magazineCover.jpg', 'image', '1000', '521', '410526', '2017-05-24 17:42:30', '2017-06-15 15:30:15', '2017-06-19 20:56:05', 'af9f6bd4-588f-4831-99b7-c29e90cf6f4c'),
 ('117', '1', '7', 'newbanner.jpg', 'image', '1000', '396', '350913', '2017-05-24 17:42:30', '2017-06-15 15:30:15', '2017-06-19 20:56:05', '90cca373-67ca-4460-b636-d31ef52c5234'),
 ('118', '1', '7', 'shelleytraditionalcover.jpg', 'image', '500', '677', '111717', '2017-05-24 17:42:30', '2017-06-15 15:30:15', '2017-06-19 20:56:05', 'fa698939-8aec-44ab-bcdc-a79d3507413c'),
 ('119', '1', '7', 'stairs.jpg', 'image', '1000', '521', '105945', '2017-05-24 17:42:30', '2017-06-15 15:30:16', '2017-06-19 20:56:05', '9650025c-eb8f-4b24-a41d-4939b0b1c818'),
 ('120', '1', '7', 'traditionalhomesHouse.jpg', 'image', '1000', '521', '131070', '2017-05-24 17:42:30', '2017-06-15 15:30:16', '2017-06-19 20:56:05', 'c58820f8-375e-4cf1-9292-2652531f792a'),
 ('121', '1', '7', 'vita-life-blog.jpg', 'image', '1000', '300', '216962', '2017-05-24 17:42:30', '2017-06-15 15:30:16', '2017-06-19 20:56:05', '7448109b-e813-4a3a-806e-60d54731e3aa'),
 ('127', '1', '9', 'CHICAGO_HOME_&_GARDEN_LUXE_ISSUE_Show_Off.pdf', 'pdf', NULL, NULL, '10585600', '2017-05-24 17:42:31', '2017-06-15 15:30:16', '2017-06-19 20:56:05', 'f93adc3f-7bbd-4276-96da-0795dc2651f9'),
 ('128', '1', '9', 'CHICAGO_HOME_&_GARDEN_On_The_Edge.pdf', 'pdf', NULL, NULL, '10867175', '2017-05-24 17:42:31', '2017-06-15 15:30:16', '2017-06-19 20:56:05', '3360e8e7-bdd1-4604-998d-50c1c54d23eb'),
 ('129', '1', '9', 'CHICAGO_HOME_&_GARDEN_Seeking_Serenity.pdf', 'pdf', NULL, NULL, '10499457', '2017-05-24 17:42:31', '2017-06-15 15:30:16', '2017-06-19 20:56:06', '2596c246-9094-41c2-a247-cd0e5b3fa074'),
 ('130', '1', '9', 'CHICAGO_HOME_&_GARDEN_The_Art_of_the_Mix.pdf', 'pdf', NULL, NULL, '10257745', '2017-05-24 17:42:31', '2017-06-15 15:30:16', '2017-06-19 20:56:06', 'cedafdfd-4fc7-43a0-a4dc-402732149370'),
 ('131', '1', '9', 'CHICAGO_TRIBUNE_MAGAZINE_Renovate.pdf', 'pdf', NULL, NULL, '10367160', '2017-05-24 17:42:32', '2017-06-15 15:30:16', '2017-06-19 20:56:06', '106bce0a-704e-4010-857a-d79c2d0ca24d'),
 ('132', '1', '9', 'FOREST_&_BLUFF_Interior_Design.pdf', 'pdf', NULL, NULL, '10600789', '2017-05-24 17:42:32', '2017-06-15 15:30:16', '2017-06-19 20:56:06', '57c259a5-0672-4c84-8ec3-918d61577bfb'),
 ('133', '1', '9', 'GARDENS_AND_HOMES_The_Style_of_Capri.pdf', 'pdf', NULL, NULL, '66055037', '2017-05-24 17:42:33', '2017-06-15 15:30:16', '2017-06-19 20:56:06', '1a10740b-360c-4e21-b0bb-5a1cff976d74'),
 ('134', '1', '9', 'HOUSE_BEAUTIFUL_The_Makeover_Issue.pdf', 'pdf', NULL, NULL, '17581338', '2017-05-24 17:42:33', '2017-06-15 15:30:16', '2017-06-19 20:56:06', '36f20485-e134-4c3b-a5ad-6ec90c0901ce'),
 ('135', '1', '9', 'HOUSE_BEAUTIFUL_Traditional_Style_Now.pdf', 'pdf', NULL, NULL, '14721560', '2017-05-24 17:42:33', '2017-06-15 15:30:16', '2017-06-19 20:56:06', '0c67d690-2f06-49a0-837c-7bb9804c498e'),
 ('136', '1', '9', 'LUXE_INTERIOR_DESIGN_Design_Maven.pdf', 'pdf', NULL, NULL, '9203818', '2017-05-24 17:42:34', '2017-06-15 15:30:16', '2017-06-19 20:56:06', '44246d6f-32f7-4962-8f2c-994851a394bf'),
 ('137', '1', '9', 'LUXE_Nov15.pdf', 'pdf', NULL, NULL, '19634726', '2017-05-24 17:42:34', '2017-06-15 15:30:16', '2017-06-19 20:56:06', 'e913b6e0-24c5-4673-8278-a68b13505280'),
 ('138', '1', '9', 'NS_MODERN_LUXURY_The_Forever_Home.pdf', 'pdf', NULL, NULL, '10744767', '2017-05-24 17:42:34', '2017-06-15 15:30:16', '2017-06-19 20:56:06', 'c53933ef-8bb1-4dfd-831c-e18c188cd9f3'),
 ('139', '1', '9', 'TRADITIONALHOMENov15.pdf', 'pdf', NULL, NULL, '13106795', '2017-05-24 17:42:35', '2017-06-15 15:30:16', '2017-06-19 20:56:06', '1096b04d-07f3-471d-b5d8-45eb1f62209a'),
 ('140', '1', '9', 'TraditionalHomeApril2017.pdf', 'pdf', NULL, NULL, '35764215', '2017-05-24 17:42:34', '2017-06-15 15:30:16', '2017-06-19 20:56:06', '98aca332-1902-489b-8ae8-2160b75b9c2e'),
 ('141', '1', '9', 'forest-bluff-2016.pdf', 'pdf', NULL, NULL, '2139109', '2017-05-24 17:42:32', '2017-06-15 15:30:16', '2017-06-19 20:56:06', 'd43981c4-d1c3-4b93-8f92-0eb6e37bfcaa'),
 ('142', '1', '9', 'luxegoldlist.pdf', 'pdf', NULL, NULL, '16248086', '2017-05-24 17:42:33', '2017-06-15 15:30:16', '2017-06-19 20:56:06', '4a5c500f-817b-480d-9686-67413d4efe35'),
 ('143', '1', '8', 'press_01.jpg', 'image', '474', '474', '235560', '2017-05-24 17:42:30', '2017-06-15 15:30:16', '2017-06-19 20:56:06', 'd987f77f-34b1-48b6-8ba6-90e90a250ece'),
 ('144', '1', '8', 'press_02.jpg', 'image', '474', '474', '289586', '2017-05-24 17:42:30', '2017-06-15 15:30:17', '2017-06-19 20:56:06', '21cd4282-1f92-45ca-8c94-c2f8c8840055'),
 ('145', '1', '8', 'press_03.jpg', 'image', '474', '474', '286146', '2017-05-24 17:42:30', '2017-06-15 15:30:17', '2017-06-19 20:56:06', '6484323c-455d-445a-bead-c9e27071e921');
INSERT INTO `craft_assetfiles` (`id`, `sourceId`, `folderId`, `filename`, `kind`, `width`, `height`, `size`, `dateModified`, `dateCreated`, `dateUpdated`, `uid`) VALUES
 ('146', '1', '8', 'press_04.jpg', 'image', '474', '474', '289591', '2017-05-24 17:42:30', '2017-06-15 15:30:17', '2017-06-19 20:56:06', '3b27815f-e04d-4fed-b5ae-5a3334855dd7'),
 ('147', '1', '8', 'press_05.jpg', 'image', '474', '474', '275053', '2017-05-24 17:42:30', '2017-06-15 15:30:17', '2017-06-19 20:56:06', 'a469f28f-e2df-44aa-bd0d-f17d0282d90d'),
 ('148', '1', '8', 'press_06.jpg', 'image', '474', '474', '291993', '2017-05-24 17:42:30', '2017-06-15 15:30:17', '2017-06-19 20:56:06', '83723a41-def0-4d8d-9e86-8963ff06b573'),
 ('149', '1', '8', 'press_07.jpg', 'image', '474', '474', '228041', '2017-05-24 17:42:30', '2017-06-15 15:30:17', '2017-06-19 20:56:06', 'c666d58e-f0d7-433b-b527-44099efb5c53'),
 ('150', '1', '8', 'press_08.jpg', 'image', '474', '474', '253879', '2017-05-24 17:42:30', '2017-06-15 15:30:17', '2017-06-19 20:56:06', 'cd2eea98-ecbd-4999-b467-8fa29a9bbfba'),
 ('151', '1', '8', 'press_09.jpg', 'image', '474', '474', '270946', '2017-05-24 17:42:30', '2017-06-15 15:30:17', '2017-06-19 20:56:06', '074b8333-fe24-4ce8-88e9-486d5afbb79b'),
 ('152', '1', '8', 'press_10.jpg', 'image', '474', '474', '74828', '2017-05-24 17:42:30', '2017-06-15 15:30:17', '2017-06-19 20:56:06', 'de8ff10c-12ae-426c-a998-689451cf7231'),
 ('153', '1', '8', 'press_11.jpg', 'image', '474', '474', '66973', '2017-05-24 17:42:31', '2017-06-15 15:30:17', '2017-06-19 20:56:06', '7461e0c2-3755-4fb1-9fbd-cc22f37be7ec'),
 ('154', '1', '8', 'press_12.jpg', 'image', '474', '474', '112124', '2017-05-24 17:42:31', '2017-06-15 15:30:17', '2017-06-19 20:56:06', '3e288366-0fe4-4766-b5e0-e75fa79b08f1'),
 ('155', '1', '8', 'press_13.jpg', 'image', '474', '474', '63651', '2017-05-24 17:42:31', '2017-06-15 15:30:17', '2017-06-19 20:56:06', '65946b48-d3b2-498a-a5f2-0b48420efada'),
 ('156', '1', '8', 'press_14.jpg', 'image', '474', '474', '242752', '2017-05-24 17:42:31', '2017-06-15 15:30:17', '2017-06-19 20:56:06', '507f10fc-e654-42f2-b5b1-ed1de51511c6'),
 ('157', '1', '8', 'press_15.jpg', 'image', '474', '474', '280837', '2017-05-24 17:42:31', '2017-06-15 15:30:17', '2017-06-19 20:56:07', '94657224-c8bc-435b-b39c-55217ecb3ac3'),
 ('158', '1', '8', 'press_16.jpg', 'image', '474', '474', '277475', '2017-05-24 17:42:31', '2017-06-15 15:30:17', '2017-06-19 20:56:07', '3af61ff8-83f1-4c18-ba1c-957fa3d9afcb'),
 ('159', '1', '8', 'press_17.jpg', 'image', '474', '474', '311135', '2017-05-24 17:42:31', '2017-06-15 15:30:17', '2017-06-19 20:56:07', 'b40039e6-c57a-4bcf-bbfd-f572aa595a72'),
 ('160', '1', '8', 'press_18.jpg', 'image', '474', '474', '214104', '2017-05-24 17:42:31', '2017-06-15 15:30:17', '2017-06-19 20:56:07', '9272e1c5-3d9b-4869-8cf8-ed7ea5f62db5'),
 ('162', '1', '11', 'btnNext.png', 'image', '61', '22', '1411', '2017-05-24 17:42:35', '2017-06-15 15:30:17', '2017-06-19 20:56:07', 'f58bb88b-7d09-48e7-9ea8-98f8539248be'),
 ('163', '1', '11', 'btnPrevious.png', 'image', '61', '22', '1442', '2017-05-24 17:42:35', '2017-06-15 15:30:17', '2017-06-19 20:56:07', '84231b22-7ffc-4c9c-b9b3-1b18e9603f6b'),
 ('164', '1', '11', 'contentPattern.png', 'image', '20', '20', '130', '2017-05-24 17:42:35', '2017-06-15 15:30:17', '2017-06-19 20:56:07', '17309be3-843a-42f6-9f50-21273ceedbf8'),
 ('165', '1', '11', 'default_thumbnail.gif', 'image', '50', '33', '227', '2017-05-24 17:42:35', '2017-06-15 15:30:18', '2017-06-19 20:56:07', 'a21c04da-c51c-43c9-b3b9-8f60277e65a3'),
 ('166', '1', '11', 'loader.gif', 'image', '24', '24', '2545', '2017-05-24 17:42:35', '2017-06-15 15:30:18', '2017-06-19 20:56:07', '745c6693-5f46-4a26-9c22-c57d500f2b5f'),
 ('167', '1', '11', 'sprite.png', 'image', '130', '119', '4076', '2017-05-24 17:42:35', '2017-06-15 15:30:18', '2017-06-19 20:56:07', 'd1694180-ac06-4104-9460-b47ffce4f35a'),
 ('168', '1', '12', 'btnNext.png', 'image', '61', '22', '1411', '2017-05-24 17:42:35', '2017-06-15 15:30:18', '2017-06-19 20:56:07', 'a48728c3-ff09-421d-b854-de24f90562ca'),
 ('169', '1', '12', 'btnPrevious.png', 'image', '61', '22', '1442', '2017-05-24 17:42:35', '2017-06-15 15:30:18', '2017-06-19 20:56:07', '08903a66-690b-47ce-8d53-15504f745a07'),
 ('170', '1', '12', 'contentPattern.png', 'image', '10', '10', '121', '2017-05-24 17:42:35', '2017-06-15 15:30:18', '2017-06-19 20:56:07', 'ac62328f-9175-4ff7-8546-c086745d9470'),
 ('171', '1', '12', 'default_thumbnail.gif', 'image', '50', '33', '227', '2017-05-24 17:42:35', '2017-06-15 15:30:18', '2017-06-19 20:56:07', '485ab280-a2a3-439f-bde5-ffeb35c273d9'),
 ('172', '1', '12', 'loader.gif', 'image', '24', '24', '2545', '2017-05-24 17:42:35', '2017-06-15 15:30:18', '2017-06-19 20:56:07', '98c2fbe4-b3ce-478b-86b1-f171f2b47f18'),
 ('173', '1', '12', 'sprite.png', 'image', '76', '119', '3507', '2017-05-24 17:42:35', '2017-06-15 15:30:18', '2017-06-19 20:56:07', '38f1bdf6-37f4-48a8-8a3f-58181c2b1e29'),
 ('174', '1', '13', 'default_thumb.png', 'image', '50', '33', '1537', '2017-05-24 17:42:35', '2017-06-15 15:30:18', '2017-06-19 20:56:07', '433b6eae-d574-46b9-9f86-46fb31a8ff54'),
 ('175', '1', '13', 'loader.gif', 'image', '20', '20', '6331', '2017-05-24 17:42:35', '2017-06-15 15:30:18', '2017-06-19 20:56:07', '41a9a3ac-56ea-4613-87ba-0d96ddbe1aca'),
 ('176', '1', '13', 'sprite.png', 'image', '130', '147', '6682', '2017-05-24 17:42:35', '2017-06-15 15:30:18', '2017-06-19 20:56:07', '8b1ff3b8-9cfc-4dd6-acef-77c0222fe909'),
 ('177', '1', '13', 'sprite_next.png', 'image', '28', '30', '1358', '2017-05-24 17:42:35', '2017-06-15 15:30:18', '2017-06-19 20:56:07', 'fbf5a25e-21a8-40f8-a14c-6dc46c040002'),
 ('178', '1', '13', 'sprite_prev.png', 'image', '27', '30', '1376', '2017-05-24 17:42:35', '2017-06-15 15:30:18', '2017-06-19 20:56:07', 'e069239b-f1d5-4c88-a112-2f27270dc7cf'),
 ('179', '1', '13', 'sprite_x.png', 'image', '130', '47', '1097', '2017-05-24 17:42:35', '2017-06-15 15:30:18', '2017-06-19 20:56:07', 'aab504b2-75f8-46ea-85ae-4177162caa87'),
 ('180', '1', '13', 'sprite_y.png', 'image', '61', '130', '1162', '2017-05-24 17:42:35', '2017-06-15 15:30:18', '2017-06-19 20:56:07', '12afc5a9-b2ed-463e-8807-00553d52c57f'),
 ('181', '1', '14', 'btnPrevious.png', 'image', '57', '47', '828', '2017-05-24 17:42:35', '2017-06-15 15:30:18', '2017-06-19 20:56:07', '8c86f5c3-1d99-45b7-a18b-6cc3bb61139a'),
 ('182', '1', '14', 'contentPatternBottom.png', 'image', '20', '20', '142', '2017-05-24 17:42:35', '2017-06-15 15:30:18', '2017-06-19 20:56:07', '475d0d7b-f0ea-43b0-8a5d-e1b605549535'),
 ('183', '1', '14', 'contentPatternLeft.png', 'image', '20', '20', '137', '2017-05-24 17:42:35', '2017-06-15 15:30:18', '2017-06-19 20:56:07', '6256744d-1320-4359-9b8b-2da6b26c708f'),
 ('184', '1', '14', 'contentPatternRight.png', 'image', '20', '20', '136', '2017-05-24 17:42:35', '2017-06-15 15:30:18', '2017-06-19 20:56:07', '269f292a-438c-4844-a562-c96b56433992'),
 ('185', '1', '14', 'contentPatternTop.png', 'image', '20', '20', '142', '2017-05-24 17:42:35', '2017-06-15 15:30:18', '2017-06-19 20:56:07', '12d6fa50-fe02-4576-ac31-cf782674fbc8'),
 ('186', '1', '14', 'default_thumbnail.gif', 'image', '50', '33', '227', '2017-05-24 17:42:35', '2017-06-15 15:30:18', '2017-06-19 20:56:08', 'cf349eea-8ed5-45e2-91af-5c20a2848f5a'),
 ('187', '1', '14', 'loader.gif', 'image', '24', '24', '2545', '2017-05-24 17:42:35', '2017-06-15 15:30:18', '2017-06-19 20:56:08', '0064a220-1942-4a95-b40b-69e0a85bd855'),
 ('188', '1', '14', 'sprite.png', 'image', '130', '147', '4227', '2017-05-24 17:42:35', '2017-06-15 15:30:18', '2017-06-19 20:56:08', '1a7e031a-81b1-465d-a4a4-0dbdb3d84bc9'),
 ('189', '1', '14', 'btnNext.png', 'image', '57', '47', '845', '2017-05-24 17:42:35', '2017-06-15 15:30:18', '2017-06-19 20:56:07', 'fa60bd98-5d71-4b49-abd7-fddcb482e9ab'),
 ('190', '1', '15', 'btnNext.png', 'image', '61', '22', '14970', '2017-05-24 17:42:35', '2017-06-15 15:30:19', '2017-06-19 20:56:08', '5e5ae051-16cc-49d0-95a2-1a668be2c4c8'),
 ('191', '1', '15', 'btnPrevious.png', 'image', '61', '22', '15434', '2017-05-24 17:42:35', '2017-06-15 15:30:19', '2017-06-19 20:56:08', '7c52861b-324b-4f6b-aac5-6dff3845b01a'),
 ('192', '1', '15', 'default_thumbnail.gif', 'image', '50', '33', '227', '2017-05-24 17:42:35', '2017-06-15 15:30:19', '2017-06-19 20:56:08', 'a5e989df-7bf7-4dad-97ed-a5d4ec94809f'),
 ('193', '1', '15', 'loader.gif', 'image', '24', '24', '2545', '2017-05-24 17:42:35', '2017-06-15 15:30:19', '2017-06-19 20:56:08', '74c08bee-c6cf-4f8f-9e3c-4c1ce816579f'),
 ('194', '1', '15', 'sprite.png', 'image', '130', '119', '17960', '2017-05-24 17:42:35', '2017-06-15 15:30:19', '2017-06-19 20:56:08', 'a98662b1-1c6d-4964-a2dc-3c7f136b0d06'),
 ('195', '1', '16', 'btnNext.png', 'image', '61', '22', '1411', '2017-05-24 17:42:35', '2017-06-15 15:30:19', '2017-06-19 20:56:08', '58dd1536-8ccd-4993-9034-1d377e0275fb'),
 ('196', '1', '16', 'btnPrevious.png', 'image', '61', '22', '1442', '2017-05-24 17:42:35', '2017-06-15 15:30:19', '2017-06-19 20:56:08', '68bc4327-ddff-4af4-92c1-3206c7ebe30d'),
 ('197', '1', '16', 'default_thumbnail.gif', 'image', '50', '33', '227', '2017-05-24 17:42:35', '2017-06-15 15:30:19', '2017-06-19 20:56:08', '7c5b00dd-a57f-45cd-ac22-7112df4bd7d9'),
 ('198', '1', '16', 'loader.gif', 'image', '24', '24', '2545', '2017-05-24 17:42:35', '2017-06-15 15:30:19', '2017-06-19 20:56:08', '92d96fc1-d2b4-473e-9f34-b6f4d2e7e075'),
 ('199', '1', '16', 'sprite.png', 'image', '76', '119', '3507', '2017-05-24 17:42:35', '2017-06-15 15:30:19', '2017-06-19 20:56:08', '9fb96ab8-7515-47b6-8cfc-4d66a22a0b14'),
 ('201', '1', '17', 'bathroom1.jpg', 'image', '474', '474', '224226', '2017-05-24 17:42:35', '2017-06-15 15:30:19', '2017-06-19 20:56:08', 'a8395720-ef15-4b51-842e-0326838370a0'),
 ('202', '1', '17', 'blueBathroom.jpg', 'image', '474', '474', '48195', '2017-05-24 17:42:35', '2017-06-15 15:30:19', '2017-06-19 20:56:08', 'ac2228cd-63e6-42ac-aca9-ac872c605dd2'),
 ('203', '1', '17', 'blueChairs.jpg', 'image', '474', '474', '184320', '2017-05-24 17:42:35', '2017-06-15 15:30:19', '2017-06-19 20:56:08', 'be2046d7-994e-4373-9a2b-b1997d805d90'),
 ('204', '1', '17', 'blueRoom.jpg', 'image', '474', '474', '218573', '2017-05-24 17:42:35', '2017-06-15 15:30:19', '2017-06-19 20:56:08', '4bf51e98-0315-406a-a50e-89e796e94de9'),
 ('205', '1', '17', 'bluedining.jpg', 'image', '474', '474', '266883', '2017-05-24 17:42:35', '2017-06-15 15:30:19', '2017-06-19 20:56:08', '77047766-7f1a-4bfb-9ec7-026c3ba91e6f'),
 ('206', '1', '17', 'brownLivingRoom.jpg', 'image', '474', '474', '81887', '2017-05-24 17:42:35', '2017-06-15 15:30:19', '2017-06-19 20:56:08', '342c4ab6-60ee-44f3-8ed0-69843018badd'),
 ('207', '1', '17', 'brownRoom.jpg', 'image', '474', '474', '166453', '2017-05-24 17:42:35', '2017-06-15 15:30:19', '2017-06-19 20:56:08', 'fa8c6bb1-9045-42d1-b6a2-1d0261af6a53'),
 ('208', '1', '17', 'espressoKitchen.jpg', 'image', '474', '474', '154611', '2017-05-24 17:42:35', '2017-06-15 15:30:19', '2017-06-19 20:56:08', '53bd3743-bb17-4458-8907-9c6d1664687f'),
 ('209', '1', '17', 'goldBedroom.jpg', 'image', '474', '474', '64112', '2017-05-24 17:42:35', '2017-06-15 15:30:19', '2017-06-19 20:56:08', '55611b75-5cfc-45d2-a6cd-2cec061db567'),
 ('210', '1', '17', 'goldRoom.jpg', 'image', '474', '474', '198460', '2017-05-24 17:42:35', '2017-06-15 15:30:19', '2017-06-19 20:56:08', 'ff58cd7e-e571-44c4-a69c-b30361ae9fd5'),
 ('211', '1', '17', 'goldandWhite.jpg', 'image', '474', '474', '92598', '2017-05-24 17:42:35', '2017-06-15 15:30:19', '2017-06-19 20:56:08', 'ff2e1800-0da4-448b-858b-0cb6dfce4449'),
 ('212', '1', '17', 'goldkitchen.jpg', 'image', '474', '474', '237244', '2017-05-24 17:42:35', '2017-06-15 15:30:19', '2017-06-19 20:56:08', 'b2ca8cd6-c812-42d8-8e7a-05c1798d106d'),
 ('213', '1', '17', 'greenBathroom.jpg', 'image', '474', '474', '163082', '2017-05-24 17:42:35', '2017-06-15 15:30:19', '2017-06-19 20:56:08', 'fdf8fc89-4754-4eba-a4ab-4069eb596207'),
 ('214', '1', '17', 'kitchen2.jpg', 'image', '474', '474', '205758', '2017-05-24 17:42:35', '2017-06-15 15:30:19', '2017-06-19 20:56:08', 'dbd30ed6-65a5-4ef9-8bc2-6873e0ca4861'),
 ('215', '1', '17', 'offWhiteBedroom.jpg', 'image', '474', '474', '161849', '2017-05-24 17:42:35', '2017-06-15 15:30:19', '2017-06-19 20:56:08', '6fc946dc-154c-47a8-800e-e44e56238b12'),
 ('216', '1', '17', 'orangeRoom.jpg', 'image', '474', '474', '178806', '2017-05-24 17:42:35', '2017-06-15 15:30:19', '2017-06-19 20:56:08', '2d764c95-fd5d-4240-a511-8904ad1632fe'),
 ('217', '1', '17', 'orangeWall.jpg', 'image', '474', '474', '93553', '2017-05-24 17:42:35', '2017-06-15 15:30:20', '2017-06-19 20:56:09', '7109a61c-3084-4d50-be26-eb6dd36efb0c'),
 ('218', '1', '17', 'palmWallpaper.jpg', 'image', '474', '474', '218578', '2017-05-24 17:42:35', '2017-06-15 15:30:20', '2017-06-19 20:56:09', '435114d7-97f1-4e30-b4ba-a0117eb92a74'),
 ('219', '1', '17', 'staircase.jpg', 'image', '474', '474', '223661', '2017-05-24 17:42:36', '2017-06-15 15:30:20', '2017-06-19 20:56:09', '9bb2c110-de73-4964-861d-6cac4641f7c7'),
 ('220', '1', '17', 'staircase_2.jpg', 'image', '474', '474', '191342', '2017-05-24 17:42:36', '2017-06-15 15:30:20', '2017-06-19 20:56:09', '8b848e4c-2bbb-451d-a0f4-28ae17b79ad2'),
 ('221', '1', '17', 'stripeddining_thumb.jpg', 'image', '474', '474', '194289', '2017-06-02 18:50:14', '2017-06-15 15:30:20', '2017-06-19 20:56:09', 'd2979e9c-6866-422a-b84b-5d9b574dc145'),
 ('222', '1', '17', 'table.jpg', 'image', '474', '474', '130283', '2017-05-24 17:42:36', '2017-06-15 15:30:20', '2017-06-19 20:56:09', '5ee9263e-ef74-44a8-b248-753ff81b3c52'),
 ('223', '1', '17', 'whiteKitchen.jpg', 'image', '474', '474', '67859', '2017-05-24 17:42:36', '2017-06-15 15:30:20', '2017-06-19 20:56:09', '7feb7d6e-7c98-4f1e-ad2b-b2796eb7f21f'),
 ('224', '1', '17', 'whiteRoom.jpg', 'image', '474', '474', '197609', '2017-05-24 17:42:36', '2017-06-15 15:30:20', '2017-06-19 20:56:09', '4635bc36-d22d-4b53-ae4d-dab81acb5cc9'),
 ('231', '1', '18', 'BathroomNew1.jpg', 'image', '1190', '1200', '497483', '2017-05-24 17:42:36', '2017-06-15 15:30:20', '2017-06-19 20:56:09', '61efd6c5-6731-40b0-b6ae-000303f56dc2'),
 ('232', '1', '18', 'Big_Flower.jpg', 'image', '825', '1200', '611445', '2017-05-24 17:42:36', '2017-06-15 15:30:20', '2017-06-19 20:56:09', '9d447dd1-4c9a-4831-8be7-5f71b5941816'),
 ('233', '1', '18', 'BirdChair.jpg', 'image', '785', '1200', '300647', '2017-05-24 17:42:36', '2017-06-15 15:30:20', '2017-06-19 20:56:09', 'fe16ad33-18b7-48fb-bb23-0b32d7d6a1b6'),
 ('234', '1', '18', 'Black Kitchen.jpg', 'image', '1200', '791', '637686', '2017-05-24 17:42:36', '2017-06-15 15:30:20', '2017-06-19 20:56:09', '8df0c889-5b20-421f-b054-82bf982f1413'),
 ('235', '1', '18', 'BlackWindows.jpg', 'image', '953', '1200', '371920', '2017-05-24 17:42:36', '2017-06-15 15:30:20', '2017-06-19 20:56:09', 'f3fe8451-92a7-4ebd-88d8-9adec1b985bf'),
 ('236', '1', '18', 'Blue_Bookcase.jpg', 'image', '779', '1200', '1052905', '2017-05-24 17:42:36', '2017-06-15 15:30:20', '2017-06-19 20:56:09', '02d0df28-0041-4930-9529-fd1aed16466e'),
 ('237', '1', '18', 'Blue_Chair.jpg', 'image', '1200', '800', '854484', '2017-05-24 17:42:36', '2017-06-15 15:30:20', '2017-06-19 20:56:09', 'd8768159-5da1-4053-b890-be26fc7d27f6'),
 ('238', '1', '18', 'Blue_Doors.jpg', 'image', '887', '1200', '1105076', '2017-05-24 17:42:36', '2017-06-15 15:30:20', '2017-06-19 20:56:09', 'f3579c20-3701-4131-a67f-f4546efc59b7'),
 ('239', '1', '18', 'Blue_Flowers.jpg', 'image', '942', '1200', '612092', '2017-05-24 17:42:36', '2017-06-15 15:30:21', '2017-06-19 20:56:09', '6df7ba42-f82a-4317-b905-b685a658d92a'),
 ('240', '1', '18', 'Blue_Lamps.jpg', 'image', '838', '1200', '978391', '2017-05-24 17:42:36', '2017-06-15 15:30:21', '2017-06-19 20:56:10', '020934aa-658d-4bce-8858-a14250ece355'),
 ('241', '1', '18', 'Blue_Pink_Bed.jpg', 'image', '1056', '1200', '945621', '2017-05-24 17:42:36', '2017-06-15 15:30:21', '2017-06-19 20:56:10', '3020f52a-1256-40d2-be84-f8fc23a792a2'),
 ('242', '1', '18', 'Blue_Vase.jpg', 'image', '986', '1200', '1661554', '2017-05-24 17:42:36', '2017-06-15 15:30:21', '2017-06-19 20:56:10', '7db6284f-1313-4d4e-88cf-5854f690a024'),
 ('243', '1', '18', 'Blue_Wallpaper.jpg', 'image', '1200', '870', '1219244', '2017-05-24 17:42:36', '2017-06-15 15:30:21', '2017-06-19 20:56:10', '64632189-5e10-4f9c-b3e2-e0b51d7da951'),
 ('244', '1', '18', 'Bluedining.jpg', 'image', '1200', '1125', '594382', '2017-05-24 17:42:36', '2017-06-15 15:30:21', '2017-06-19 20:56:10', '71c0f04d-032a-4b91-a7b1-9a24394ac686'),
 ('245', '1', '18', 'Chandelier.jpg', 'image', '1064', '1200', '1308534', '2017-05-24 17:42:36', '2017-06-15 15:30:21', '2017-06-19 20:56:10', 'b78168e1-55f9-4cbb-9dd7-e20a472bac1a'),
 ('246', '1', '18', 'Clear_Table.jpg', 'image', '1098', '1200', '1240492', '2017-05-24 17:42:36', '2017-06-15 15:30:21', '2017-06-19 20:56:10', '7df87b1e-9a3d-426c-b917-35f8c6892ac7'),
 ('247', '1', '18', 'CopperSink.jpg', 'image', '870', '1200', '283522', '2017-05-24 17:42:36', '2017-06-15 15:30:21', '2017-06-19 20:56:10', '16d8830d-fc8b-4d41-9079-6e63ecc8cbf1'),
 ('248', '1', '18', 'Dali_Lithograph.jpg', 'image', '1142', '1200', '1345511', '2017-05-24 17:42:36', '2017-06-15 15:30:21', '2017-06-19 20:56:10', '01c076cc-a8e7-418b-a210-1b0b3316bffa'),
 ('249', '1', '18', 'Desk.jpg', 'image', '800', '1200', '790639', '2017-05-24 17:42:36', '2017-06-15 15:30:21', '2017-06-19 20:56:10', '85480a43-00f1-47ac-9fe3-174c94b7856e'),
 ('250', '1', '18', 'Flowers_Vase.jpg', 'image', '992', '1200', '1090463', '2017-05-24 17:42:36', '2017-06-15 15:30:21', '2017-06-19 20:56:10', '903cb759-e286-4902-85bf-4b11ec526b24'),
 ('251', '1', '18', 'GoldKitchen.jpg', 'image', '1200', '800', '410103', '2017-05-24 17:42:36', '2017-06-15 15:30:21', '2017-06-19 20:56:10', 'ae410a8f-82da-4cc0-9d24-72feea8038e7'),
 ('252', '1', '18', 'Gold_Room.jpg', 'image', '838', '1200', '940190', '2017-05-24 17:42:36', '2017-06-15 15:30:21', '2017-06-19 20:56:10', 'df6d571e-d6dc-4cb0-8b5d-c388dec4c21e'),
 ('253', '1', '18', 'GreenPlant.jpg', 'image', '893', '1200', '410308', '2017-05-24 17:42:36', '2017-06-15 15:30:21', '2017-06-19 20:56:10', 'def125e1-e734-4a30-9629-0840c22a815f');
INSERT INTO `craft_assetfiles` (`id`, `sourceId`, `folderId`, `filename`, `kind`, `width`, `height`, `size`, `dateModified`, `dateCreated`, `dateUpdated`, `uid`) VALUES
 ('254', '1', '18', 'Green_Bathroom.jpg', 'image', '899', '1200', '882146', '2017-05-24 17:42:36', '2017-06-15 15:30:22', '2017-06-19 20:56:10', 'bd1a7aec-fad9-4e36-9809-68c2dc7110f0'),
 ('255', '1', '18', 'Green_Ceiling.jpg', 'image', '1031', '1200', '530996', '2017-05-24 17:42:36', '2017-06-15 15:30:22', '2017-06-19 20:56:10', '0958eca3-acbb-4fc0-8a69-00634dd00fef'),
 ('256', '1', '18', 'Green_Room.jpg', 'image', '1048', '1200', '1273308', '2017-05-24 17:42:36', '2017-06-15 15:30:22', '2017-06-19 20:56:11', '75eb5992-63fa-4a54-af21-9aa28f348632'),
 ('257', '1', '18', 'Mirror.jpg', 'image', '991', '1200', '1378867', '2017-05-24 17:42:36', '2017-06-15 15:30:22', '2017-06-19 20:56:11', '6ee2d03f-6909-4209-9840-76df0040008e'),
 ('258', '1', '18', 'Orange_Room.jpg', 'image', '1061', '1200', '1003080', '2017-05-24 17:42:36', '2017-06-15 15:30:22', '2017-06-19 20:56:11', '0068644c-8888-49f7-b73f-5b7775f4c7a0'),
 ('259', '1', '18', 'Peacock.jpg', 'image', '900', '1200', '820088', '2017-05-24 17:42:36', '2017-06-15 15:30:22', '2017-06-19 20:56:11', 'd20ce112-bedd-4f51-b9eb-5ffc3fcd5f10'),
 ('260', '1', '18', 'Purple_Table.jpg', 'image', '1200', '779', '878593', '2017-05-24 17:42:37', '2017-06-15 15:30:22', '2017-06-19 20:56:11', 'd9bc4690-3d58-4518-9093-584722ea0ed3'),
 ('261', '1', '18', 'Sculpture.jpg', 'image', '626', '1200', '541736', '2017-05-24 17:42:37', '2017-06-15 15:30:22', '2017-06-19 20:56:11', 'afae91b9-aae8-4013-b5a8-3627fdbbde19'),
 ('262', '1', '18', 'Shell.jpg', 'image', '852', '1200', '622360', '2017-05-24 17:42:37', '2017-06-15 15:30:22', '2017-06-19 20:56:11', '7288c146-a659-4178-ac6f-5cd179a2b9eb'),
 ('263', '1', '18', 'Spiral_Floor.jpg', 'image', '1200', '809', '709417', '2017-05-24 17:42:37', '2017-06-15 15:30:22', '2017-06-19 20:56:11', '42961e23-e866-49b8-a5b6-9862e3ee30b3'),
 ('264', '1', '18', 'Staircase.jpg', 'image', '930', '1200', '946516', '2017-05-24 17:42:37', '2017-06-15 15:30:22', '2017-06-19 20:56:11', '4ead271a-9415-4416-b1b1-a7bb5208ce44'),
 ('265', '1', '18', 'TableShot.jpg', 'image', '1200', '860', '685371', '2017-05-24 17:42:37', '2017-06-15 15:30:22', '2017-06-19 20:56:11', '6537414f-4905-4d52-9770-3806ad9d0913'),
 ('266', '1', '18', 'Tapestries.jpg', 'image', '876', '1200', '1057936', '2017-05-24 17:42:37', '2017-06-15 15:30:22', '2017-06-19 20:56:11', '0ab0d727-676b-4313-8fb8-ad25332a3595'),
 ('267', '1', '18', 'Wallpaper.jpg', 'image', '1200', '1121', '1260128', '2017-05-24 17:42:37', '2017-06-15 15:30:22', '2017-06-19 20:56:11', '18df675c-b68f-43c4-8927-f1119dc65306'),
 ('268', '1', '18', 'White_Bathroom.jpg', 'image', '1200', '868', '573467', '2017-05-24 17:42:37', '2017-06-15 15:30:22', '2017-06-19 20:56:11', 'f2f636a5-01bd-4339-b7d8-b8354ea165db'),
 ('269', '1', '18', 'White_Bedroom.jpg', 'image', '1200', '783', '682737', '2017-05-24 17:42:37', '2017-06-15 15:30:23', '2017-06-19 20:56:11', '9d3d9446-1b37-474b-a475-3024342d6042'),
 ('270', '1', '18', 'White_Bookcase.jpg', 'image', '899', '1200', '578071', '2017-05-24 17:42:37', '2017-06-15 15:30:23', '2017-06-19 20:56:11', 'c982eccf-67f6-46bd-83f3-5cb1bed83263'),
 ('271', '1', '18', 'White_Kitchen.jpg', 'image', '1200', '713', '639051', '2017-05-24 17:42:37', '2017-06-15 15:30:23', '2017-06-19 20:56:11', '69f65494-f8cb-4747-82cf-97fc43974049'),
 ('272', '1', '18', 'White_Staircase.jpg', 'image', '988', '1200', '1100182', '2017-05-24 17:42:37', '2017-06-15 15:30:23', '2017-06-19 20:56:11', '3edfffbe-6562-4e9a-942a-070be863c4f8'),
 ('273', '1', '18', 'Wood_Chair.jpg', 'image', '740', '1200', '931654', '2017-05-24 17:42:37', '2017-06-15 15:30:23', '2017-06-19 20:56:11', 'f7a5a46b-bb92-4734-a43f-9431640eb038'),
 ('274', '1', '18', 'beautifulchair_full.jpg', 'image', '721', '1200', '434390', '2017-06-02 18:49:49', '2017-06-15 15:30:23', '2017-06-19 20:56:12', 'aeaa3326-9668-4fdf-93f2-1cc8d910cc63'),
 ('275', '1', '18', 'flower_stairs.jpg', 'image', '900', '1200', '799841', '2017-05-24 17:42:36', '2017-06-15 15:30:23', '2017-06-19 20:56:12', '9b051bc7-a864-4f64-a64c-998ea2b574e1'),
 ('276', '1', '18', 'fringechair_full.jpg', 'image', '754', '1200', '385404', '2017-06-02 18:49:49', '2017-06-15 15:30:23', '2017-06-19 20:56:12', 'a1a3ffca-5653-4c6d-8b26-1ff6d1b12854'),
 ('277', '1', '18', 'kitchen1.jpg', 'image', '965', '1200', '392587', '2017-05-24 17:42:36', '2017-06-15 15:30:23', '2017-06-19 20:56:12', '506b67b6-1a51-4b38-b11a-a6380b246463'),
 ('278', '1', '18', 'stripeddiningroom_fullsize.jpg', 'image', '1200', '800', '602096', '2017-06-02 18:50:14', '2017-06-15 15:30:23', '2017-06-19 20:56:12', '4d428253-5636-45d5-90bc-5ffeb59d2f19'),
 ('279', '1', '18', 'tablesetting_full.jpg', 'image', '1200', '800', '645330', '2017-06-02 18:49:49', '2017-06-15 15:30:23', '2017-06-19 20:56:12', '89699ddf-2f9b-429b-8a24-961fddb52af6'),
 ('280', '1', '18', 'teardropslarge.jpg', 'image', '800', '1200', '431109', '2017-05-24 17:42:37', '2017-06-15 15:30:23', '2017-06-19 20:56:12', 'ebb3a9ea-5400-4f90-a670-e3f1c5fbb448'),
 ('434', '5', '26', 'bluechair.png', 'image', '898', '448', '761744', '2017-06-27 16:05:59', '2017-06-27 16:05:59', '2017-06-27 16:05:59', 'a293dc47-9902-4f97-a865-6007ed5ed8d0'),
 ('435', '5', '26', 'GoldStar.png', 'image', '33', '33', '2043', '2017-06-27 16:06:00', '2017-06-27 16:06:00', '2017-06-27 16:06:00', '76a63e41-e188-4c5f-ad61-6acee3c0bf08'),
 ('436', '5', '26', 'GoldStar.svg', 'image', '33', '33', '11397', '2017-06-27 16:06:01', '2017-06-27 16:06:01', '2017-06-27 16:06:01', '43c49509-acb4-487b-9809-cca2084243cd'),
 ('437', '5', '26', 'GoldStar@2x.png', 'image', '66', '66', '5330', '2017-06-27 16:06:01', '2017-06-27 16:06:01', '2017-06-27 16:06:01', 'd6597267-d2c3-4e5f-9d42-f5cd7b9261fc'),
 ('438', '5', '26', 'GoldStar@3x.png', 'image', '99', '99', '9374', '2017-06-27 16:06:02', '2017-06-27 16:06:02', '2017-06-27 16:06:02', '78cf9724-66d1-4717-9043-4ec4b2ef5268'),
 ('439', '5', '26', 'peacock.png', 'image', '899', '449', '708288', '2017-06-27 16:06:10', '2017-06-27 16:06:10', '2017-06-27 16:06:10', '3383dedc-1a4f-4d47-8faa-c2c2123783e2'),
 ('440', '5', '26', 'plant.png', 'image', '346', '475', '345312', '2017-06-27 16:06:14', '2017-06-27 16:06:14', '2017-06-27 16:06:14', '48eaac24-b467-463b-aa50-07d056beab81'),
 ('441', '5', '26', 'ShelleysLogoLarge.png', 'image', '265', '116', '26845', '2017-06-27 16:06:15', '2017-06-27 16:06:15', '2017-06-27 16:06:15', 'f0e506b3-29dd-4a53-b173-7dead34141e0'),
 ('442', '5', '26', 'ShelleysLogoLarge.svg', 'image', '265', '116', '243708', '2017-06-27 16:06:17', '2017-06-27 16:06:17', '2017-06-27 16:06:17', '0786e387-3a08-4d6b-90bd-515b165828d3'),
 ('443', '5', '26', 'ShelleysLogoLarge@2x.png', 'image', '530', '232', '72537', '2017-06-27 16:06:18', '2017-06-27 16:06:18', '2017-06-27 16:06:18', '0fc46f0f-1c4e-46e8-8257-3e8f8b709dbd'),
 ('444', '5', '26', 'ShelleysLogoLarge@3x.png', 'image', '795', '348', '122245', '2017-06-27 16:06:20', '2017-06-27 16:06:20', '2017-06-27 16:06:20', 'a87d86c8-eba4-443d-be05-194a0623e77c'),
 ('445', '5', '26', 'ShelleyWhiteLogoHomepage.png', 'image', '177', '78', '13030', '2017-06-27 16:06:20', '2017-06-27 16:06:20', '2017-06-27 16:06:20', 'ff8530ab-ef3d-4c4d-90e2-2ff608460370'),
 ('446', '5', '26', 'ShelleyWhiteLogoHomepage.svg', 'image', '177', '78', '184513', '2017-06-27 16:06:22', '2017-06-27 16:06:22', '2017-06-27 16:06:22', '671cfca9-05db-4cc4-9690-2119935a1834'),
 ('447', '5', '26', 'ShelleyWhiteLogoHomepage@2x.png', 'image', '354', '156', '35564', '2017-06-27 16:06:22', '2017-06-27 16:06:22', '2017-06-27 16:06:22', '8c1f8ee6-5e5e-4ec2-8779-5d10ab52dc3b'),
 ('448', '5', '26', 'ShelleyWhiteLogoHomepage@3x.png', 'image', '531', '234', '60879', '2017-06-27 16:06:23', '2017-06-27 16:06:23', '2017-06-27 16:06:23', '21adae07-9efa-47ca-a749-9fe27bc9cb24'),
 ('449', '5', '26', 'SideBarLogo.png', 'image', '125', '55', '9707', '2017-06-27 16:06:23', '2017-06-27 16:06:23', '2017-06-27 16:06:23', '1e365884-18d7-4154-8738-3046d123e255'),
 ('450', '5', '26', 'SideBarLogo.svg', 'image', '125', '55', '243535', '2017-06-27 16:06:26', '2017-06-27 16:06:26', '2017-06-27 16:06:26', 'f292153a-a591-4584-aa3f-5e8fa7f0ce39'),
 ('451', '5', '26', 'SideBarLogo@2x.png', 'image', '250', '110', '24655', '2017-06-27 16:06:26', '2017-06-27 16:06:26', '2017-06-27 16:06:26', 'dc71289a-f69a-4fb5-b7a0-5b4078ea819b'),
 ('452', '5', '26', 'SideBarLogo@3x.png', 'image', '375', '165', '42089', '2017-06-27 16:06:27', '2017-06-27 16:06:27', '2017-06-27 16:06:27', '7fb6d796-8a12-4b03-b3cf-923315818ba8'),
 ('453', '5', '26', 'Table.png', 'image', '897', '415', '870669', '2017-06-27 16:06:36', '2017-06-27 16:06:36', '2017-06-27 16:06:36', 'ebfc8a03-ebca-4086-b63f-3834d9b20a71'),
 ('454', '3', '24', 'goldlist.jpg', 'image', '1000', '300', '220851', '2017-06-27 16:09:43', '2017-06-27 16:08:14', '2017-06-27 16:10:02', 'fbb6804c-f0d1-427d-8adf-eb5b0a6e6ac6'),
 ('455', '3', '24', 'newbanner.jpg', 'image', '1000', '396', '350897', '2017-06-27 16:09:50', '2017-06-27 16:08:33', '2017-06-27 16:10:03', '18f66fc4-9b20-47da-8b13-39214f81a858'),
 ('456', '3', '24', 'magazineCover.jpg', 'image', '1000', '521', '410511', '2017-06-27 16:09:46', '2017-06-27 16:08:50', '2017-06-27 16:10:02', '1953ce4d-48e8-4a5d-a08b-b3d0e18c0751'),
 ('457', '3', '24', 'forestbluff2017.jpg', 'image', '1000', '300', '259611', '2017-06-27 16:09:32', '2017-06-27 16:08:55', '2017-06-27 16:10:02', '0d960c6a-d0fc-4b95-9317-4c0a4f6ce1e9'),
 ('458', '3', '24', 'forest-bluff-risko.jpg', 'image', '1000', '396', '403330', '2017-06-27 16:09:36', '2017-06-27 16:08:56', '2017-06-27 16:10:02', '74e99a3e-28db-487e-8cc1-d64491df61b0'),
 ('459', '3', '24', 'foyer.jpg', 'image', '1000', '521', '116227', '2017-06-27 16:09:37', '2017-06-27 16:08:56', '2017-06-27 16:10:02', '3982b679-2432-4111-93b4-2f1c965af3dd'),
 ('460', '3', '24', 'glampad.jpg', 'image', '1000', '300', '289582', '2017-06-27 16:09:40', '2017-06-27 16:08:57', '2017-06-27 16:10:02', '64166367-8525-4cc2-bcd8-5ef2d1d1f2da'),
 ('464', '3', '24', 'SJ-march2016.jpg', 'image', '1000', '300', '312747', '2017-06-27 16:09:54', '2017-06-27 16:08:58', '2017-06-27 16:10:03', '3e89c1a5-4665-41ae-8486-845ac16a1ec8'),
 ('466', '3', '24', 'traditionalhomesHouse.jpg', 'image', '1000', '521', '131053', '2017-06-27 16:09:56', '2017-06-27 16:08:58', '2017-06-27 16:10:03', '42a80a3b-1c23-4abd-9e4d-ec84c942791c'),
 ('467', '3', '24', 'vita-life-blog.jpg', 'image', '1000', '300', '216946', '2017-06-27 16:09:59', '2017-06-27 16:08:59', '2017-06-27 16:10:03', '97d059a8-dbaa-4cfd-a891-7faf928bb6a3'),
 ('468', '3', '24', 'stairs.jpg', 'image', '1000', '521', '105943', '2017-06-27 16:09:55', '2017-06-27 16:09:08', '2017-06-27 16:10:03', '56c9d81c-1097-4ac3-9f2c-66967efc40ec'),
 ('469', '3', '24', 'design-chic.jpg', 'image', '1000', '300', '184797', '2017-06-27 16:09:30', '2017-06-27 16:09:30', '2017-06-27 16:09:30', '8a9e5b59-3d38-4324-9b53-866977f36dc8'),
 ('477', '3', '24', 'shelleytraditionalcover.jpg', 'image', '500', '677', '111704', '2017-06-27 16:09:51', '2017-06-27 16:09:51', '2017-06-27 16:09:51', '0784e998-9eaf-4497-8cf5-774ea627dfe1'),
 ('482', '4', '25', 'clockTower.jpg', 'image', '474', '474', '178963', '2017-06-27 16:10:44', '2017-06-27 16:10:44', '2017-06-27 16:10:44', 'd78d7ad1-cea7-4350-8640-a872ac3bcb68'),
 ('483', '4', '25', 'dining-pink.jpg', 'image', '474', '474', '286956', '2017-06-27 16:10:45', '2017-06-27 16:10:45', '2017-06-27 16:10:45', '020de4a5-f4eb-4a3c-ba2b-0e95ad1298ac'),
 ('484', '4', '25', 'oranges.jpg', 'image', '474', '474', '174175', '2017-06-27 16:10:45', '2017-06-27 16:10:45', '2017-06-27 16:10:45', '98e39f76-485f-4c3c-abae-bac3090a176c'),
 ('485', '4', '25', 'poolOutside.jpg', 'image', '474', '474', '306229', '2017-06-27 16:10:45', '2017-06-27 16:10:45', '2017-06-27 16:10:45', 'f7cba00a-ffcf-48b5-9987-c3dd6db56328'),
 ('486', '4', '25', 'poolpinkbenches.jpg', 'image', '474', '474', '297158', '2017-06-27 16:10:45', '2017-06-27 16:10:45', '2017-06-27 16:10:45', '81ea894a-06c9-47ad-a4bc-54d7b8ef40ae'),
 ('487', '4', '25', 'poolView.jpg', 'image', '474', '474', '235223', '2017-06-27 16:10:45', '2017-06-27 16:10:45', '2017-06-27 16:10:45', '7b59fcf1-7d6e-4d5a-88d9-052d1a0e66d6'),
 ('488', '4', '25', 'setTable.jpg', 'image', '474', '474', '226342', '2017-06-27 16:10:45', '2017-06-27 16:10:46', '2017-06-27 16:10:46', '7df41770-6ff9-4787-a0fa-a26a6635b38d'),
 ('489', '4', '25', 'shelleyDress.jpg', 'image', '474', '474', '215093', '2017-06-27 16:10:46', '2017-06-27 16:10:46', '2017-06-27 16:10:46', '1cacade5-eef8-413d-8a8f-4c14588f98c9'),
 ('490', '4', '25', 'shelleyFlowers.jpg', 'image', '474', '474', '359363', '2017-06-27 16:10:46', '2017-06-27 16:10:46', '2017-06-27 16:10:46', 'd2052c7d-5494-4e89-b82c-cc9ca59be175'),
 ('491', '6', '27', 'birdchair.jpg', 'image', '474', '474', '101029', '2017-06-27 16:11:27', '2017-06-27 16:11:27', '2017-06-27 16:11:27', '6fbc9a3f-7d5d-4f42-8afb-0eaf545639ee'),
 ('492', '6', '27', 'blackwindows.jpg', 'image', '474', '474', '119214', '2017-06-27 16:11:27', '2017-06-27 16:11:27', '2017-06-27 16:11:27', '2f871735-33db-4ede-a2d6-bd53039547e1'),
 ('493', '6', '27', 'blueCorner.jpg', 'image', '474', '474', '176128', '2017-06-27 16:11:27', '2017-06-27 16:11:27', '2017-06-27 16:11:27', 'e2a5b4c4-d4e8-4eb8-ad30-9347ded3981b'),
 ('494', '6', '27', 'blueLamp.jpg', 'image', '474', '474', '295327', '2017-06-27 16:11:28', '2017-06-27 16:11:28', '2017-06-27 16:11:28', '7383e8a2-f89c-46c7-b7a1-76eecd540107'),
 ('495', '6', '27', 'chairFlower.jpg', 'image', '474', '474', '81853', '2017-06-27 16:11:28', '2017-06-27 16:11:28', '2017-06-27 16:11:28', '4baf40b6-d8cd-4344-98c0-fff8e409fa38'),
 ('496', '6', '27', 'coppersink.jpg', 'image', '474', '474', '103294', '2017-06-27 16:11:28', '2017-06-27 16:11:28', '2017-06-27 16:11:28', '8d8053c6-9ba9-4917-9da1-947ed759dc90'),
 ('497', '6', '27', 'doorway.jpg', 'image', '474', '474', '134318', '2017-06-27 16:11:28', '2017-06-27 16:11:28', '2017-06-27 16:11:28', '029e8947-0bbf-45b4-8a82-5506d13b7381'),
 ('498', '6', '27', 'flowerBird.jpg', 'image', '474', '474', '174200', '2017-06-27 16:11:28', '2017-06-27 16:11:28', '2017-06-27 16:11:28', 'f478a2e3-acc4-4d9d-8a3d-320d20e19bdb'),
 ('499', '6', '27', 'flowerLamp.jpg', 'image', '474', '474', '140364', '2017-06-27 16:11:28', '2017-06-27 16:11:28', '2017-06-27 16:11:28', '93e424d2-db54-45ef-a0ab-25c011c14092'),
 ('500', '6', '27', 'greenCeiling.jpg', 'image', '474', '474', '179518', '2017-06-27 16:11:28', '2017-06-27 16:11:28', '2017-06-27 16:11:28', '9dbc3bb6-a240-4b25-98ad-6babc2f1700d'),
 ('501', '6', '27', 'loftRailing.jpg', 'image', '474', '474', '237068', '2017-06-27 16:11:29', '2017-06-27 16:11:29', '2017-06-27 16:11:29', '6e8348c5-4680-43b5-82c9-b58df2cb2c53'),
 ('502', '6', '27', 'patioPost.jpg', 'image', '474', '474', '226127', '2017-06-27 16:11:29', '2017-06-27 16:11:29', '2017-06-27 16:11:29', '6daeab06-3853-4d8c-a07f-4cd17c0ad728'),
 ('503', '6', '27', 'pinkBookcase.jpg', 'image', '474', '474', '136191', '2017-06-27 16:11:29', '2017-06-27 16:11:29', '2017-06-27 16:11:29', '8e7fb911-eb54-424f-9132-ecb8d220be56'),
 ('504', '6', '27', 'plant1.jpg', 'image', '474', '474', '146267', '2017-06-27 16:11:29', '2017-06-27 16:11:29', '2017-06-27 16:11:29', '18121726-b4eb-4333-8881-ebe08b140dff'),
 ('512', '6', '27', 'sideTable.jpg', 'image', '474', '474', '65034', '2017-06-27 16:11:29', '2017-06-27 16:11:32', '2017-06-27 16:11:32', 'a6f747f8-db25-4328-bb28-3c0c9ca37f34'),
 ('513', '6', '27', 'stairflowers.jpg', 'image', '474', '474', '211245', '2017-06-27 16:11:29', '2017-06-27 16:11:32', '2017-06-27 16:11:32', '03d710d5-265a-4e71-9222-60930741fa0a'),
 ('514', '6', '27', 'stairs.jpg', 'image', '474', '474', '117858', '2017-06-27 16:11:29', '2017-06-27 16:11:32', '2017-06-27 16:11:32', 'ff62003d-be96-4f96-ba82-2c654635a084'),
 ('515', '6', '27', 'tableshot.jpg', 'image', '474', '474', '225025', '2017-06-27 16:11:30', '2017-06-27 16:11:33', '2017-06-27 16:11:33', '7ec6a79b-fa1d-4df0-ab09-d03afc0174bd'),
 ('516', '6', '27', 'teardrops.jpg', 'image', '474', '474', '282858', '2017-06-27 16:11:30', '2017-06-27 16:11:33', '2017-06-27 16:11:33', '2e905462-5db7-442a-98dd-148053989a1b'),
 ('517', '6', '27', 'whiteTopiary.jpg', 'image', '474', '474', '65177', '2017-06-27 16:11:30', '2017-06-27 16:11:33', '2017-06-27 16:11:33', '12ec306e-2bd3-49d0-8bf4-718eec3e1933'),
 ('518', '6', '27', 'woodChair.jpg', 'image', '474', '474', '87643', '2017-06-27 16:11:30', '2017-06-27 16:11:33', '2017-06-27 16:11:33', '5ed6fc7b-0d9c-42de-bf22-5a795ec031d2'),
 ('519', '7', '28', 'press_01.jpg', 'image', '474', '474', '235558', '2017-06-27 16:12:06', '2017-06-27 16:12:06', '2017-06-27 16:12:06', '074f03e0-9ab2-48fd-af1b-5781f3efd879'),
 ('520', '7', '28', 'press_02.jpg', 'image', '474', '474', '289584', '2017-06-27 16:12:07', '2017-06-27 16:12:07', '2017-06-27 16:12:07', 'd6c1d2e5-5893-4cdd-bc37-2f59022e7076'),
 ('521', '7', '28', 'press_03.jpg', 'image', '474', '474', '286144', '2017-06-27 16:12:07', '2017-06-27 16:12:07', '2017-06-27 16:12:07', 'ede18944-f894-4e14-a9ad-3a8e2dc509b5'),
 ('522', '7', '28', 'press_04.jpg', 'image', '474', '474', '289589', '2017-06-27 16:12:07', '2017-06-27 16:12:07', '2017-06-27 16:12:07', '401f91f9-45ae-4324-a670-c8e6390d6f27'),
 ('523', '7', '28', 'press_05.jpg', 'image', '474', '474', '275051', '2017-06-27 16:12:07', '2017-06-27 16:12:07', '2017-06-27 16:12:07', '83be46ea-646d-458a-a9e9-8a892136f594'),
 ('524', '7', '28', 'press_06.jpg', 'image', '474', '474', '291991', '2017-06-27 16:12:08', '2017-06-27 16:12:08', '2017-06-27 16:12:08', 'b491b995-7e06-4a44-b04c-e6bf88f67882'),
 ('525', '7', '28', 'press_07.jpg', 'image', '474', '474', '228039', '2017-06-27 16:12:08', '2017-06-27 16:12:08', '2017-06-27 16:12:08', '9265a4a7-1a7f-4508-8017-2e325b6b4af3'),
 ('526', '7', '28', 'press_08.jpg', 'image', '474', '474', '253877', '2017-06-27 16:12:08', '2017-06-27 16:12:08', '2017-06-27 16:12:08', '3300e3f8-04bd-400e-b8ac-369fe867bdf7'),
 ('527', '7', '28', 'press_09.jpg', 'image', '474', '474', '270944', '2017-06-27 16:12:08', '2017-06-27 16:12:08', '2017-06-27 16:12:08', '4f9daa38-79b4-4760-84d5-e813fdeb4123'),
 ('528', '7', '28', 'press_10.jpg', 'image', '474', '474', '74826', '2017-06-27 16:12:08', '2017-06-27 16:12:08', '2017-06-27 16:12:08', 'c280e544-a32e-49d6-96ee-15b28d3f4afb');
INSERT INTO `craft_assetfiles` (`id`, `sourceId`, `folderId`, `filename`, `kind`, `width`, `height`, `size`, `dateModified`, `dateCreated`, `dateUpdated`, `uid`) VALUES
 ('529', '7', '28', 'press_11.jpg', 'image', '474', '474', '66971', '2017-06-27 16:12:08', '2017-06-27 16:12:08', '2017-06-27 16:12:08', '13a4752e-f7e9-4268-8475-9512c7d6169e'),
 ('530', '7', '28', 'press_12.jpg', 'image', '474', '474', '112109', '2017-06-27 16:12:08', '2017-06-27 16:12:08', '2017-06-27 16:12:08', '12f95d59-3264-4ead-95db-0278fe04e257'),
 ('531', '7', '28', 'press_13.jpg', 'image', '474', '474', '63636', '2017-06-27 16:12:09', '2017-06-27 16:12:09', '2017-06-27 16:12:09', 'bd1d39ca-a088-4614-b26f-42435a85d87a'),
 ('532', '7', '28', 'press_14.jpg', 'image', '474', '474', '242738', '2017-06-27 16:12:09', '2017-06-27 16:12:09', '2017-06-27 16:12:09', 'ffde80a8-640f-40db-80f5-41ec6b20bd5c'),
 ('533', '7', '28', 'press_15.jpg', 'image', '474', '474', '280823', '2017-06-27 16:12:12', '2017-06-27 16:12:12', '2017-06-27 16:12:12', '4dfd408d-2a79-4bde-b945-6d997e18c6e5'),
 ('534', '7', '28', 'press_16.jpg', 'image', '474', '474', '277461', '2017-06-27 16:12:12', '2017-06-27 16:12:12', '2017-06-27 16:12:12', '3ede1199-0e67-47b0-a511-92dd2fd19236'),
 ('535', '7', '28', 'press_17.jpg', 'image', '474', '474', '311121', '2017-06-27 16:12:12', '2017-06-27 16:12:12', '2017-06-27 16:12:12', 'f22e5ed4-0dab-4727-8289-e15acc3dfc85'),
 ('536', '7', '28', 'press_18.jpg', 'image', '474', '474', '214088', '2017-06-27 16:12:13', '2017-06-27 16:12:13', '2017-06-27 16:12:13', 'f53c2b32-8e88-41af-90cf-50e5f8603e93'),
 ('568', '1', '1', 'about_karen.jpg', 'image', '448', '464', '43137', '2017-06-27 16:13:38', '2017-06-27 16:13:59', '2017-06-27 16:13:59', '0e198a11-69a7-4b3b-86f7-8af852bd1495'),
 ('569', '1', '1', 'about_shelley.jpg', 'image', '448', '464', '57487', '2017-06-27 16:13:39', '2017-06-27 16:13:59', '2017-06-27 16:13:59', '78edbc90-167d-42ca-a23f-135f4bc9de01'),
 ('570', '1', '1', 'aboutTile.jpg', 'image', '474', '474', '173052', '2017-06-27 16:13:40', '2017-06-27 16:13:59', '2017-06-27 16:13:59', '966b0791-b1be-44e5-b356-5970734d58f9'),
 ('572', '1', '1', 'colorTile.jpg', 'image', '474', '474', '193638', '2017-06-27 16:13:41', '2017-06-27 16:14:00', '2017-06-27 16:14:00', '7a5db737-7cf0-484f-881e-1a5d3cac852d'),
 ('573', '1', '1', 'detailsTile.jpg', 'image', '448', '313', '160091', '2017-06-27 16:13:41', '2017-06-27 16:14:00', '2017-06-27 16:14:00', '484c6ed5-5b1d-4c65-8c11-11b021569de0'),
 ('574', '1', '1', 'flowersCar.jpg', 'image', '474', '474', '197359', '2017-06-27 16:13:43', '2017-06-27 16:14:00', '2017-06-27 16:14:00', 'd1e1dca6-9074-45c5-8b7b-ecfa2f82e3df'),
 ('575', '1', '1', 'forestbluffNOW.jpg', 'image', '474', '474', '216861', '2017-06-27 16:13:44', '2017-06-27 16:14:00', '2017-06-27 16:14:00', '812b1e80-abc6-47fd-b593-5190cec16931'),
 ('576', '1', '1', 'inpsirationTile.jpg', 'image', '474', '474', '209375', '2017-06-27 16:13:45', '2017-06-27 16:14:00', '2017-06-27 16:14:00', 'dcb597fa-c10f-4f9b-a53e-5e75e845a0f6'),
 ('577', '1', '1', 'inspiration.jpg', 'image', '448', '313', '174281', '2017-06-27 16:13:45', '2017-06-27 16:14:00', '2017-06-27 16:14:00', '9add5b44-d1ff-4a0f-91d5-1a49aa146f25'),
 ('579', '1', '1', 'lifestyleTile.jpg', 'image', '474', '474', '306229', '2017-06-27 16:13:46', '2017-06-27 16:14:00', '2017-06-27 16:14:00', '142a4921-2485-4f6b-bc38-6158dc6d42f1'),
 ('581', '1', '1', 'luxebanner.png', 'image', '1000', '300', '650170', '2017-06-27 16:13:48', '2017-06-27 16:14:00', '2017-06-27 16:14:01', 'b1bb068f-64d2-4ae8-a4fe-77098c5278ed'),
 ('584', '1', '1', 'now.jpg', 'image', '448', '528', '169227', '2017-06-27 16:13:48', '2017-06-27 16:14:01', '2017-06-27 16:14:01', '3cce754c-1c9e-4783-af24-077d4f660309'),
 ('585', '1', '1', 'nowTile.jpg', 'image', '474', '474', '65167', '2017-06-27 16:13:48', '2017-06-27 16:14:01', '2017-06-27 16:14:01', '06978254-7869-486a-be7a-91a521990d42'),
 ('586', '1', '1', 'nowTile.png', 'image', '474', '474', '390897', '2017-06-27 16:13:50', '2017-06-27 16:14:01', '2017-06-27 16:14:01', '8ac0bf04-8ff3-446c-97c7-f9263740bc74'),
 ('587', '1', '1', 'nowTile_alternate.jpg', 'image', '474', '474', '167410', '2017-06-27 16:13:50', '2017-06-27 16:14:01', '2017-06-27 16:14:01', '2a728e6b-914d-45ab-8c9f-6de7c724b083'),
 ('589', '1', '1', 'pressTile.jpg', 'image', '474', '474', '311907', '2017-06-27 16:13:51', '2017-06-27 16:14:01', '2017-06-27 16:14:01', 'd35fbc92-54ac-42fe-a2ac-4f12b2466a0a'),
 ('591', '1', '1', 'roomsTile.jpg', 'image', '474', '474', '223659', '2017-06-27 16:13:52', '2017-06-27 16:14:02', '2017-06-27 16:14:02', 'f7c88dc4-e7b4-4d12-bf72-7f995dfc5dfd'),
 ('592', '1', '1', 'shelleyJohnstone_mugshot.png', 'image', '340', '340', '97482', '2017-06-27 16:13:52', '2017-06-27 16:14:02', '2017-06-27 16:14:02', 'e3e705df-46d8-436f-9437-411f455af38b'),
 ('594', '1', '1', 'shellkare_group.jpg', 'image', '448', '528', '185858', '2017-06-27 16:13:53', '2017-06-27 16:14:02', '2017-06-27 16:14:02', '546329c9-64ec-41cf-8800-7d2cb335750d'),
 ('596', '1', '1', 'shellkareTile.jpg', 'image', '474', '474', '75653', '2017-06-27 16:13:53', '2017-06-27 16:14:02', '2017-06-27 16:14:02', 'b782e47f-7580-415e-815d-92755afdb879'),
 ('597', '1', '1', 'traditionalhomebanner.png', 'image', '1000', '300', '711633', '2017-06-27 16:13:56', '2017-06-27 16:14:02', '2017-06-27 16:14:02', '23915275-e0c0-4b53-8d56-9479414c3d95'),
 ('598', '1', '1', 'traditionalhomeblue2017.jpg', 'image', '1000', '300', '268574', '2017-06-27 16:13:56', '2017-06-27 16:14:02', '2017-06-27 16:14:02', 'ad660dac-7d6a-44ad-87ca-fc92586151fd'),
 ('601', '6', '27', 'beautifulchair_full.jpg', 'image', '721', '1200', '434215', '2017-06-27 16:15:59', '2017-06-27 16:15:51', '2017-06-27 16:16:04', '7ab3185c-c314-4609-86af-e9e037198e8d'),
 ('603', '6', '27', 'beautifulchair_thumb.jpg', 'image', '474', '474', '165551', '2017-06-27 16:15:59', '2017-06-27 16:15:59', '2017-06-27 16:15:59', 'd17906fb-7fe5-4381-a61e-5d77d0c029eb'),
 ('604', '6', '27', 'fringechair_full.jpg', 'image', '754', '1200', '385229', '2017-06-27 16:16:00', '2017-06-27 16:16:00', '2017-06-27 16:16:00', 'ef241aeb-07d2-422f-856b-822979db2616'),
 ('605', '6', '27', 'fringechair_thumb.jpg', 'image', '474', '474', '137313', '2017-06-27 16:16:00', '2017-06-27 16:16:00', '2017-06-27 16:16:00', '4e7d9f6f-7e5c-4357-8f98-a6f245f9f3f9'),
 ('606', '6', '27', 'tablesetting_full.jpg', 'image', '1200', '800', '645155', '2017-06-27 16:16:00', '2017-06-27 16:16:00', '2017-06-27 16:16:00', 'e3f08e8f-17c8-4186-be37-eea07a85a950'),
 ('607', '6', '27', 'tablesetting_thumb.jpg', 'image', '474', '474', '206857', '2017-06-27 16:16:00', '2017-06-27 16:16:00', '2017-06-27 16:16:00', 'cd186a5c-9182-47ef-b22f-fd6773d7fce9'),
 ('659', '2', '23', 'bathroom1.jpg', 'image', '474', '474', '224175', '2017-06-27 18:48:51', '2017-06-27 18:48:51', '2017-06-27 18:48:51', 'ba6f7413-714e-41ce-b29a-6a5ca1376e9e'),
 ('660', '2', '23', 'blueBathroom.jpg', 'image', '474', '474', '48144', '2017-06-27 18:48:51', '2017-06-27 18:48:51', '2017-06-27 18:48:51', '3a10c713-21d2-459a-8341-bb6fcfcc7a6a'),
 ('661', '2', '23', 'blueChairs.jpg', 'image', '474', '474', '184305', '2017-06-27 18:48:51', '2017-06-27 18:48:51', '2017-06-27 18:48:51', 'f1a1f031-0dbd-47ac-a6f2-53812eb09a7b'),
 ('662', '2', '23', 'bluedining.jpg', 'image', '474', '474', '266832', '2017-06-27 18:48:52', '2017-06-27 18:48:52', '2017-06-27 18:48:52', '0b09632f-c94c-46e1-a651-24e729e101a5'),
 ('663', '2', '23', 'blueRoom.jpg', 'image', '474', '474', '218571', '2017-06-27 18:48:52', '2017-06-27 18:48:52', '2017-06-27 18:48:52', 'b456a583-3900-400e-b3de-d6983a6af523'),
 ('664', '2', '23', 'brownLivingRoom.jpg', 'image', '474', '474', '81836', '2017-06-27 18:48:52', '2017-06-27 18:48:52', '2017-06-27 18:48:52', 'de2eaeab-b123-4b9b-b4f2-cf7ff3327fd2'),
 ('665', '2', '23', 'brownRoom.jpg', 'image', '474', '474', '166451', '2017-06-27 18:48:52', '2017-06-27 18:48:52', '2017-06-27 18:48:52', '1722834c-240f-4550-a6f5-a14e4c5e7377'),
 ('666', '2', '23', 'espressoKitchen.jpg', 'image', '474', '474', '154609', '2017-06-27 18:48:52', '2017-06-27 18:48:52', '2017-06-27 18:48:52', '7d4c00b0-242b-452a-aacf-6eab7460f5a3'),
 ('667', '2', '23', 'goldandWhite.jpg', 'image', '474', '474', '92547', '2017-06-27 18:48:53', '2017-06-27 18:48:53', '2017-06-27 18:48:53', 'b07fbfe0-ea19-481f-932b-5b8bc5b62c79'),
 ('668', '2', '23', 'goldBedroom.jpg', 'image', '474', '474', '64061', '2017-06-27 18:48:53', '2017-06-27 18:48:53', '2017-06-27 18:48:53', 'fcd1f0af-fabe-42f4-a862-6da603c7e52b'),
 ('669', '2', '23', 'goldkitchen.jpg', 'image', '474', '474', '237193', '2017-06-27 18:48:53', '2017-06-27 18:48:53', '2017-06-27 18:48:53', '975c0cc1-629f-4ffc-92a7-6c45f41f882b'),
 ('670', '2', '23', 'goldRoom.jpg', 'image', '474', '474', '198458', '2017-06-27 18:48:53', '2017-06-27 18:48:53', '2017-06-27 18:48:53', '550c202c-0557-4f61-b759-170b8ceefe3b'),
 ('671', '2', '23', 'greenBathroom.jpg', 'image', '474', '474', '163080', '2017-06-27 18:48:53', '2017-06-27 18:48:53', '2017-06-27 18:48:53', 'dbc71259-1bab-41b2-a4c2-be3bcbee37c6'),
 ('672', '2', '23', 'kitchen2.jpg', 'image', '474', '474', '205707', '2017-06-27 18:48:53', '2017-06-27 18:48:53', '2017-06-27 18:48:53', '61d36816-a19c-4737-b40d-1f64066e37e4'),
 ('673', '2', '23', 'offWhiteBedroom.jpg', 'image', '474', '474', '161847', '2017-06-27 18:48:53', '2017-06-27 18:48:53', '2017-06-27 18:48:53', '1f80a20c-8188-458d-a5d2-6d1e8a1e2c71'),
 ('674', '2', '23', 'orangeRoom.jpg', 'image', '474', '474', '178804', '2017-06-27 18:48:54', '2017-06-27 18:48:54', '2017-06-27 18:48:54', '1302178e-d70a-4ef0-a4f2-12fb07bf4dbb'),
 ('675', '2', '23', 'orangeWall.jpg', 'image', '474', '474', '93400', '2017-06-27 18:48:54', '2017-06-27 18:48:54', '2017-06-27 18:48:54', '93470c6b-b599-4252-bdaa-2a2400dbf60c'),
 ('676', '2', '23', 'palmWallpaper.jpg', 'image', '474', '474', '218563', '2017-06-27 18:48:54', '2017-06-27 18:48:54', '2017-06-27 18:48:54', 'e9b3f109-909f-48be-b859-e8386b47d2d5'),
 ('677', '2', '23', 'staircase.jpg', 'image', '474', '474', '223659', '2017-06-27 18:48:54', '2017-06-27 18:48:54', '2017-06-27 18:48:54', 'd7e30dff-b750-477b-9c07-12234a4f9076'),
 ('678', '2', '23', 'staircase_2.jpg', 'image', '474', '474', '191340', '2017-06-27 18:48:54', '2017-06-27 18:48:54', '2017-06-27 18:48:54', '69dedc16-ce5c-404f-afef-d98f35f4accb'),
 ('679', '2', '23', 'table.jpg', 'image', '474', '474', '130281', '2017-06-27 18:48:54', '2017-06-27 18:48:54', '2017-06-27 18:48:54', '3f794f09-fad4-4cf4-9001-609f2bea3695'),
 ('680', '2', '23', 'whiteKitchen.jpg', 'image', '474', '474', '67844', '2017-06-27 18:48:54', '2017-06-27 18:48:54', '2017-06-27 18:48:54', 'f3af54a4-bdbe-4d5c-8b78-b086d6be804b'),
 ('681', '2', '23', 'whiteRoom.jpg', 'image', '474', '474', '197594', '2017-06-27 18:48:55', '2017-06-27 18:48:55', '2017-06-27 18:48:55', 'e14246a4-03ee-47d6-bd7c-c2dff01d35a7');



DROP TABLE IF EXISTS `craft_assetfolders`;


--
-- Schema for table `craft_assetfolders`
--
CREATE TABLE `craft_assetfolders` (
  `id` int(11) NOT NULL AUTO_INCREMENT,
  `parentId` int(11) DEFAULT NULL,
  `sourceId` int(11) DEFAULT NULL,
  `name` varchar(255) COLLATE utf8_unicode_ci NOT NULL,
  `path` varchar(255) COLLATE utf8_unicode_ci DEFAULT NULL,
  `dateCreated` datetime NOT NULL,
  `dateUpdated` datetime NOT NULL,
  `uid` char(36) COLLATE utf8_unicode_ci NOT NULL DEFAULT '0',
  PRIMARY KEY (`id`),
  UNIQUE KEY `craft_assetfolders_name_parentId_sourceId_unq_idx` (`name`,`parentId`,`sourceId`),
  KEY `craft_assetfolders_parentId_fk` (`parentId`),
  KEY `craft_assetfolders_sourceId_fk` (`sourceId`)
) ENGINE=InnoDB AUTO_INCREMENT=29 DEFAULT CHARSET=utf8 COLLATE=utf8_unicode_ci;

--
-- Data for table `craft_assetfolders`
--

INSERT INTO `craft_assetfolders` (`id`, `parentId`, `sourceId`, `name`, `path`, `dateCreated`, `dateUpdated`, `uid`) VALUES
 ('1', NULL, '1', 'Images', '', '2017-05-30 15:09:24', '2017-05-30 15:09:24', '26f2d45d-a46f-4c01-80d2-c391bec7bb44'),
 ('2', '1', '1', 'blog', 'blog/', '2017-06-15 15:30:10', '2017-06-15 15:30:10', 'e2004829-6613-4991-bb9c-fbfd76c221b4'),
 ('3', '1', '1', 'color', 'color/', '2017-06-15 15:30:10', '2017-06-15 15:30:10', '67365575-322e-4f92-9ccd-01df12bb777a'),
 ('4', '1', '1', 'details', 'details/', '2017-06-15 15:30:10', '2017-06-15 15:30:10', 'fc9c3204-a0eb-4570-b9ad-ba4cb5ca0085'),
 ('5', '1', '1', 'inspiration', 'inspiration/', '2017-06-15 15:30:10', '2017-06-15 15:30:10', '2b700817-e1dd-4843-abb3-876ae5b43e54'),
 ('6', '1', '1', 'lifestyle', 'lifestyle/', '2017-06-15 15:30:11', '2017-06-15 15:30:11', 'c056fdf4-ebe6-4c87-93d7-149c303d5a70'),
 ('7', '1', '1', 'now', 'now/', '2017-06-15 15:30:11', '2017-06-15 15:30:11', 'a070f345-f865-4428-89ac-7658e549205a'),
 ('8', '1', '1', 'press', 'press/', '2017-06-15 15:30:11', '2017-06-15 15:30:11', '1b3e2c17-0c71-472d-8fc8-fcfc5167ec50'),
 ('9', '8', '1', 'PDFs', 'press/PDFs/', '2017-06-15 15:30:11', '2017-06-15 15:30:11', '71ba5bc4-e83a-4c92-b9e4-ea4bdfd5077d'),
 ('10', '1', '1', 'prettyPhoto', 'prettyPhoto/', '2017-06-15 15:30:11', '2017-06-15 15:30:11', 'dcc9c21b-a4ff-4042-8573-5c9f95b89293'),
 ('11', '10', '1', 'dark_rounded', 'prettyPhoto/dark_rounded/', '2017-06-15 15:30:11', '2017-06-15 15:30:11', 'ea8bf7b1-e303-4a8a-b6c2-d522416b296e'),
 ('12', '10', '1', 'dark_square', 'prettyPhoto/dark_square/', '2017-06-15 15:30:11', '2017-06-15 15:30:11', '0ea6f802-402c-45f5-a86e-b2dd5577a600'),
 ('13', '10', '1', 'default', 'prettyPhoto/default/', '2017-06-15 15:30:11', '2017-06-15 15:30:11', '51858c76-d628-42fb-8b3a-9edac4aa34ee'),
 ('14', '10', '1', 'facebook', 'prettyPhoto/facebook/', '2017-06-15 15:30:11', '2017-06-15 15:30:11', '58741566-c197-493a-82b3-53fc9ca11de8'),
 ('15', '10', '1', 'light_rounded', 'prettyPhoto/light_rounded/', '2017-06-15 15:30:11', '2017-06-15 15:30:11', '6aa53669-218f-46a5-b720-19122bad113d'),
 ('16', '10', '1', 'light_square', 'prettyPhoto/light_square/', '2017-06-15 15:30:11', '2017-06-15 15:30:11', '0c692f18-fc78-4b3b-b0bf-86d9b935befc'),
 ('17', '1', '1', 'rooms', 'rooms/', '2017-06-15 15:30:11', '2017-06-15 15:30:11', '7c9c99d3-861b-4901-b9d2-0f36c6787af8'),
 ('18', '1', '1', 'sized', 'sized/', '2017-06-15 15:30:11', '2017-06-15 15:30:11', 'f7b043ec-2d18-4335-8171-89735683768f'),
 ('19', NULL, NULL, 'Temporary source', NULL, '2017-06-21 14:18:09', '2017-06-21 14:18:09', '59ca4e05-8567-486a-862f-d49b44bfe61d'),
 ('20', '19', NULL, 'user_1', 'user_1/', '2017-06-21 14:18:09', '2017-06-21 14:18:09', 'd01644ff-be5a-4868-89d4-5354d2c05df4'),
 ('21', '20', NULL, 'field_13', 'user_1/field_13/', '2017-06-21 14:18:09', '2017-06-21 14:18:09', '14362f53-8a0a-485b-9ebe-1d0cc6934e4e'),
 ('22', '1', '1', 'Images', 'Images/', '2017-06-21 14:22:16', '2017-06-21 14:22:16', 'e91037e5-240b-4705-896f-5ae1610fa3d1'),
 ('23', NULL, '2', 'Rooms', '', '2017-06-27 15:58:11', '2017-06-27 15:58:11', 'dc775a43-ea71-45b7-83a3-222ba9861d56'),
 ('24', NULL, '3', 'Now', '', '2017-06-27 16:01:39', '2017-06-27 16:01:39', '08e116f9-da1f-422f-8ea0-eee1f74fd960'),
 ('25', NULL, '4', 'Lifestyle', '', '2017-06-27 16:01:51', '2017-06-27 16:01:51', '8f33cc89-70aa-45cc-a83e-72108e14f0d9'),
 ('26', NULL, '5', 'Blog', '', '2017-06-27 16:02:34', '2017-06-27 16:02:34', 'f8f12de7-b08f-47e0-9f2b-6683e8432048'),
 ('27', NULL, '6', 'Details', '', '2017-06-27 16:03:33', '2017-06-27 16:03:33', 'a3eb1a90-00fb-4dbe-81be-42db9e9e53ec'),
 ('28', NULL, '7', 'Press', '', '2017-06-27 16:03:48', '2017-06-27 16:03:48', 'ecaebdcf-efc3-4e67-b1c1-bd0e6a476330');



DROP TABLE IF EXISTS `craft_assetindexdata`;


--
-- Schema for table `craft_assetindexdata`
--
CREATE TABLE `craft_assetindexdata` (
  `id` int(11) NOT NULL AUTO_INCREMENT,
  `sessionId` varchar(36) COLLATE utf8_unicode_ci NOT NULL DEFAULT '',
  `sourceId` int(10) NOT NULL,
  `offset` int(10) NOT NULL,
  `uri` varchar(255) COLLATE utf8_unicode_ci DEFAULT NULL,
  `size` varchar(255) COLLATE utf8_unicode_ci DEFAULT NULL,
  `recordId` int(10) DEFAULT NULL,
  `dateCreated` datetime NOT NULL,
  `dateUpdated` datetime NOT NULL,
  `uid` char(36) COLLATE utf8_unicode_ci NOT NULL DEFAULT '0',
  PRIMARY KEY (`id`),
  UNIQUE KEY `craft_assetindexdata_sessionId_sourceId_offset_unq_idx` (`sessionId`,`sourceId`,`offset`),
  KEY `craft_assetindexdata_sourceId_fk` (`sourceId`)
) ENGINE=InnoDB AUTO_INCREMENT=523 DEFAULT CHARSET=utf8 COLLATE=utf8_unicode_ci;

DROP TABLE IF EXISTS `craft_assetsources`;


--
-- Schema for table `craft_assetsources`
--
CREATE TABLE `craft_assetsources` (
  `id` int(11) NOT NULL AUTO_INCREMENT,
  `name` varchar(255) COLLATE utf8_unicode_ci NOT NULL,
  `handle` varchar(255) COLLATE utf8_unicode_ci NOT NULL,
  `type` varchar(150) COLLATE utf8_unicode_ci NOT NULL,
  `settings` text COLLATE utf8_unicode_ci,
  `sortOrder` smallint(6) unsigned DEFAULT NULL,
  `fieldLayoutId` int(10) DEFAULT NULL,
  `dateCreated` datetime NOT NULL,
  `dateUpdated` datetime NOT NULL,
  `uid` char(36) COLLATE utf8_unicode_ci NOT NULL DEFAULT '0',
  PRIMARY KEY (`id`),
  UNIQUE KEY `craft_assetsources_name_unq_idx` (`name`),
  UNIQUE KEY `craft_assetsources_handle_unq_idx` (`handle`),
  KEY `craft_assetsources_fieldLayoutId_fk` (`fieldLayoutId`)
) ENGINE=InnoDB AUTO_INCREMENT=8 DEFAULT CHARSET=utf8 COLLATE=utf8_unicode_ci;

--
-- Data for table `craft_assetsources`
--

INSERT INTO `craft_assetsources` (`id`, `name`, `handle`, `type`, `settings`, `sortOrder`, `fieldLayoutId`, `dateCreated`, `dateUpdated`, `uid`) VALUES
 ('1', 'Images', 'images', 'Local', '{\"path\":\"images\\/\",\"publicURLs\":\"\",\"url\":\"http:\\/\\/shelleyjohnstone.tecture.net\\/images\\/\"}', '1', '47', '2017-05-30 15:09:24', '2017-06-27 16:02:50', 'daa285fa-dbbb-4041-b77b-5232e0ea44c2'),
 ('2', 'Rooms', 'rooms', 'Local', '{\"path\":\"images\\/\",\"publicURLs\":\"\",\"url\":\"http:\\/\\/shelleyjohnstone.tecture.net\\/images\\/\"}', '2', '48', '2017-06-27 15:58:11', '2017-06-27 16:02:58', '243293b0-4450-4f03-b96c-7da841e25729'),
 ('3', 'Now', 'now', 'Local', '{\"path\":\"images\\/\",\"publicURLs\":\"1\",\"url\":\"http:\\/\\/shelleyjohnstone.tecture.net\\/images\\/\"}', '3', '49', '2017-06-27 16:01:39', '2017-06-27 16:03:01', '4473dfb9-bed5-481b-8481-8744f56c809c'),
 ('4', 'Lifestyle', 'lifestyle', 'Local', '{\"path\":\"images\\/\",\"publicURLs\":\"\",\"url\":\"http:\\/\\/shelleyjohnstone.tecture.net\\/images\\/\"}', '4', '50', '2017-06-27 16:01:51', '2017-06-27 16:03:08', '9669306d-8584-4371-9d8a-a6fff3503e95'),
 ('5', 'Blog', 'blog', 'Local', '{\"path\":\"images\\/\",\"publicURLs\":\"\",\"url\":\"\"}', '5', '46', '2017-06-27 16:02:34', '2017-06-27 16:02:34', '851edbbf-e5ef-4790-8ca0-2e302a83d173'),
 ('6', 'Details', 'details', 'Local', '{\"path\":\"images\\/\",\"publicURLs\":\"\",\"url\":\"\"}', '6', '51', '2017-06-27 16:03:33', '2017-06-27 16:03:33', '9c445e93-7b11-4647-9988-142776dd456f'),
 ('7', 'Press', 'press', 'Local', '{\"path\":\"images\\/\",\"publicURLs\":\"\",\"url\":\"\"}', '7', '52', '2017-06-27 16:03:48', '2017-06-27 16:03:48', 'a1873ba8-0919-437a-a906-4bd57bbd9474');



DROP TABLE IF EXISTS `craft_assettransformindex`;


--
-- Schema for table `craft_assettransformindex`
--
CREATE TABLE `craft_assettransformindex` (
  `id` int(11) NOT NULL AUTO_INCREMENT,
  `fileId` int(11) NOT NULL,
  `filename` varchar(255) COLLATE utf8_unicode_ci DEFAULT NULL,
  `format` varchar(255) COLLATE utf8_unicode_ci DEFAULT NULL,
  `location` varchar(255) COLLATE utf8_unicode_ci NOT NULL,
  `sourceId` int(11) DEFAULT NULL,
  `fileExists` tinyint(1) DEFAULT NULL,
  `inProgress` tinyint(1) DEFAULT NULL,
  `dateIndexed` datetime DEFAULT NULL,
  `dateCreated` datetime NOT NULL,
  `dateUpdated` datetime NOT NULL,
  `uid` char(36) COLLATE utf8_unicode_ci NOT NULL DEFAULT '0',
  PRIMARY KEY (`id`),
  KEY `craft_assettransformindex_sourceId_fileId_location_idx` (`sourceId`,`fileId`,`location`)
) ENGINE=InnoDB AUTO_INCREMENT=3 DEFAULT CHARSET=utf8 COLLATE=utf8_unicode_ci;

DROP TABLE IF EXISTS `craft_assettransforms`;


--
-- Schema for table `craft_assettransforms`
--
CREATE TABLE `craft_assettransforms` (
  `id` int(11) NOT NULL AUTO_INCREMENT,
  `name` varchar(255) COLLATE utf8_unicode_ci NOT NULL,
  `handle` varchar(255) COLLATE utf8_unicode_ci NOT NULL,
  `mode` enum('stretch','fit','crop') COLLATE utf8_unicode_ci NOT NULL DEFAULT 'crop',
  `position` enum('top-left','top-center','top-right','center-left','center-center','center-right','bottom-left','bottom-center','bottom-right') COLLATE utf8_unicode_ci NOT NULL DEFAULT 'center-center',
  `height` int(10) DEFAULT NULL,
  `width` int(10) DEFAULT NULL,
  `format` varchar(255) COLLATE utf8_unicode_ci DEFAULT NULL,
  `quality` int(10) DEFAULT NULL,
  `dimensionChangeTime` datetime DEFAULT NULL,
  `dateCreated` datetime NOT NULL,
  `dateUpdated` datetime NOT NULL,
  `uid` char(36) COLLATE utf8_unicode_ci NOT NULL DEFAULT '0',
  PRIMARY KEY (`id`),
  UNIQUE KEY `craft_assettransforms_name_unq_idx` (`name`),
  UNIQUE KEY `craft_assettransforms_handle_unq_idx` (`handle`)
) ENGINE=InnoDB AUTO_INCREMENT=2 DEFAULT CHARSET=utf8 COLLATE=utf8_unicode_ci;

--
-- Data for table `craft_assettransforms`
--

INSERT INTO `craft_assettransforms` (`id`, `name`, `handle`, `mode`, `position`, `height`, `width`, `format`, `quality`, `dimensionChangeTime`, `dateCreated`, `dateUpdated`, `uid`) VALUES
 ('1', '2 Column', 'column', 'fit', 'center-center', NULL, '50', NULL, '82', '2017-06-26 14:26:20', '2017-06-26 14:26:20', '2017-06-26 14:26:20', '838d1102-8e0d-422d-ad3d-a83efc1a5fe3');



DROP TABLE IF EXISTS `craft_categories`;


--
-- Schema for table `craft_categories`
--
CREATE TABLE `craft_categories` (
  `id` int(11) NOT NULL,
  `groupId` int(11) NOT NULL,
  `dateCreated` datetime NOT NULL,
  `dateUpdated` datetime NOT NULL,
  `uid` char(36) COLLATE utf8_unicode_ci NOT NULL DEFAULT '0',
  PRIMARY KEY (`id`),
  KEY `craft_categories_groupId_fk` (`groupId`)
) ENGINE=InnoDB DEFAULT CHARSET=utf8 COLLATE=utf8_unicode_ci;

DROP TABLE IF EXISTS `craft_categorygroups`;


--
-- Schema for table `craft_categorygroups`
--
CREATE TABLE `craft_categorygroups` (
  `id` int(11) NOT NULL AUTO_INCREMENT,
  `structureId` int(11) NOT NULL,
  `fieldLayoutId` int(11) DEFAULT NULL,
  `name` varchar(255) COLLATE utf8_unicode_ci NOT NULL,
  `handle` varchar(255) COLLATE utf8_unicode_ci NOT NULL,
  `hasUrls` tinyint(1) unsigned NOT NULL DEFAULT '1',
  `template` varchar(500) COLLATE utf8_unicode_ci DEFAULT NULL,
  `dateCreated` datetime NOT NULL,
  `dateUpdated` datetime NOT NULL,
  `uid` char(36) COLLATE utf8_unicode_ci NOT NULL DEFAULT '0',
  PRIMARY KEY (`id`),
  UNIQUE KEY `craft_categorygroups_name_unq_idx` (`name`),
  UNIQUE KEY `craft_categorygroups_handle_unq_idx` (`handle`),
  KEY `craft_categorygroups_structureId_fk` (`structureId`),
  KEY `craft_categorygroups_fieldLayoutId_fk` (`fieldLayoutId`)
) ENGINE=InnoDB DEFAULT CHARSET=utf8 COLLATE=utf8_unicode_ci;

DROP TABLE IF EXISTS `craft_categorygroups_i18n`;


--
-- Schema for table `craft_categorygroups_i18n`
--
CREATE TABLE `craft_categorygroups_i18n` (
  `id` int(11) NOT NULL AUTO_INCREMENT,
  `groupId` int(11) NOT NULL,
  `locale` char(12) COLLATE utf8_unicode_ci NOT NULL,
  `urlFormat` text COLLATE utf8_unicode_ci,
  `nestedUrlFormat` text COLLATE utf8_unicode_ci,
  `dateCreated` datetime NOT NULL,
  `dateUpdated` datetime NOT NULL,
  `uid` char(36) COLLATE utf8_unicode_ci NOT NULL DEFAULT '0',
  PRIMARY KEY (`id`),
  UNIQUE KEY `craft_categorygroups_i18n_groupId_locale_unq_idx` (`groupId`,`locale`),
  KEY `craft_categorygroups_i18n_locale_fk` (`locale`)
) ENGINE=InnoDB DEFAULT CHARSET=utf8 COLLATE=utf8_unicode_ci;

DROP TABLE IF EXISTS `craft_content`;


--
-- Schema for table `craft_content`
--
CREATE TABLE `craft_content` (
  `id` int(11) NOT NULL AUTO_INCREMENT,
  `elementId` int(11) NOT NULL,
  `locale` char(12) COLLATE utf8_unicode_ci NOT NULL,
  `title` varchar(255) COLLATE utf8_unicode_ci DEFAULT NULL,
  `field_body` text COLLATE utf8_unicode_ci,
  `field_sideColumn` text COLLATE utf8_unicode_ci,
  `field_caption` text COLLATE utf8_unicode_ci,
  `field_altTag` text COLLATE utf8_unicode_ci,
  `field_imageLink` text COLLATE utf8_unicode_ci,
  `dateCreated` datetime NOT NULL,
  `dateUpdated` datetime NOT NULL,
  `uid` char(36) COLLATE utf8_unicode_ci NOT NULL DEFAULT '0',
  PRIMARY KEY (`id`),
  UNIQUE KEY `craft_content_elementId_locale_unq_idx` (`elementId`,`locale`),
  KEY `craft_content_title_idx` (`title`),
  KEY `craft_content_locale_fk` (`locale`)
) ENGINE=InnoDB AUTO_INCREMENT=678 DEFAULT CHARSET=utf8 COLLATE=utf8_unicode_ci;

--
-- Data for table `craft_content`
--

INSERT INTO `craft_content` (`id`, `elementId`, `locale`, `title`, `field_body`, `field_sideColumn`, `field_caption`, `field_altTag`, `field_imageLink`, `dateCreated`, `dateUpdated`, `uid`) VALUES
 ('1', '1', 'en_us', NULL, NULL, NULL, NULL, NULL, NULL, '2017-05-24 15:07:00', '2017-05-24 15:07:00', '282f59f1-bc35-4ff1-8b07-4997a7498b87'),
 ('2', '2', 'en_us', 'Index', '<p>Hello World</p>', NULL, NULL, NULL, NULL, '2017-05-24 15:07:02', '2017-06-27 21:44:51', '924df803-fdab-4f4a-911d-1340524eeea4'),
 ('4', '4', 'en_us', 'About', NULL, NULL, NULL, NULL, NULL, '2017-05-30 20:15:30', '2017-05-31 19:33:16', '2940f982-8354-4912-9c6a-7cee6d19901c'),
 ('5', '5', 'en_us', 'Rooms', NULL, NULL, NULL, NULL, NULL, '2017-05-31 19:14:53', '2017-06-27 19:13:30', 'b0c1f154-2c11-4995-b80d-ae889ea97c64'),
 ('6', '6', 'en_us', 'Now', NULL, NULL, NULL, NULL, NULL, '2017-05-31 19:31:58', '2017-06-27 20:03:46', '3dc48100-2e54-4968-b9c0-58d5035fe59a'),
 ('7', '7', 'en_us', 'Lifestyle', NULL, NULL, NULL, NULL, NULL, '2017-05-31 19:32:19', '2017-06-27 20:03:29', '58502deb-da49-4407-9062-0cfd43104c47'),
 ('8', '8', 'en_us', 'Inspiration', NULL, NULL, NULL, NULL, NULL, '2017-05-31 19:32:29', '2017-06-27 20:02:34', '3be255ef-3267-4f90-89fc-b89e13c73303'),
 ('9', '9', 'en_us', 'Details', NULL, NULL, NULL, NULL, NULL, '2017-05-31 19:32:53', '2017-06-27 19:54:37', '459dcbe5-940d-4876-a12a-0e817fa34376'),
 ('10', '10', 'en_us', 'Press', NULL, NULL, NULL, NULL, NULL, '2017-05-31 19:34:45', '2017-06-27 20:04:03', 'b4e58c99-35eb-4d09-8ea9-5d77664a6801'),
 ('11', '11', 'en_us', 'Contact', NULL, NULL, NULL, NULL, NULL, '2017-05-31 19:35:07', '2017-05-31 19:35:07', '6356a064-1d5c-4443-94e7-6dc903ffd74e'),
 ('12', '12', 'en_us', 'First Blog Post', '<p>Lorem ipsum dolor sit amet, consectetur adipiscing elit. Aliquam mattis justo magna, bibendum finibus arcu vulputate sit amet. Nam laoreet felis non lectus elementum tempus. Mauris id pretium ex. Phasellus a lectus aliquam nisi dapibus convallis vel ut erat. Maecenas malesuada mi non velit imperdiet laoreet. Vivamus facilisis libero vitae velit porta, id sodales quam euismod. Vestibulum pharetra congue mattis. Nulla at ultrices nulla.</p>\n<p>Fusce et vehicula purus. Sed tempor eros magna, vitae rhoncus nisi scelerisque vel. Aliquam luctus eget mi non iaculis. Interdum et malesuada fames ac ante ipsum primis in faucibus. Nullam magna sapien, consectetur eu iaculis eu, vestibulum sit amet libero. Nullam at ornare metus, laoreet aliquet eros. Proin faucibus, risus a suscipit hendrerit, turpis diam tempor libero, in blandit felis velit in mi. In est libero, pretium sit amet sagittis ultrices, varius eu velit. Vivamus sagittis tincidunt libero, vitae ullamcorper ante pretium ac. Donec euismod elit eu mi ultricies finibus. Fusce accumsan tellus vitae lacus sodales, eu lacinia ligula iaculis. Proin aliquam quam nibh, ac molestie nibh pretium ut. Cras convallis dolor purus, eget lacinia risus volutpat vitae. Nunc laoreet ac ipsum non mollis. Nunc non consequat lacus, a tristique quam. Proin eget aliquam lorem.</p>', NULL, NULL, NULL, NULL, '2017-05-31 20:20:08', '2017-06-15 20:57:58', 'a2fe17ca-7874-4f21-914e-b362a76b8d46'),
 ('16', '16', 'en_us', 'stfff', NULL, NULL, NULL, NULL, NULL, '2017-06-01 19:09:15', '2017-06-01 19:09:15', '4412ad8a-3087-45a2-b676-f7838f013451'),
 ('17', '17', 'en_us', 'waerew', NULL, NULL, NULL, NULL, NULL, '2017-06-01 19:09:18', '2017-06-01 19:09:18', '8efe2395-4238-4fec-b6ea-7a1b25ceeb45'),
 ('18', '18', 'en_us', 'test', NULL, NULL, NULL, NULL, NULL, '2017-06-01 19:09:38', '2017-06-01 19:09:38', '8515b3b0-d8ae-4333-b9cb-d723c0fbd24f'),
 ('19', '19', 'en_us', 'tewe', NULL, NULL, NULL, NULL, NULL, '2017-06-01 19:09:40', '2017-06-01 19:09:40', '7ce33b57-d15f-4fdf-9034-2ec3bdd2e87d'),
 ('20', '20', 'en_us', 'design', NULL, NULL, NULL, NULL, NULL, '2017-06-01 20:47:45', '2017-06-01 20:47:45', '99cea6b5-d9cf-4d6d-b45d-3b82758cecca'),
 ('21', '21', 'en_us', 'Post Number Two', '<p>Lorem ipsum dolor sit amet, consectetur adipiscing elit. Integer at diam eu ante tristique commodo. Mauris volutpat, mauris et congue vestibulum, ligula lorem finibus turpis, ut tincidunt mi justo non nunc. Nam finibus tempus vehicula. In vulputate dictum dolor, sed mattis augue fringilla ut. Praesent odio est, commodo eu nisl at, aliquet imperdiet nisl. Nunc suscipit at ante in gravida. Aliquam sollicitudin erat augue, nec mattis lorem eleifend vel. Vestibulum ante ipsum primis in faucibus orci luctus et ultrices posuere cubilia Curae; Morbi faucibus nunc vel massa semper, non condimentum ligula viverra. In tincidunt justo in malesuada cursus. Aliquam facilisis volutpat pretium. Curabitur eget massa ut odio semper semper. Morbi vel orci venenatis, congue eros nec, gravida ipsum.</p>\n<p>This is a title</p>\n<p>Vestibulum tempus, neque in semper vestibulum, arcu dui accumsan erat, et hendrerit massa dui nec metus. Sed sagittis varius tortor. Phasellus venenatis ultrices turpis, placerat accumsan orci ullamcorper a. Vestibulum quis ex sit amet odio tristique varius ac nec ligula. Nulla tristique nisi eget dolor vehicula, a pellentesque neque maximus. Pellentesque lorem sapien, bibendum non ex id, pellentesque finibus tellus. Sed vel congue lorem, nec facilisis lacus.</p>\n<p>Pellentesque eleifend erat ut orci porta, suscipit mattis leo convallis. Mauris interdum feugiat tortor eget vestibulum. Pellentesque consectetur felis at orci luctus, eu facilisis sem ornare. Vivamus facilisis arcu tortor, tempor eleifend purus feugiat eu. Nunc fringilla neque fermentum leo iaculis, at pretium erat vehicula. Sed at nibh et elit venenatis porta. Praesent fermentum mauris at velit tincidunt, sagittis consectetur neque placerat. Ut faucibus ullamcorper ipsum a convallis.</p>\n', NULL, NULL, NULL, NULL, '2017-06-01 20:49:05', '2017-06-15 15:45:00', 'cf2c0d72-5182-47c4-8888-31a6a785ee8e'),
 ('22', '22', 'en_us', '3rd post.', NULL, NULL, NULL, NULL, NULL, '2017-06-01 21:47:26', '2017-06-01 21:47:26', '8e769126-d02a-434b-9b01-76a1059dc21a'),
 ('23', '23', 'en_us', 'Title of blog post goes here', '<p><img src=\"{asset:79:url}\" alt=\"This is my picture\" title=\"This is my picture\" /></p>\n<p>I love this vase<br /></p>\n<p><br /></p>\n<h2>Lorem ipsum </h2>\n<h3>Lorem ipsum</h3>\n<h4>Lorem ipsum</h4>\n<h5>Lorem ipsum</h5>\n<p>dolor sit amet, consectetur adipiscing elit. Integer at diam eu ante tristique commodo. Mauris volutpat, mauris et congue vestibulum, ligula lorem finibus turpis, ut tincidunt mi justo non nunc. Nam finibus tempus vehicula. In vulputate dictum dolor, sed mattis augue fringilla ut. Praesent odio est, commodo eu nisl at, aliquet imperdiet nisl. Nunc suscipit at ante in gravida. Aliquam sollicitudin erat augue, nec mattis lorem eleifend vel. <a href=\"http://www.google.com\">Vesti</a></p>\n<p><img src=\"{asset:53:url}\" alt=\"colorTile.jpg#asset:53\" /><br /></p>\n<p><br /></p>\n<p><strong>bulum ante</strong> </p>\n<p><br /></p>', '<h3>This should be a side column</h3>', NULL, NULL, NULL, '2017-06-01 21:47:29', '2017-06-26 18:23:32', '173a4f8d-095e-4388-a917-c0d804bad7f8'),
 ('28', '28', 'en_us', 'Gold Star', NULL, NULL, NULL, NULL, NULL, '2017-06-15 15:30:11', '2017-06-19 20:56:02', 'de93aa4d-c886-48ba-8320-440696e5d0a7'),
 ('29', '29', 'en_us', 'Gold Star', NULL, NULL, NULL, NULL, NULL, '2017-06-15 15:30:11', '2017-06-19 20:56:02', '279742e6-decf-4b29-bc34-81dc2bbe30c8'),
 ('30', '30', 'en_us', 'Gold Star@2X', NULL, NULL, NULL, NULL, NULL, '2017-06-15 15:30:11', '2017-06-19 20:56:02', '755eb3d5-8041-487c-b482-f66d24d448ff'),
 ('31', '31', 'en_us', 'Gold Star@3X', NULL, NULL, NULL, NULL, NULL, '2017-06-15 15:30:11', '2017-06-19 20:56:02', 'c80dc53e-751f-4cd0-bf72-61605a976a0d'),
 ('32', '32', 'en_us', 'Shelley White Logo Homepage', NULL, NULL, NULL, NULL, NULL, '2017-06-15 15:30:11', '2017-06-19 20:56:02', '432b094b-dd19-4d31-9a11-b095c4388fd5'),
 ('33', '33', 'en_us', 'Shelley White Logo Homepage', NULL, NULL, NULL, NULL, NULL, '2017-06-15 15:30:11', '2017-06-19 20:56:02', '7ee99ba0-6c37-4dca-8c8b-b3e24714a589'),
 ('34', '34', 'en_us', 'Shelley White Logo Homepage@2X', NULL, NULL, NULL, NULL, NULL, '2017-06-15 15:30:12', '2017-06-19 20:56:02', '33506e2b-d2ee-4219-a99a-191839a4bc72'),
 ('35', '35', 'en_us', 'Shelleys Logo Large', NULL, NULL, NULL, NULL, NULL, '2017-06-15 15:30:12', '2017-06-19 20:56:02', '1cfb958d-4a88-49a0-8c4f-40ff81b45cb3'),
 ('36', '36', 'en_us', 'Shelleys Logo Large', NULL, NULL, NULL, NULL, NULL, '2017-06-15 15:30:12', '2017-06-19 20:56:02', 'e98365f7-35e1-4d01-be59-effef408a74b'),
 ('37', '37', 'en_us', 'Shelleys Logo Large@2X', NULL, NULL, NULL, NULL, NULL, '2017-06-15 15:30:12', '2017-06-19 20:56:02', '32785bb7-bb08-410c-81d2-eac0102ad6e9'),
 ('38', '38', 'en_us', 'Shelleys Logo Large@3X', NULL, NULL, NULL, NULL, NULL, '2017-06-15 15:30:12', '2017-06-19 20:56:02', 'b9147228-9450-4a87-95eb-8b145d171450'),
 ('39', '39', 'en_us', 'Side Bar Logo', NULL, NULL, NULL, NULL, NULL, '2017-06-15 15:30:12', '2017-06-19 20:56:02', '690a91bd-30ab-4875-80bf-84a4fcf4846c'),
 ('40', '40', 'en_us', 'Shelley White Logo Homepage@3X', NULL, NULL, NULL, NULL, NULL, '2017-06-15 15:30:12', '2017-06-19 20:56:02', '05b4bf73-ef20-45cc-a1b2-6197243beb3a'),
 ('41', '41', 'en_us', 'Side Bar Logo', NULL, NULL, NULL, NULL, NULL, '2017-06-15 15:30:12', '2017-06-19 20:56:02', 'dcd3dd4c-d0dd-4af5-968b-4c5b62d6934b'),
 ('42', '42', 'en_us', 'Side Bar Logo@2X', NULL, NULL, NULL, NULL, NULL, '2017-06-15 15:30:12', '2017-06-19 20:56:02', 'e311b2ca-d292-4db5-8ebd-24957d88c8da'),
 ('43', '43', 'en_us', 'Side Bar Logo@3X', NULL, NULL, NULL, NULL, NULL, '2017-06-15 15:30:12', '2017-06-19 20:56:02', '634a29db-06a5-4fd3-862f-8d3c7c84deb6'),
 ('44', '44', 'en_us', 'Table', NULL, NULL, NULL, NULL, NULL, '2017-06-15 15:30:12', '2017-06-19 20:56:02', '75715f3b-eba5-4bc3-9501-517cdc0a7995'),
 ('45', '45', 'en_us', 'Bluechair', NULL, NULL, NULL, NULL, NULL, '2017-06-15 15:30:12', '2017-06-19 20:56:02', '9b8f5bc5-73a5-4be7-905d-34f7a12b060b'),
 ('46', '46', 'en_us', 'Peacock', NULL, NULL, NULL, NULL, NULL, '2017-06-15 15:30:12', '2017-06-19 20:56:02', 'fbfe4bbf-eb63-4d6b-8cf2-40f969f0f375'),
 ('47', '47', 'en_us', 'Plant', NULL, NULL, NULL, NULL, NULL, '2017-06-15 15:30:12', '2017-06-19 20:56:02', '795da4c1-42a6-4ed7-a27c-cde5e66849b0'),
 ('49', '49', 'en_us', 'Blue Room', NULL, NULL, NULL, NULL, NULL, '2017-06-15 15:30:12', '2017-06-19 20:56:03', '69b64067-5e84-4e10-b375-7ffc26c6d04c'),
 ('50', '50', 'en_us', 'Green Room', NULL, NULL, NULL, NULL, NULL, '2017-06-15 15:30:12', '2017-06-19 20:56:03', 'dbd69246-137e-47dd-8dc0-f85e216a4ca0'),
 ('51', '51', 'en_us', 'Brown Room', NULL, NULL, NULL, NULL, NULL, '2017-06-15 15:30:12', '2017-06-19 20:56:03', 'debfce94-7872-4f7d-9a8b-6d2264952c0f'),
 ('52', '52', 'en_us', 'Flower Painting', NULL, NULL, NULL, NULL, NULL, '2017-06-15 15:30:13', '2017-06-19 20:56:03', '9c56be03-8c84-4e03-a899-0dd6a7f220d8'),
 ('54', '54', 'en_us', 'Beautifulchair Thumb', NULL, NULL, NULL, NULL, NULL, '2017-06-15 15:30:13', '2017-06-19 20:56:03', '7185a6ee-119d-40a3-a033-cbec80d36cb9'),
 ('55', '55', 'en_us', 'Birdchair', NULL, NULL, NULL, NULL, NULL, '2017-06-15 15:30:13', '2017-06-19 20:56:03', 'cdce27c6-7f7e-4285-a838-4fb16793818f'),
 ('56', '56', 'en_us', 'Blackwindows', NULL, NULL, NULL, NULL, NULL, '2017-06-15 15:30:13', '2017-06-19 20:56:03', '2db06ec0-da26-4a5a-beb2-30ad57923d69'),
 ('57', '57', 'en_us', 'Orange Room', NULL, NULL, NULL, NULL, NULL, '2017-06-15 15:30:13', '2017-06-19 20:56:03', '5f3f581e-3e8e-4658-a698-3d7bc6b63a27'),
 ('58', '58', 'en_us', 'Blue Corner', NULL, NULL, NULL, NULL, NULL, '2017-06-15 15:30:13', '2017-06-19 20:56:03', '90d2f0ac-1b7a-4bf0-8208-f7196e4aff77'),
 ('59', '59', 'en_us', 'Blue Lamp', NULL, NULL, NULL, NULL, NULL, '2017-06-15 15:30:13', '2017-06-19 20:56:03', 'a9c5a9db-9ba1-4d70-9fe1-0ae0124b581e'),
 ('60', '60', 'en_us', 'Chair Flower', NULL, NULL, NULL, NULL, NULL, '2017-06-15 15:30:13', '2017-06-19 20:56:03', '9e25dabc-78b5-44bf-8fca-8d12cbafce99'),
 ('61', '61', 'en_us', 'Coppersink', NULL, NULL, NULL, NULL, NULL, '2017-06-15 15:30:13', '2017-06-19 20:56:03', 'f0f6e7bd-55ca-482a-8199-e05e81abb2c8'),
 ('62', '62', 'en_us', 'Doorway', NULL, NULL, NULL, NULL, NULL, '2017-06-15 15:30:13', '2017-06-19 20:56:03', '28ee1e42-3a9c-450b-8ff8-1485ab83e21d'),
 ('63', '63', 'en_us', 'Flower Bird', NULL, NULL, NULL, NULL, NULL, '2017-06-15 15:30:13', '2017-06-19 20:56:03', '40e2f0e5-7658-48fe-9e4d-ee29a9b5c926'),
 ('64', '64', 'en_us', 'Flower Lamp', NULL, NULL, NULL, NULL, NULL, '2017-06-15 15:30:13', '2017-06-19 20:56:03', 'eefa19c5-488f-4bb3-b026-c3c030c1292b'),
 ('65', '65', 'en_us', 'Fringechair Thumb', NULL, NULL, NULL, NULL, NULL, '2017-06-15 15:30:13', '2017-06-19 20:56:03', '9a7185e9-61fe-4e1b-8069-89df9c154eb8'),
 ('66', '66', 'en_us', 'Green Ceiling', NULL, NULL, NULL, NULL, NULL, '2017-06-15 15:30:13', '2017-06-19 20:56:03', '9e7921aa-18c1-446c-8c8e-1636fa270128'),
 ('67', '67', 'en_us', 'Loft Railing', NULL, NULL, NULL, NULL, NULL, '2017-06-15 15:30:13', '2017-06-19 20:56:03', '0a1a4164-c5d4-4f18-92b9-66659adc737d'),
 ('68', '68', 'en_us', 'Patio Post', NULL, NULL, NULL, NULL, NULL, '2017-06-15 15:30:13', '2017-06-19 20:56:03', 'fc3cfd6e-0b1e-4b1a-ac1b-d21b4ad46557'),
 ('69', '69', 'en_us', 'Pink Bookcase', NULL, NULL, NULL, NULL, NULL, '2017-06-15 15:30:13', '2017-06-19 20:56:03', 'ec70bb13-6224-4b1a-be7d-598ea8bbdbd8'),
 ('70', '70', 'en_us', 'Plant1', NULL, NULL, NULL, NULL, NULL, '2017-06-15 15:30:13', '2017-06-19 20:56:03', '9e0a1c26-517e-4623-8cc5-e5a5c6353bb3'),
 ('71', '71', 'en_us', 'Side Table', NULL, NULL, NULL, NULL, NULL, '2017-06-15 15:30:13', '2017-06-19 20:56:03', 'd0e4d2ce-7ded-4237-93e2-95c3d90d5b85'),
 ('72', '72', 'en_us', 'Stairs', NULL, NULL, NULL, NULL, NULL, '2017-06-15 15:30:13', '2017-06-19 20:56:03', 'a34ea826-dbbe-492e-bfbc-8ffd48ceeab3'),
 ('73', '73', 'en_us', 'Tablesetting Thumb', NULL, NULL, NULL, NULL, NULL, '2017-06-15 15:30:14', '2017-06-19 20:56:03', 'cd5a3141-bff6-44b8-9cc8-1da386260deb'),
 ('74', '74', 'en_us', 'Tableshot', NULL, NULL, NULL, NULL, NULL, '2017-06-15 15:30:14', '2017-06-19 20:56:04', '4604fef9-64a5-47c4-95b7-bb9f529982a4'),
 ('75', '75', 'en_us', 'Teardrops', NULL, NULL, NULL, NULL, NULL, '2017-06-15 15:30:14', '2017-06-19 20:56:04', '742899dc-4688-435e-9f47-f3819f5e3947'),
 ('76', '76', 'en_us', 'White Topiary', NULL, NULL, NULL, NULL, NULL, '2017-06-15 15:30:14', '2017-06-19 20:56:04', '1f68a8a0-bca9-4a3b-8a58-d6bc74e6f550'),
 ('77', '77', 'en_us', 'Stairflowers', NULL, NULL, NULL, NULL, NULL, '2017-06-15 15:30:14', '2017-06-19 20:56:03', '0b82e144-5b9f-41ab-9fd8-85cebc2f924b'),
 ('78', '78', 'en_us', 'Wood Chair', NULL, NULL, NULL, NULL, NULL, '2017-06-15 15:30:14', '2017-06-19 20:56:04', 'bfda86d7-c11c-4ad3-a868-8f0b9d387608'),
 ('83', '83', 'en_us', 'Concrete Wall', NULL, NULL, NULL, NULL, NULL, '2017-06-15 15:30:14', '2017-06-19 20:56:04', '612c8045-d8c0-4d0e-bd4c-76f83c217b5e'),
 ('84', '84', 'en_us', 'Flower Door', NULL, NULL, NULL, NULL, NULL, '2017-06-15 15:30:14', '2017-06-19 20:56:04', '606519f8-81d8-41a6-8ed4-b1cb4f29a4b1'),
 ('85', '85', 'en_us', 'Landscape', NULL, NULL, NULL, NULL, NULL, '2017-06-15 15:30:14', '2017-06-19 20:56:04', '3984b259-b834-423f-9dca-8f2a4b9896e3'),
 ('86', '86', 'en_us', 'Pink Flowers', NULL, NULL, NULL, NULL, NULL, '2017-06-15 15:30:14', '2017-06-19 20:56:04', 'e3d5dcb9-df8f-49bb-8d73-a531934cd581'),
 ('87', '87', 'en_us', 'Round Leaves', NULL, NULL, NULL, NULL, NULL, '2017-06-15 15:30:14', '2017-06-19 20:56:04', '8057e0b5-5af6-4d1d-ad3a-000708296d92'),
 ('88', '88', 'en_us', 'Sphere Bush', NULL, NULL, NULL, NULL, NULL, '2017-06-15 15:30:14', '2017-06-19 20:56:04', '56cc169f-fadb-4f90-b09b-a9fd37b47934'),
 ('89', '89', 'en_us', 'Square Spiral', NULL, NULL, NULL, NULL, NULL, '2017-06-15 15:30:14', '2017-06-19 20:56:04', 'a2b69045-1606-4579-96f8-c3a3bef457c6'),
 ('90', '90', 'en_us', 'Star Fish', NULL, NULL, NULL, NULL, NULL, '2017-06-15 15:30:14', '2017-06-19 20:56:04', 'c91ccee9-7e9a-424e-b967-0c4b676b8649'),
 ('91', '91', 'en_us', 'Sun Mirror', NULL, NULL, NULL, NULL, NULL, '2017-06-15 15:30:14', '2017-06-19 20:56:04', '709707b3-2cb1-46e9-981a-01bcc7aeaf8b'),
 ('92', '92', 'en_us', 'Table Decor', NULL, NULL, NULL, NULL, NULL, '2017-06-15 15:30:14', '2017-06-19 20:56:04', '2c00c4af-54fe-4026-882a-3c229073ea6f'),
 ('95', '95', 'en_us', 'Clock Tower', NULL, NULL, NULL, NULL, NULL, '2017-06-15 15:30:14', '2017-06-19 20:56:04', 'ecb2c1be-56a2-4308-9ec3-3c5b7e3cd03e'),
 ('96', '96', 'en_us', 'Dining Pink', NULL, NULL, NULL, NULL, NULL, '2017-06-15 15:30:14', '2017-06-19 20:56:04', 'd7e8e2e9-cbdd-4caf-9e23-41411e89ee35'),
 ('97', '97', 'en_us', 'Oranges', NULL, NULL, NULL, NULL, NULL, '2017-06-15 15:30:15', '2017-06-19 20:56:04', '4335326a-73be-4158-9c58-4da7e245972c'),
 ('98', '98', 'en_us', 'Pool Outside', NULL, NULL, NULL, NULL, NULL, '2017-06-15 15:30:15', '2017-06-19 20:56:04', '41fcc8a9-da6b-4c4d-b312-cb162eb9facc'),
 ('99', '99', 'en_us', 'Pool View', NULL, NULL, NULL, NULL, NULL, '2017-06-15 15:30:15', '2017-06-19 20:56:04', 'efab064f-7ed0-480b-97d1-6d9b582a5a73'),
 ('100', '100', 'en_us', 'Poolpinkbenches', NULL, NULL, NULL, NULL, NULL, '2017-06-15 15:30:15', '2017-06-19 20:56:04', 'b480f30b-faf0-4d07-b241-709e8b35a43d'),
 ('101', '101', 'en_us', 'Set Table', NULL, NULL, NULL, NULL, NULL, '2017-06-15 15:30:15', '2017-06-19 20:56:04', '567f5cb5-8672-4c98-ae65-514043d03d7a'),
 ('102', '102', 'en_us', 'Shelley Dress', NULL, NULL, NULL, NULL, NULL, '2017-06-15 15:30:15', '2017-06-19 20:56:05', '770d855f-4836-43a3-b236-743575070a57'),
 ('103', '103', 'en_us', 'Shelley Flowers', NULL, NULL, NULL, NULL, NULL, '2017-06-15 15:30:15', '2017-06-19 20:56:05', 'bb62f195-abd1-4d93-87f8-538c0c00fb01'),
 ('109', '109', 'en_us', 'Sj March2016', NULL, NULL, NULL, NULL, NULL, '2017-06-15 15:30:15', '2017-06-19 20:56:05', '659e382c-fcf3-4464-a742-dd33f1e148b7'),
 ('110', '110', 'en_us', 'Design Chic', NULL, NULL, NULL, NULL, NULL, '2017-06-15 15:30:15', '2017-06-19 20:56:05', '7efec32e-4b61-405f-b052-8ed903ab1284'),
 ('111', '111', 'en_us', 'Forest Bluff Risko', NULL, NULL, NULL, NULL, NULL, '2017-06-15 15:30:15', '2017-06-19 20:56:05', '5fb06fae-84c7-42c9-861c-de2ca45fb866'),
 ('112', '112', 'en_us', 'Forestbluff2017', NULL, NULL, NULL, NULL, NULL, '2017-06-15 15:30:15', '2017-06-19 20:56:05', 'c654b5fa-9e51-48e3-9f6f-fe6260e3711d'),
 ('113', '113', 'en_us', 'Foyer', NULL, NULL, NULL, NULL, NULL, '2017-06-15 15:30:15', '2017-06-19 20:56:05', '0d8b4e4d-9855-4d2c-b5e2-e4b49d0b9ac4'),
 ('114', '114', 'en_us', 'Glampad', NULL, NULL, NULL, NULL, NULL, '2017-06-15 15:30:15', '2017-06-19 20:56:05', '551a0e5c-9112-4dda-a574-b8f08ba00873'),
 ('115', '115', 'en_us', 'Goldlist', NULL, NULL, NULL, NULL, NULL, '2017-06-15 15:30:15', '2017-06-19 20:56:05', '21ea2571-e052-4bc3-b477-937584785ebe'),
 ('116', '116', 'en_us', 'Magazine Cover', NULL, NULL, NULL, NULL, NULL, '2017-06-15 15:30:15', '2017-06-19 20:56:05', '4f55fd7f-0911-49e6-9e3b-cee0dd00b798'),
 ('117', '117', 'en_us', 'Newbanner', NULL, NULL, NULL, NULL, NULL, '2017-06-15 15:30:15', '2017-06-19 20:56:05', 'a1672a59-cb77-43e7-bda6-d78fcc6812c3'),
 ('118', '118', 'en_us', 'Shelleytraditionalcover', NULL, NULL, NULL, NULL, NULL, '2017-06-15 15:30:15', '2017-06-19 20:56:05', '2f45ada9-4b46-4347-a361-b3986a96ebf0'),
 ('119', '119', 'en_us', 'Stairs', NULL, NULL, NULL, NULL, NULL, '2017-06-15 15:30:16', '2017-06-19 20:56:05', 'dbd033cf-5f22-4f6e-b5ca-61bf9419b097'),
 ('120', '120', 'en_us', 'Traditionalhomes House', NULL, NULL, NULL, NULL, NULL, '2017-06-15 15:30:16', '2017-06-19 20:56:05', 'f2d96dc2-b2aa-4691-adbd-e26ba458816f'),
 ('121', '121', 'en_us', 'Vita Life Blog', NULL, NULL, NULL, NULL, NULL, '2017-06-15 15:30:16', '2017-06-19 20:56:05', '66bb223b-bd7f-44cc-8697-0b6020786f34');
INSERT INTO `craft_content` (`id`, `elementId`, `locale`, `title`, `field_body`, `field_sideColumn`, `field_caption`, `field_altTag`, `field_imageLink`, `dateCreated`, `dateUpdated`, `uid`) VALUES
 ('127', '127', 'en_us', 'Chicago  Home &  Garden  Luxe  Issue  Show  Off', NULL, NULL, NULL, NULL, NULL, '2017-06-15 15:30:16', '2017-06-19 20:56:05', '3fcfcfc8-f89d-4c8b-b536-94b641c2ec13'),
 ('128', '128', 'en_us', 'Chicago  Home &  Garden  On  The  Edge', NULL, NULL, NULL, NULL, NULL, '2017-06-15 15:30:16', '2017-06-19 20:56:05', '77618f2e-58fa-4b14-85a2-4ccc41efb6a8'),
 ('129', '129', 'en_us', 'Chicago  Home &  Garden  Seeking  Serenity', NULL, NULL, NULL, NULL, NULL, '2017-06-15 15:30:16', '2017-06-19 20:56:06', 'a3b9c7f0-2faa-4dda-894d-3c9d74405996'),
 ('130', '130', 'en_us', 'Chicago  Home &  Garden  The  Art Of The  Mix', NULL, NULL, NULL, NULL, NULL, '2017-06-15 15:30:16', '2017-06-19 20:56:06', 'fffbfff6-1bf0-4057-b0d4-dad6af93dd1c'),
 ('131', '131', 'en_us', 'Chicago  Tribune  Magazine  Renovate', NULL, NULL, NULL, NULL, NULL, '2017-06-15 15:30:16', '2017-06-19 20:56:06', 'db278624-4b48-47e5-a4fd-f3ce7d70c017'),
 ('132', '132', 'en_us', 'Forest &  Bluff  Interior  Design', NULL, NULL, NULL, NULL, NULL, '2017-06-15 15:30:16', '2017-06-19 20:56:06', 'ef8e44cd-565d-45cf-b862-b7c5e26ca24f'),
 ('133', '133', 'en_us', 'Gardens  And  Homes  The  Style Of  Capri', NULL, NULL, NULL, NULL, NULL, '2017-06-15 15:30:16', '2017-06-19 20:56:06', 'b9f0b988-7c64-4dd8-9691-7f5fdd08001c'),
 ('134', '134', 'en_us', 'House  Beautiful  The  Makeover  Issue', NULL, NULL, NULL, NULL, NULL, '2017-06-15 15:30:16', '2017-06-19 20:56:06', '41e58277-618c-4993-826e-cac25eaa05d6'),
 ('135', '135', 'en_us', 'House  Beautiful  Traditional  Style  Now', NULL, NULL, NULL, NULL, NULL, '2017-06-15 15:30:16', '2017-06-19 20:56:06', '94f53bf2-6967-436c-a0b2-f06905bfda2e'),
 ('136', '136', 'en_us', 'Luxe  Interior  Design  Design  Maven', NULL, NULL, NULL, NULL, NULL, '2017-06-15 15:30:16', '2017-06-19 20:56:06', '93c237e0-b703-4817-b53f-bbc56e5cb1eb'),
 ('137', '137', 'en_us', 'Luxe  Nov15', NULL, NULL, NULL, NULL, NULL, '2017-06-15 15:30:16', '2017-06-19 20:56:06', 'b8b70e61-eb73-42d0-ba69-e6c69e1247ed'),
 ('138', '138', 'en_us', 'Ns  Modern  Luxury  The  Forever  Home', NULL, NULL, NULL, NULL, NULL, '2017-06-15 15:30:16', '2017-06-19 20:56:06', 'c38147a6-b9f7-4a85-9510-1e23536e3fc7'),
 ('139', '139', 'en_us', 'Traditionalhomenov15', NULL, NULL, NULL, NULL, NULL, '2017-06-15 15:30:16', '2017-06-19 20:56:06', '04092d58-7d05-497c-9464-cb17bf2baeff'),
 ('140', '140', 'en_us', 'Traditional Home April2017', NULL, NULL, NULL, NULL, NULL, '2017-06-15 15:30:16', '2017-06-19 20:56:06', '8f6ab402-ac2a-4a73-a5e8-546496f8a026'),
 ('141', '141', 'en_us', 'Forest Bluff 2016', NULL, NULL, NULL, NULL, NULL, '2017-06-15 15:30:16', '2017-06-19 20:56:06', '413c0927-c277-4bb1-a0ea-a9d67c595a75'),
 ('142', '142', 'en_us', 'Luxegoldlist', NULL, NULL, NULL, NULL, NULL, '2017-06-15 15:30:16', '2017-06-19 20:56:06', '85e370a2-294f-4be2-85d7-a14dfbe8c64d'),
 ('143', '143', 'en_us', 'Press 01', NULL, NULL, NULL, NULL, NULL, '2017-06-15 15:30:16', '2017-06-19 20:56:06', 'f4c14347-3812-4a62-8ac5-0aad26e1067c'),
 ('144', '144', 'en_us', 'Press 02', NULL, NULL, NULL, NULL, NULL, '2017-06-15 15:30:17', '2017-06-19 20:56:06', '8ffee9c3-c49a-4711-adbc-5bf69781233c'),
 ('145', '145', 'en_us', 'Press 03', NULL, NULL, NULL, NULL, NULL, '2017-06-15 15:30:17', '2017-06-19 20:56:06', 'd91a4df4-dad4-49c2-a6ab-0a607568ec42'),
 ('146', '146', 'en_us', 'Press 04', NULL, NULL, NULL, NULL, NULL, '2017-06-15 15:30:17', '2017-06-19 20:56:06', 'f3af8057-7c7f-413c-87ad-a1408df6c81b'),
 ('147', '147', 'en_us', 'Press 05', NULL, NULL, NULL, NULL, NULL, '2017-06-15 15:30:17', '2017-06-19 20:56:06', '50899a81-3688-49b6-a559-8f3bc9f48e22'),
 ('148', '148', 'en_us', 'Press 06', NULL, NULL, NULL, NULL, NULL, '2017-06-15 15:30:17', '2017-06-19 20:56:06', '966c4778-b0fa-4d9b-8ae2-6e426c76e408'),
 ('149', '149', 'en_us', 'Press 07', NULL, NULL, NULL, NULL, NULL, '2017-06-15 15:30:17', '2017-06-19 20:56:06', 'd778b053-7857-4751-a1d8-5e51adb8e710'),
 ('150', '150', 'en_us', 'Press 08', NULL, NULL, NULL, NULL, NULL, '2017-06-15 15:30:17', '2017-06-19 20:56:06', 'd256aedc-aa6b-4670-b5da-ef2aed8454c7'),
 ('151', '151', 'en_us', 'Press 09', NULL, NULL, NULL, NULL, NULL, '2017-06-15 15:30:17', '2017-06-19 20:56:06', '8e9fb57a-cb6a-4dbb-bed7-d1a9bdf642f5'),
 ('152', '152', 'en_us', 'Press 10', NULL, NULL, NULL, NULL, NULL, '2017-06-15 15:30:17', '2017-06-19 20:56:06', '5b6b4cf1-9b92-4778-8019-4745835aec0d'),
 ('153', '153', 'en_us', 'Press 11', NULL, NULL, NULL, NULL, NULL, '2017-06-15 15:30:17', '2017-06-19 20:56:06', '3fd1ee1f-a104-4bd6-aeb0-e2051b725928'),
 ('154', '154', 'en_us', 'Press 12', NULL, NULL, NULL, NULL, NULL, '2017-06-15 15:30:17', '2017-06-19 20:56:06', '0021797a-be49-4bbd-bf89-7cc41bba72a5'),
 ('155', '155', 'en_us', 'Press 13', NULL, NULL, NULL, NULL, NULL, '2017-06-15 15:30:17', '2017-06-19 20:56:06', '38704ed0-806f-4945-877f-0f214631d41f'),
 ('156', '156', 'en_us', 'Press 14', NULL, NULL, NULL, NULL, NULL, '2017-06-15 15:30:17', '2017-06-19 20:56:06', '4f9e4dfa-8b25-4a32-9709-8ff4f31355b2'),
 ('157', '157', 'en_us', 'Press 15', NULL, NULL, NULL, NULL, NULL, '2017-06-15 15:30:17', '2017-06-19 20:56:07', 'a61d140b-1035-4c34-a938-685e2b148c9f'),
 ('158', '158', 'en_us', 'Press 16', NULL, NULL, NULL, NULL, NULL, '2017-06-15 15:30:17', '2017-06-19 20:56:07', '028dae1b-9ac2-40f4-bf52-8fc26d34644b'),
 ('159', '159', 'en_us', 'Press 17', NULL, NULL, NULL, NULL, NULL, '2017-06-15 15:30:17', '2017-06-19 20:56:07', '5539fc07-917f-4d66-b101-a943cc90723a'),
 ('160', '160', 'en_us', 'Press 18', NULL, NULL, NULL, NULL, NULL, '2017-06-15 15:30:17', '2017-06-19 20:56:07', 'f2dd0c63-e632-4d45-bef1-80c03db4b854'),
 ('162', '162', 'en_us', 'Btn Next', NULL, NULL, NULL, NULL, NULL, '2017-06-15 15:30:17', '2017-06-19 20:56:07', '72f134a3-ca14-4bc0-9c89-1bbb644176a8'),
 ('163', '163', 'en_us', 'Btn Previous', NULL, NULL, NULL, NULL, NULL, '2017-06-15 15:30:17', '2017-06-19 20:56:07', '717104fd-a4b4-47a3-a29d-657cf3ce5a2c'),
 ('164', '164', 'en_us', 'Content Pattern', NULL, NULL, NULL, NULL, NULL, '2017-06-15 15:30:17', '2017-06-19 20:56:07', 'fda1d898-f9cf-4c50-93ed-bdeef079756e'),
 ('165', '165', 'en_us', 'Default Thumbnail', NULL, NULL, NULL, NULL, NULL, '2017-06-15 15:30:18', '2017-06-19 20:56:07', '230babe6-cc8e-4e68-9684-7e5a3997284e'),
 ('166', '166', 'en_us', 'Loader', NULL, NULL, NULL, NULL, NULL, '2017-06-15 15:30:18', '2017-06-19 20:56:07', '9711ecae-f234-4aad-9a07-15655e56bcac'),
 ('167', '167', 'en_us', 'Sprite', NULL, NULL, NULL, NULL, NULL, '2017-06-15 15:30:18', '2017-06-19 20:56:07', '572b6bdf-9a78-4370-bd28-981946c34d9f'),
 ('168', '168', 'en_us', 'Btn Next', NULL, NULL, NULL, NULL, NULL, '2017-06-15 15:30:18', '2017-06-19 20:56:07', '4c904ee4-91ca-42aa-8fa4-38e1ff1ab8d2'),
 ('169', '169', 'en_us', 'Btn Previous', NULL, NULL, NULL, NULL, NULL, '2017-06-15 15:30:18', '2017-06-19 20:56:07', 'f10f84ef-b591-4abe-98ef-788d0cd6d592'),
 ('170', '170', 'en_us', 'Content Pattern', NULL, NULL, NULL, NULL, NULL, '2017-06-15 15:30:18', '2017-06-19 20:56:07', '82f361ea-10b4-47fc-9989-646d1889c217'),
 ('171', '171', 'en_us', 'Default Thumbnail', NULL, NULL, NULL, NULL, NULL, '2017-06-15 15:30:18', '2017-06-19 20:56:07', '7ebc379d-106f-48f6-ac5a-c799f89934e5'),
 ('172', '172', 'en_us', 'Loader', NULL, NULL, NULL, NULL, NULL, '2017-06-15 15:30:18', '2017-06-19 20:56:07', '181ca8be-85ef-4e44-a00d-9662baa4c29d'),
 ('173', '173', 'en_us', 'Sprite', NULL, NULL, NULL, NULL, NULL, '2017-06-15 15:30:18', '2017-06-19 20:56:07', 'e3392eac-dbe4-4aa8-899e-68afd61e2c0a'),
 ('174', '174', 'en_us', 'Default Thumb', NULL, NULL, NULL, NULL, NULL, '2017-06-15 15:30:18', '2017-06-19 20:56:07', 'f7bad378-2383-4642-848d-99d204fccbed'),
 ('175', '175', 'en_us', 'Loader', NULL, NULL, NULL, NULL, NULL, '2017-06-15 15:30:18', '2017-06-19 20:56:07', '2bfd98cf-b153-4d4a-88e3-1e7a342fd25d'),
 ('176', '176', 'en_us', 'Sprite', NULL, NULL, NULL, NULL, NULL, '2017-06-15 15:30:18', '2017-06-19 20:56:07', 'bc33c314-102c-46a4-ac3b-856641f4675e'),
 ('177', '177', 'en_us', 'Sprite Next', NULL, NULL, NULL, NULL, NULL, '2017-06-15 15:30:18', '2017-06-19 20:56:07', 'edf4017a-e71d-4e2b-9341-e1d66be47255'),
 ('178', '178', 'en_us', 'Sprite Prev', NULL, NULL, NULL, NULL, NULL, '2017-06-15 15:30:18', '2017-06-19 20:56:07', '6448fb3a-b884-4b2a-b83c-16e964b30bac'),
 ('179', '179', 'en_us', 'Sprite X', NULL, NULL, NULL, NULL, NULL, '2017-06-15 15:30:18', '2017-06-19 20:56:07', '18593213-b5ca-4714-9463-0cc2b130885e'),
 ('180', '180', 'en_us', 'Sprite Y', NULL, NULL, NULL, NULL, NULL, '2017-06-15 15:30:18', '2017-06-19 20:56:07', 'a8961632-055c-4684-aab9-48432a819e10'),
 ('181', '181', 'en_us', 'Btn Previous', NULL, NULL, NULL, NULL, NULL, '2017-06-15 15:30:18', '2017-06-19 20:56:07', '7ae95c72-cb7c-4600-8f0e-2996c3b27f91'),
 ('182', '182', 'en_us', 'Content Pattern Bottom', NULL, NULL, NULL, NULL, NULL, '2017-06-15 15:30:18', '2017-06-19 20:56:07', 'a2228902-5828-4197-9676-65fe0c959006'),
 ('183', '183', 'en_us', 'Content Pattern Left', NULL, NULL, NULL, NULL, NULL, '2017-06-15 15:30:18', '2017-06-19 20:56:07', '1a36dc2e-40b3-4e18-9997-e8d2c83ef41a'),
 ('184', '184', 'en_us', 'Content Pattern Right', NULL, NULL, NULL, NULL, NULL, '2017-06-15 15:30:18', '2017-06-19 20:56:07', '7c6570f8-fa0e-43ee-b929-a468434b4c51'),
 ('185', '185', 'en_us', 'Content Pattern Top', NULL, NULL, NULL, NULL, NULL, '2017-06-15 15:30:18', '2017-06-19 20:56:07', '6577ab4d-696a-4e14-9c57-59017198fc78'),
 ('186', '186', 'en_us', 'Default Thumbnail', NULL, NULL, NULL, NULL, NULL, '2017-06-15 15:30:18', '2017-06-19 20:56:08', '4867ee88-8e3c-4176-b6a3-e9d6468aa5d0'),
 ('187', '187', 'en_us', 'Loader', NULL, NULL, NULL, NULL, NULL, '2017-06-15 15:30:18', '2017-06-19 20:56:08', '3a14ed5d-01b5-4148-9984-68cd394f0ba6'),
 ('188', '188', 'en_us', 'Sprite', NULL, NULL, NULL, NULL, NULL, '2017-06-15 15:30:18', '2017-06-19 20:56:08', 'add581b7-e9f4-49e9-b366-a78cf88e5713'),
 ('189', '189', 'en_us', 'Btn Next', NULL, NULL, NULL, NULL, NULL, '2017-06-15 15:30:18', '2017-06-19 20:56:07', '17188050-b870-4e1f-a99e-2e2b5420a30e'),
 ('190', '190', 'en_us', 'Btn Next', NULL, NULL, NULL, NULL, NULL, '2017-06-15 15:30:19', '2017-06-19 20:56:08', '14b21787-9891-4465-a0ae-187127c93530'),
 ('191', '191', 'en_us', 'Btn Previous', NULL, NULL, NULL, NULL, NULL, '2017-06-15 15:30:19', '2017-06-19 20:56:08', '057838f7-8c8d-46ec-9f0f-b25926188a51'),
 ('192', '192', 'en_us', 'Default Thumbnail', NULL, NULL, NULL, NULL, NULL, '2017-06-15 15:30:19', '2017-06-19 20:56:08', '8d1c3d6c-ad6f-45ad-b567-c0d689691809'),
 ('193', '193', 'en_us', 'Loader', NULL, NULL, NULL, NULL, NULL, '2017-06-15 15:30:19', '2017-06-19 20:56:08', 'f4bab7ab-c5f5-4d6e-8d47-0d7957c29f92'),
 ('194', '194', 'en_us', 'Sprite', NULL, NULL, NULL, NULL, NULL, '2017-06-15 15:30:19', '2017-06-19 20:56:08', '31dcfc18-bd48-4748-9e1a-290bb0d526b0'),
 ('195', '195', 'en_us', 'Btn Next', NULL, NULL, NULL, NULL, NULL, '2017-06-15 15:30:19', '2017-06-19 20:56:08', 'ac015d3f-4b45-4e32-88d6-56b428b88879'),
 ('196', '196', 'en_us', 'Btn Previous', NULL, NULL, NULL, NULL, NULL, '2017-06-15 15:30:19', '2017-06-19 20:56:08', '68b64047-9821-4e75-8fc7-0dfb18e28269'),
 ('197', '197', 'en_us', 'Default Thumbnail', NULL, NULL, NULL, NULL, NULL, '2017-06-15 15:30:19', '2017-06-19 20:56:08', '60fe2688-b100-4c94-9412-bf0b0f8027ca'),
 ('198', '198', 'en_us', 'Loader', NULL, NULL, NULL, NULL, NULL, '2017-06-15 15:30:19', '2017-06-19 20:56:08', 'ac577b89-a642-4918-8a5f-ca56d850d925'),
 ('199', '199', 'en_us', 'Sprite', NULL, NULL, NULL, NULL, NULL, '2017-06-15 15:30:19', '2017-06-19 20:56:08', '346866eb-afeb-4e31-bb15-41244ab818b9'),
 ('201', '201', 'en_us', 'Bathroom1', NULL, NULL, NULL, NULL, NULL, '2017-06-15 15:30:19', '2017-06-19 20:56:08', 'fa803d6a-202b-44d4-8043-1f63650697d1'),
 ('202', '202', 'en_us', 'Blue Bathroom', NULL, NULL, NULL, NULL, NULL, '2017-06-15 15:30:19', '2017-06-19 20:56:08', '1f8b90ea-88ca-46f3-b8a2-f8fa4f0675b9'),
 ('203', '203', 'en_us', 'Blue Chairs', NULL, NULL, NULL, NULL, NULL, '2017-06-15 15:30:19', '2017-06-19 20:56:08', 'cf674c33-1001-4109-a86d-aa329c7c2e8d'),
 ('204', '204', 'en_us', 'Blue Room', NULL, NULL, NULL, NULL, NULL, '2017-06-15 15:30:19', '2017-06-19 20:56:08', '54c8d675-4d07-41a2-9218-53dd9ae678d7'),
 ('205', '205', 'en_us', 'Bluedining', NULL, NULL, NULL, NULL, NULL, '2017-06-15 15:30:19', '2017-06-19 20:56:08', '0dcdb678-4220-4f16-b244-6e3a81284534'),
 ('206', '206', 'en_us', 'Brown Living Room', NULL, NULL, NULL, NULL, NULL, '2017-06-15 15:30:19', '2017-06-19 20:56:08', 'e570f759-41c7-4623-92e4-188fd6ae8e97'),
 ('207', '207', 'en_us', 'Brown Room', NULL, NULL, NULL, NULL, NULL, '2017-06-15 15:30:19', '2017-06-19 20:56:08', '71ba88f2-003c-4587-a5b0-fab33496a1e0'),
 ('208', '208', 'en_us', 'Espresso Kitchen', NULL, NULL, NULL, NULL, NULL, '2017-06-15 15:30:19', '2017-06-19 20:56:08', '67b295c7-b0a1-4f65-9310-7e49f8dede93'),
 ('209', '209', 'en_us', 'Gold Bedroom', NULL, NULL, NULL, NULL, NULL, '2017-06-15 15:30:19', '2017-06-19 20:56:08', '1abf7cdc-df2b-4a7d-a3e5-9e75fe07cab9'),
 ('210', '210', 'en_us', 'Gold Room', NULL, NULL, NULL, NULL, NULL, '2017-06-15 15:30:19', '2017-06-19 20:56:08', '221ed609-bcd8-4a6e-a03e-6a4548187a47'),
 ('211', '211', 'en_us', 'Goldand White', NULL, NULL, NULL, NULL, NULL, '2017-06-15 15:30:19', '2017-06-19 20:56:08', '06aafa96-c9a6-4d0c-8308-6f3d632c8a70'),
 ('212', '212', 'en_us', 'Goldkitchen', NULL, NULL, NULL, NULL, NULL, '2017-06-15 15:30:19', '2017-06-19 20:56:08', '3254a12c-598e-44d1-9dc9-1629d0fa957a'),
 ('213', '213', 'en_us', 'Green Bathroom', NULL, NULL, NULL, NULL, NULL, '2017-06-15 15:30:19', '2017-06-19 20:56:08', '405a7135-f077-4eee-9e4c-1350b8d20602'),
 ('214', '214', 'en_us', 'Kitchen2', NULL, NULL, NULL, NULL, NULL, '2017-06-15 15:30:19', '2017-06-19 20:56:08', '618caf17-a175-4215-8058-8067d86130cd'),
 ('215', '215', 'en_us', 'Off White Bedroom', NULL, NULL, NULL, NULL, NULL, '2017-06-15 15:30:19', '2017-06-19 20:56:08', '9951c208-8862-49ea-99c9-dcaab2c4a750'),
 ('216', '216', 'en_us', 'Orange Room', NULL, NULL, NULL, NULL, NULL, '2017-06-15 15:30:19', '2017-06-19 20:56:08', 'e20b4ce8-7812-45aa-a78c-8295a97856aa'),
 ('217', '217', 'en_us', 'Orange Wall', NULL, NULL, NULL, NULL, NULL, '2017-06-15 15:30:20', '2017-06-19 20:56:09', '0a28e566-1a27-43af-832c-2be277641d23'),
 ('218', '218', 'en_us', 'Palm Wallpaper', NULL, NULL, NULL, NULL, NULL, '2017-06-15 15:30:20', '2017-06-19 20:56:09', '577d3cee-d54b-4107-b56e-db5d58eed75c'),
 ('219', '219', 'en_us', 'Staircase', NULL, NULL, NULL, NULL, NULL, '2017-06-15 15:30:20', '2017-06-19 20:56:09', '0644f000-0989-4a0a-9c94-3361e5571556'),
 ('220', '220', 'en_us', 'Staircase 2', NULL, NULL, NULL, NULL, NULL, '2017-06-15 15:30:20', '2017-06-19 20:56:09', 'dd88c670-9bbe-4044-a2d3-707e196302c4'),
 ('221', '221', 'en_us', 'Stripeddining Thumb', NULL, NULL, NULL, NULL, NULL, '2017-06-15 15:30:20', '2017-06-19 20:56:09', 'd35742f9-e5ab-4d3d-9586-5598bebd3dc5'),
 ('222', '222', 'en_us', 'Table', NULL, NULL, NULL, NULL, NULL, '2017-06-15 15:30:20', '2017-06-19 20:56:09', 'aebc157d-c3f5-4898-b1f2-46bb5f9ceaa0'),
 ('223', '223', 'en_us', 'White Kitchen', NULL, NULL, NULL, NULL, NULL, '2017-06-15 15:30:20', '2017-06-19 20:56:09', '75cd0beb-1152-4ab5-9eb3-1bfd8ed4908b'),
 ('224', '224', 'en_us', 'White Room', NULL, NULL, NULL, NULL, NULL, '2017-06-15 15:30:20', '2017-06-19 20:56:09', 'f42a0176-279e-4bac-827a-877b320d2942'),
 ('231', '231', 'en_us', 'Bathroom New1', NULL, NULL, NULL, NULL, NULL, '2017-06-15 15:30:20', '2017-06-19 20:56:09', '94a125d9-40c5-403e-9ecf-1ac779e4b53c'),
 ('232', '232', 'en_us', 'Big  Flower', NULL, NULL, NULL, NULL, NULL, '2017-06-15 15:30:20', '2017-06-19 20:56:09', '633894df-616d-44df-9c69-c1675f07b383'),
 ('233', '233', 'en_us', 'Bird Chair', NULL, NULL, NULL, NULL, NULL, '2017-06-15 15:30:20', '2017-06-19 20:56:09', 'b77ffa8c-ad70-46b3-b035-668dab226d86'),
 ('234', '234', 'en_us', 'Black  Kitchen', NULL, NULL, NULL, NULL, NULL, '2017-06-15 15:30:20', '2017-06-19 20:56:09', 'eb67ca56-cbe8-4659-ac70-8819c5c0d2ca');
INSERT INTO `craft_content` (`id`, `elementId`, `locale`, `title`, `field_body`, `field_sideColumn`, `field_caption`, `field_altTag`, `field_imageLink`, `dateCreated`, `dateUpdated`, `uid`) VALUES
 ('235', '235', 'en_us', 'Black Windows', NULL, NULL, NULL, NULL, NULL, '2017-06-15 15:30:20', '2017-06-19 20:56:09', 'a222b89f-a0aa-4ba0-a43d-81c9622c0d01'),
 ('236', '236', 'en_us', 'Blue  Bookcase', NULL, NULL, NULL, NULL, NULL, '2017-06-15 15:30:20', '2017-06-19 20:56:09', '3015bcc4-928f-4b7d-a205-6baff8d91767'),
 ('237', '237', 'en_us', 'Blue  Chair', NULL, NULL, NULL, NULL, NULL, '2017-06-15 15:30:20', '2017-06-19 20:56:09', 'e6c3ae4f-3da1-4e8d-8c7b-7bb6768fb8f5'),
 ('238', '238', 'en_us', 'Blue  Doors', NULL, NULL, NULL, NULL, NULL, '2017-06-15 15:30:20', '2017-06-19 20:56:09', '8aa7d721-3335-4db5-b9b9-f0c88035d7ae'),
 ('239', '239', 'en_us', 'Blue  Flowers', NULL, NULL, NULL, NULL, NULL, '2017-06-15 15:30:21', '2017-06-19 20:56:09', '5d658cdf-2615-4a6d-b351-2ad8d4a9fae8'),
 ('240', '240', 'en_us', 'Blue  Lamps', NULL, NULL, NULL, NULL, NULL, '2017-06-15 15:30:21', '2017-06-19 20:56:10', '42e5e414-efef-4c7b-b04f-105964167c76'),
 ('241', '241', 'en_us', 'Blue  Pink  Bed', NULL, NULL, NULL, NULL, NULL, '2017-06-15 15:30:21', '2017-06-19 20:56:10', 'bedeab7b-4833-4b1b-b828-05481496805e'),
 ('242', '242', 'en_us', 'Blue  Vase', NULL, NULL, NULL, NULL, NULL, '2017-06-15 15:30:21', '2017-06-19 20:56:10', '12df4b58-126f-45d3-9ea6-1b8f4e088e06'),
 ('243', '243', 'en_us', 'Blue  Wallpaper', NULL, NULL, NULL, NULL, NULL, '2017-06-15 15:30:21', '2017-06-19 20:56:10', 'e45e7cce-80e2-480d-bee2-078083da39fe'),
 ('244', '244', 'en_us', 'Bluedining', NULL, NULL, NULL, NULL, NULL, '2017-06-15 15:30:21', '2017-06-19 20:56:10', '5a6a0b95-407a-45a0-9ef9-0a2e446e8544'),
 ('245', '245', 'en_us', 'Chandelier', NULL, NULL, NULL, NULL, NULL, '2017-06-15 15:30:21', '2017-06-19 20:56:10', '1e7e63a4-0d7e-4971-9f65-95460f5f54ba'),
 ('246', '246', 'en_us', 'Clear  Table', NULL, NULL, NULL, NULL, NULL, '2017-06-15 15:30:21', '2017-06-19 20:56:10', 'bfdef9ee-788d-4318-bac2-2cd1bf63b021'),
 ('247', '247', 'en_us', 'Copper Sink', NULL, NULL, NULL, NULL, NULL, '2017-06-15 15:30:21', '2017-06-19 20:56:10', '395202e2-64d3-4d89-a5b6-77ffeb754619'),
 ('248', '248', 'en_us', 'Dali  Lithograph', NULL, NULL, NULL, NULL, NULL, '2017-06-15 15:30:21', '2017-06-19 20:56:10', '0ff319e3-3cdf-433a-9f77-08b3d6fd4b31'),
 ('249', '249', 'en_us', 'Desk', NULL, NULL, NULL, NULL, NULL, '2017-06-15 15:30:21', '2017-06-19 20:56:10', '76e5901b-7c59-407a-a19b-6a6e61c400fe'),
 ('250', '250', 'en_us', 'Flowers  Vase', NULL, NULL, NULL, NULL, NULL, '2017-06-15 15:30:21', '2017-06-19 20:56:10', '14da418c-38b0-497c-9789-8883f2d2e0e0'),
 ('251', '251', 'en_us', 'Gold Kitchen', NULL, NULL, NULL, NULL, NULL, '2017-06-15 15:30:21', '2017-06-19 20:56:10', 'a67a22f7-8e61-4c79-a075-ef14a072c69e'),
 ('252', '252', 'en_us', 'Gold  Room', NULL, NULL, NULL, NULL, NULL, '2017-06-15 15:30:21', '2017-06-19 20:56:10', 'd52bd2e9-da8f-4573-8d9e-13024e6623fc'),
 ('253', '253', 'en_us', 'Green Plant', NULL, NULL, NULL, NULL, NULL, '2017-06-15 15:30:21', '2017-06-19 20:56:10', '41151808-ee21-4c56-82a7-c9b226756dda'),
 ('254', '254', 'en_us', 'Green  Bathroom', NULL, NULL, NULL, NULL, NULL, '2017-06-15 15:30:22', '2017-06-19 20:56:10', '9d99466c-54f4-43dc-b5d3-298ba0c465e5'),
 ('255', '255', 'en_us', 'Green  Ceiling', NULL, NULL, NULL, NULL, NULL, '2017-06-15 15:30:22', '2017-06-19 20:56:10', '265d0825-d3bd-4323-bb88-b3d9d9dbd7e1'),
 ('256', '256', 'en_us', 'Green  Room', NULL, NULL, NULL, NULL, NULL, '2017-06-15 15:30:22', '2017-06-19 20:56:11', '1abf8214-4687-4d1e-9ecc-f9d611010880'),
 ('257', '257', 'en_us', 'Mirror', NULL, NULL, NULL, NULL, NULL, '2017-06-15 15:30:22', '2017-06-19 20:56:11', '4e30ac98-09d2-48a0-83ec-d3ff3d2106d5'),
 ('258', '258', 'en_us', 'Orange  Room', NULL, NULL, NULL, NULL, NULL, '2017-06-15 15:30:22', '2017-06-19 20:56:11', 'a35659b6-8e60-46d2-a8e9-43231fc757f4'),
 ('259', '259', 'en_us', 'Peacock', NULL, NULL, NULL, NULL, NULL, '2017-06-15 15:30:22', '2017-06-19 20:56:11', 'f592de97-42c4-420e-acf4-8598a8919c7a'),
 ('260', '260', 'en_us', 'Purple  Table', NULL, NULL, NULL, NULL, NULL, '2017-06-15 15:30:22', '2017-06-19 20:56:11', '5ae0796a-783c-4308-af36-5105e583415f'),
 ('261', '261', 'en_us', 'Sculpture', NULL, NULL, NULL, NULL, NULL, '2017-06-15 15:30:22', '2017-06-19 20:56:11', 'e3d18d5b-c485-4ffe-8e8e-4697ada02b36'),
 ('262', '262', 'en_us', 'Shell', NULL, NULL, NULL, NULL, NULL, '2017-06-15 15:30:22', '2017-06-19 20:56:11', '75d77f0f-7a11-4b5d-b090-25c7ca068fea'),
 ('263', '263', 'en_us', 'Spiral  Floor', NULL, NULL, NULL, NULL, NULL, '2017-06-15 15:30:22', '2017-06-19 20:56:11', 'c46d24a8-b2d3-45f7-8858-fae807bc7696'),
 ('264', '264', 'en_us', 'Staircase', NULL, NULL, NULL, NULL, NULL, '2017-06-15 15:30:22', '2017-06-19 20:56:11', '7f7bfff6-c2a0-4760-b9f1-fa12e90e915e'),
 ('265', '265', 'en_us', 'Table Shot', NULL, NULL, NULL, NULL, NULL, '2017-06-15 15:30:22', '2017-06-19 20:56:11', 'e139ab02-d258-4869-ab42-c795a58b3ced'),
 ('266', '266', 'en_us', 'Tapestries', NULL, NULL, NULL, NULL, NULL, '2017-06-15 15:30:22', '2017-06-19 20:56:11', '38c937ca-5011-4410-aeef-3371e1500624'),
 ('267', '267', 'en_us', 'Wallpaper', NULL, NULL, NULL, NULL, NULL, '2017-06-15 15:30:22', '2017-06-19 20:56:11', '4d9f4673-baf6-49bc-a6f0-9f09efaee8b9'),
 ('268', '268', 'en_us', 'White  Bathroom', NULL, NULL, NULL, NULL, NULL, '2017-06-15 15:30:22', '2017-06-19 20:56:11', '2424b284-1f60-4ad6-9052-af5f28ded397'),
 ('269', '269', 'en_us', 'White  Bedroom', NULL, NULL, NULL, NULL, NULL, '2017-06-15 15:30:23', '2017-06-19 20:56:11', '0109a224-886b-43be-b689-78c3490dc2d4'),
 ('270', '270', 'en_us', 'White  Bookcase', NULL, NULL, NULL, NULL, NULL, '2017-06-15 15:30:23', '2017-06-19 20:56:11', '04793b7a-424d-4c6b-84f6-4aabae94dd2b'),
 ('271', '271', 'en_us', 'White  Kitchen', NULL, NULL, NULL, NULL, NULL, '2017-06-15 15:30:23', '2017-06-19 20:56:11', '3d964e3f-e963-443d-9d7b-3380ae9989c9'),
 ('272', '272', 'en_us', 'White  Staircase', NULL, NULL, NULL, NULL, NULL, '2017-06-15 15:30:23', '2017-06-19 20:56:11', 'b613baa2-403d-446b-9034-278a133c9e17'),
 ('273', '273', 'en_us', 'Wood  Chair', NULL, NULL, NULL, NULL, NULL, '2017-06-15 15:30:23', '2017-06-19 20:56:11', 'd0e0dee8-cdc5-4e02-8193-b1a5c0c91145'),
 ('274', '274', 'en_us', 'Beautifulchair Full', NULL, NULL, NULL, NULL, NULL, '2017-06-15 15:30:23', '2017-06-19 20:56:12', '5a7df150-aa6d-4f66-a53a-6144fba62130'),
 ('275', '275', 'en_us', 'Flower Stairs', NULL, NULL, NULL, NULL, NULL, '2017-06-15 15:30:23', '2017-06-19 20:56:12', '33f8dc46-9658-4dcc-a0e9-2773e3b8c3bb'),
 ('276', '276', 'en_us', 'Fringechair Full', NULL, NULL, NULL, NULL, NULL, '2017-06-15 15:30:23', '2017-06-19 20:56:12', '929f24a5-dd1e-4611-9e09-f3929b5abd7d'),
 ('277', '277', 'en_us', 'Kitchen1', NULL, NULL, NULL, NULL, NULL, '2017-06-15 15:30:23', '2017-06-19 20:56:12', '64a5ce7c-5082-4f86-895b-bfc61246ccad'),
 ('278', '278', 'en_us', 'Stripeddiningroom Fullsize', NULL, NULL, NULL, NULL, NULL, '2017-06-15 15:30:23', '2017-06-19 20:56:12', 'dd52ad9e-bb24-4ee4-8b9b-f4a70fcefc54'),
 ('279', '279', 'en_us', 'Tablesetting Full', NULL, NULL, NULL, NULL, NULL, '2017-06-15 15:30:23', '2017-06-19 20:56:12', '6c0a9def-7e1d-4943-88df-e2088fb84d98'),
 ('280', '280', 'en_us', 'Teardropslarge', NULL, NULL, NULL, NULL, NULL, '2017-06-15 15:30:23', '2017-06-19 20:56:12', '1e170881-18a7-4cf4-80ea-3721d8eae5e6'),
 ('283', '283', 'en_us', 'Tag Example', NULL, NULL, NULL, NULL, NULL, '2017-06-15 15:57:36', '2017-06-15 15:57:36', 'c76ee00e-a295-4259-98ab-87e1a24535af'),
 ('284', '284', 'en_us', 'tags', NULL, NULL, NULL, NULL, NULL, '2017-06-19 18:28:26', '2017-06-19 18:28:26', 'b8bb2999-ba75-45f1-834d-72b7a860d53d'),
 ('286', '286', 'en_us', 'Lux', NULL, NULL, NULL, NULL, NULL, '2017-06-21 14:20:51', '2017-06-21 14:20:51', 'c4ddc9b0-c36b-4916-819d-d35505f10cba'),
 ('287', '287', 'en_us', 'Floral Mo', NULL, NULL, NULL, NULL, NULL, '2017-06-21 14:21:00', '2017-06-21 14:21:00', 'ec45a357-7570-45e8-9519-8a0b84f63823'),
 ('288', '288', 'en_us', 'Tablec', NULL, NULL, NULL, NULL, NULL, '2017-06-21 14:21:06', '2017-06-21 14:21:06', 'e5db23a5-255b-4b17-84e4-493408d0626d'),
 ('289', '289', 'en_us', 'Monograms', NULL, NULL, NULL, NULL, NULL, '2017-06-21 14:21:12', '2017-06-21 14:21:12', '588c7404-200b-4c59-9a6b-dc2be2c0d8d6'),
 ('291', '294', 'en_us', 'ThisIsATag', NULL, NULL, NULL, NULL, NULL, '2017-06-21 15:38:01', '2017-06-21 15:38:01', '7cb2a7bc-b060-439c-921d-baaf5781e805'),
 ('428', '434', 'en_us', 'Bluechair', NULL, NULL, NULL, NULL, NULL, '2017-06-27 16:05:59', '2017-06-27 16:05:59', 'beb6dc8d-0e2a-4949-84b5-d24b5b97ae3a'),
 ('429', '435', 'en_us', 'Gold Star', NULL, NULL, NULL, NULL, NULL, '2017-06-27 16:06:00', '2017-06-27 16:06:00', '9bd47bf3-9ffe-4038-9e8b-f979a14a21c5'),
 ('430', '436', 'en_us', 'Gold Star', NULL, NULL, NULL, NULL, NULL, '2017-06-27 16:06:01', '2017-06-27 16:06:01', 'f876c66a-70f7-478d-96d1-f87206f351ae'),
 ('431', '437', 'en_us', 'Gold Star@2X', NULL, NULL, NULL, NULL, NULL, '2017-06-27 16:06:01', '2017-06-27 16:06:01', '7306be7c-2b67-4c60-b2fe-10f0fbfef136'),
 ('432', '438', 'en_us', 'Gold Star@3X', NULL, NULL, NULL, NULL, NULL, '2017-06-27 16:06:02', '2017-06-27 16:06:02', '024851ec-7472-480b-9c45-c4721e466865'),
 ('433', '439', 'en_us', 'Peacock', NULL, NULL, NULL, NULL, NULL, '2017-06-27 16:06:10', '2017-06-27 16:06:10', '9df25463-e007-49e7-9cad-a7142b58df67'),
 ('434', '440', 'en_us', 'Plant', NULL, NULL, NULL, NULL, NULL, '2017-06-27 16:06:14', '2017-06-27 16:06:14', '73126769-42d5-4e27-942b-c52a01ee418f'),
 ('435', '441', 'en_us', 'Shelleys Logo Large', NULL, NULL, NULL, NULL, NULL, '2017-06-27 16:06:15', '2017-06-27 16:06:15', '936b46a0-9441-4062-8e20-75822c53d56c'),
 ('436', '442', 'en_us', 'Shelleys Logo Large', NULL, NULL, NULL, NULL, NULL, '2017-06-27 16:06:17', '2017-06-27 16:06:17', 'a37505b9-da02-4b7f-98b5-e4a253255418'),
 ('437', '443', 'en_us', 'Shelleys Logo Large@2X', NULL, NULL, NULL, NULL, NULL, '2017-06-27 16:06:18', '2017-06-27 16:06:18', '58143da8-159d-4616-b7e3-f6300008bbba'),
 ('438', '444', 'en_us', 'Shelleys Logo Large@3X', NULL, NULL, NULL, NULL, NULL, '2017-06-27 16:06:20', '2017-06-27 16:06:20', 'c92a5fc6-fa9c-4d73-9d55-9325401cebaf'),
 ('439', '445', 'en_us', 'Shelley White Logo Homepage', NULL, NULL, NULL, NULL, NULL, '2017-06-27 16:06:20', '2017-06-27 16:06:20', '2deb7e11-ca69-44f2-84f4-ceea5ff7de56'),
 ('440', '446', 'en_us', 'Shelley White Logo Homepage', NULL, NULL, NULL, NULL, NULL, '2017-06-27 16:06:22', '2017-06-27 16:06:22', '57e58e4c-ba55-4433-b5c4-11061b218fd4'),
 ('441', '447', 'en_us', 'Shelley White Logo Homepage@2X', NULL, NULL, NULL, NULL, NULL, '2017-06-27 16:06:22', '2017-06-27 16:06:22', '02d93848-8482-4469-930c-49b957514dd4'),
 ('442', '448', 'en_us', 'Shelley White Logo Homepage@3X', NULL, NULL, NULL, NULL, NULL, '2017-06-27 16:06:23', '2017-06-27 16:06:23', '178acbec-657c-4708-8d21-190dbdae5732'),
 ('443', '449', 'en_us', 'Side Bar Logo', NULL, NULL, NULL, NULL, NULL, '2017-06-27 16:06:23', '2017-06-27 16:06:23', '20c2b072-3f94-4a23-bdad-3461f45dc339'),
 ('444', '450', 'en_us', 'Side Bar Logo', NULL, NULL, NULL, NULL, NULL, '2017-06-27 16:06:26', '2017-06-27 16:06:26', 'bc8dfbb5-3a16-437f-a2b9-2d4cc16b30dd'),
 ('445', '451', 'en_us', 'Side Bar Logo@2X', NULL, NULL, NULL, NULL, NULL, '2017-06-27 16:06:26', '2017-06-27 16:06:26', '1a66a7b9-c36b-40f2-beab-30885552b89c'),
 ('446', '452', 'en_us', 'Side Bar Logo@3X', NULL, NULL, NULL, NULL, NULL, '2017-06-27 16:06:27', '2017-06-27 16:06:27', '3cf18611-0b31-44b3-bd37-da486c93538b'),
 ('447', '453', 'en_us', 'Table', NULL, NULL, NULL, NULL, NULL, '2017-06-27 16:06:36', '2017-06-27 16:06:36', 'e717eea7-1742-430d-9d69-41c4a0e08252'),
 ('448', '454', 'en_us', 'Goldlist', NULL, NULL, NULL, NULL, NULL, '2017-06-27 16:08:14', '2017-06-27 16:10:02', '01efd577-9073-4a8b-b595-39adc3a13ad6'),
 ('449', '455', 'en_us', 'Newbanner', NULL, NULL, NULL, NULL, NULL, '2017-06-27 16:08:33', '2017-06-27 16:10:03', 'c62e16e8-bb5b-4db1-ba65-4eeb270bbf3c'),
 ('450', '456', 'en_us', 'Magazine Cover', NULL, NULL, NULL, NULL, NULL, '2017-06-27 16:08:50', '2017-06-27 16:10:02', '306ce8bb-a1ce-4ccc-bf79-7dc385416ce6'),
 ('451', '457', 'en_us', 'Forestbluff2017', NULL, NULL, NULL, NULL, NULL, '2017-06-27 16:08:55', '2017-06-27 16:10:02', 'f523e8e1-13c9-48f6-bf11-a33992464841'),
 ('452', '458', 'en_us', 'Forest Bluff Risko', NULL, NULL, NULL, NULL, NULL, '2017-06-27 16:08:56', '2017-06-27 16:10:02', '15559410-5bf4-4804-badf-b5b59039e224'),
 ('453', '459', 'en_us', 'Foyer', NULL, NULL, NULL, NULL, NULL, '2017-06-27 16:08:56', '2017-06-27 16:10:02', '5c3e08b2-b8a6-480f-bdf0-e4301b365535'),
 ('454', '460', 'en_us', 'Glampad', NULL, NULL, NULL, NULL, NULL, '2017-06-27 16:08:57', '2017-06-27 16:10:02', '0d9bd31c-6742-4964-bbed-c9216a2d09d3'),
 ('458', '464', 'en_us', 'Sj March2016', NULL, NULL, NULL, NULL, NULL, '2017-06-27 16:08:58', '2017-06-27 16:10:03', 'b5d7da1e-3988-42b2-b5aa-f6ffe93ed389'),
 ('460', '466', 'en_us', 'Traditionalhomes House', NULL, NULL, NULL, NULL, NULL, '2017-06-27 16:08:58', '2017-06-27 16:10:03', 'a0570f17-9981-49b0-81ff-520545ae22c9'),
 ('461', '467', 'en_us', 'Vita Life Blog', NULL, NULL, NULL, NULL, NULL, '2017-06-27 16:08:59', '2017-06-27 16:10:03', 'a9e4b110-66db-4797-800f-68a61a151075'),
 ('462', '468', 'en_us', 'Stairs', NULL, NULL, NULL, NULL, NULL, '2017-06-27 16:09:08', '2017-06-27 16:10:03', '4401c2f3-b285-4a37-bde0-5fb3f661d945'),
 ('463', '469', 'en_us', 'Design Chic', NULL, NULL, NULL, NULL, NULL, '2017-06-27 16:09:30', '2017-06-27 16:09:30', 'db7a7e2f-10dd-4667-9353-d60c0b92cb11'),
 ('471', '477', 'en_us', 'Shelleytraditionalcover', NULL, NULL, NULL, NULL, NULL, '2017-06-27 16:09:51', '2017-06-27 16:09:51', 'cb3db5e8-0677-4d8c-9be5-a165254c0e6b'),
 ('476', '482', 'en_us', 'Clock Tower', NULL, NULL, NULL, NULL, NULL, '2017-06-27 16:10:44', '2017-06-27 16:10:44', 'ac67c9d9-98c4-489f-889f-7057f7da6a79'),
 ('477', '483', 'en_us', 'Dining Pink', NULL, NULL, NULL, NULL, NULL, '2017-06-27 16:10:45', '2017-06-27 16:10:45', 'e4adb863-df15-4028-b4a5-dd36b4e8ba39'),
 ('478', '484', 'en_us', 'Oranges', NULL, NULL, NULL, NULL, NULL, '2017-06-27 16:10:45', '2017-06-27 16:10:45', 'f4b38255-a1c6-4621-a1f9-f2b053952e1e'),
 ('479', '485', 'en_us', 'Pool Outside', NULL, NULL, NULL, NULL, NULL, '2017-06-27 16:10:45', '2017-06-27 16:10:45', '5a8f5197-6fbb-4d45-93c4-e5940153377b'),
 ('480', '486', 'en_us', 'Poolpinkbenches', NULL, NULL, NULL, NULL, NULL, '2017-06-27 16:10:45', '2017-06-27 16:10:45', '9bbc26e2-6dfd-4470-bf81-0dd37a0da074'),
 ('481', '487', 'en_us', 'Pool View', NULL, NULL, NULL, NULL, NULL, '2017-06-27 16:10:45', '2017-06-27 16:10:45', '3f2a9ed6-305f-449e-ac00-2d7affe85b37'),
 ('482', '488', 'en_us', 'Set Table', NULL, NULL, NULL, NULL, NULL, '2017-06-27 16:10:45', '2017-06-27 16:10:45', 'bfc39143-16d6-41a9-a09c-a17583d82392'),
 ('483', '489', 'en_us', 'Shelley Dress', NULL, NULL, NULL, NULL, NULL, '2017-06-27 16:10:46', '2017-06-27 16:10:46', '4a9694df-669b-43bc-a7aa-0289ad38ae93'),
 ('484', '490', 'en_us', 'Shelley Flowers', NULL, NULL, NULL, NULL, NULL, '2017-06-27 16:10:46', '2017-06-27 16:10:46', '63beadd3-a2a0-4191-8f00-0ae82fc54c79'),
 ('485', '491', 'en_us', 'Birdchair', NULL, NULL, NULL, NULL, NULL, '2017-06-27 16:11:27', '2017-06-27 16:11:27', '2d3b27d7-f805-4216-b872-a6df0b46555c'),
 ('486', '492', 'en_us', 'Blackwindows', NULL, NULL, NULL, NULL, NULL, '2017-06-27 16:11:27', '2017-06-27 16:11:27', '3ad85559-4794-4e2c-93f0-2a99e211d177'),
 ('487', '493', 'en_us', 'Blue Corner', NULL, NULL, NULL, NULL, NULL, '2017-06-27 16:11:27', '2017-06-27 16:11:27', '9ccc7d16-e043-421b-a037-df344f3fe452'),
 ('488', '494', 'en_us', 'Blue Lamp', NULL, NULL, NULL, NULL, NULL, '2017-06-27 16:11:28', '2017-06-27 16:11:28', '9d2581ad-d9ee-47b8-8da2-586ba7816729'),
 ('489', '495', 'en_us', 'Chair Flower', NULL, NULL, NULL, NULL, NULL, '2017-06-27 16:11:28', '2017-06-27 16:11:28', '0d149f73-812e-48a5-8fd7-5d31a0a3030e');
INSERT INTO `craft_content` (`id`, `elementId`, `locale`, `title`, `field_body`, `field_sideColumn`, `field_caption`, `field_altTag`, `field_imageLink`, `dateCreated`, `dateUpdated`, `uid`) VALUES
 ('490', '496', 'en_us', 'Coppersink', NULL, NULL, NULL, NULL, NULL, '2017-06-27 16:11:28', '2017-06-27 16:11:28', '2ca83036-9949-41ce-af24-2755a618647b'),
 ('491', '497', 'en_us', 'Doorway', NULL, NULL, NULL, NULL, NULL, '2017-06-27 16:11:28', '2017-06-27 16:11:28', '1d8c34c5-482d-4cb4-b729-63194be8506e'),
 ('492', '498', 'en_us', 'Flower Bird', NULL, NULL, NULL, NULL, NULL, '2017-06-27 16:11:28', '2017-06-27 16:11:28', 'ff4f1d03-00f2-47a3-bba0-f37a121cc5d8'),
 ('493', '499', 'en_us', 'Flower Lamp', NULL, NULL, NULL, NULL, NULL, '2017-06-27 16:11:28', '2017-06-27 16:11:28', '2f33148d-be4b-46cc-bc83-c430b442080f'),
 ('494', '500', 'en_us', 'Green Ceiling', NULL, NULL, NULL, NULL, NULL, '2017-06-27 16:11:28', '2017-06-27 16:11:28', 'afa3f7c9-315b-4b23-85ea-a2ab69cd9608'),
 ('495', '501', 'en_us', 'Loft Railing', NULL, NULL, NULL, NULL, NULL, '2017-06-27 16:11:29', '2017-06-27 16:11:29', '82be6ddd-8781-40ef-9cfc-8b8834badc04'),
 ('496', '502', 'en_us', 'Patio Post', NULL, NULL, NULL, NULL, NULL, '2017-06-27 16:11:29', '2017-06-27 16:11:29', '9e946f15-90a8-47a5-95ad-8bd0f459886b'),
 ('497', '503', 'en_us', 'Pink Bookcase', NULL, NULL, NULL, NULL, NULL, '2017-06-27 16:11:29', '2017-06-27 16:11:29', '000aadb9-cbf4-4896-af2b-200c14583b88'),
 ('498', '504', 'en_us', 'Plant1', NULL, NULL, NULL, NULL, NULL, '2017-06-27 16:11:29', '2017-06-27 16:11:29', '0665e8d7-4067-4420-95b4-a035b1675897'),
 ('506', '512', 'en_us', 'Side Table', NULL, NULL, NULL, NULL, NULL, '2017-06-27 16:11:32', '2017-06-27 16:11:32', '988cca5e-689a-4753-baf8-b4ed60c81931'),
 ('507', '513', 'en_us', 'Stairflowers', NULL, NULL, NULL, NULL, NULL, '2017-06-27 16:11:32', '2017-06-27 16:11:32', '47dc0764-f327-4c3e-a0af-9aaef628ee8e'),
 ('508', '514', 'en_us', 'Stairs', NULL, NULL, NULL, NULL, NULL, '2017-06-27 16:11:32', '2017-06-27 16:11:32', 'e419a2ca-04f3-439c-a2d0-2c8764e77eab'),
 ('509', '515', 'en_us', 'Tableshot', NULL, NULL, NULL, NULL, NULL, '2017-06-27 16:11:33', '2017-06-27 16:11:33', '014bc478-cdd7-4ec9-b3b5-242876c47033'),
 ('510', '516', 'en_us', 'Teardrops', NULL, NULL, NULL, NULL, NULL, '2017-06-27 16:11:33', '2017-06-27 16:11:33', '1f1d156e-2646-4e76-819a-924b925c2a94'),
 ('511', '517', 'en_us', 'White Topiary', NULL, NULL, NULL, NULL, NULL, '2017-06-27 16:11:33', '2017-06-27 16:11:33', 'f5a08ee7-70e6-4338-9d4c-bd3c170ed2db'),
 ('512', '518', 'en_us', 'Wood Chair', NULL, NULL, NULL, NULL, NULL, '2017-06-27 16:11:33', '2017-06-27 16:11:33', 'e1f83748-58dc-406f-8d56-ba80bec4d5df'),
 ('513', '519', 'en_us', 'Press 01', NULL, NULL, NULL, NULL, NULL, '2017-06-27 16:12:06', '2017-06-27 16:12:06', '1e6e0c53-ca11-42ff-bbd1-033e96af44fb'),
 ('514', '520', 'en_us', 'Press 02', NULL, NULL, NULL, NULL, NULL, '2017-06-27 16:12:07', '2017-06-27 16:12:07', '19f313e0-d7b5-42b6-9e10-37e71770189a'),
 ('515', '521', 'en_us', 'Press 03', NULL, NULL, NULL, NULL, NULL, '2017-06-27 16:12:07', '2017-06-27 16:12:07', '1a0533a7-b2b1-4eb3-b0af-8d0c83522f90'),
 ('516', '522', 'en_us', 'Press 04', NULL, NULL, NULL, NULL, NULL, '2017-06-27 16:12:07', '2017-06-27 16:12:07', '574d2244-ecf2-44e0-affd-078f8a36c2b0'),
 ('517', '523', 'en_us', 'Press 05', NULL, NULL, NULL, NULL, NULL, '2017-06-27 16:12:07', '2017-06-27 16:12:07', '1d34f294-d1a8-470e-b198-aa305ff34e58'),
 ('518', '524', 'en_us', 'Press 06', NULL, NULL, NULL, NULL, NULL, '2017-06-27 16:12:08', '2017-06-27 16:12:08', 'de87112d-1126-4844-9391-9f74eba0fc52'),
 ('519', '525', 'en_us', 'Press 07', NULL, NULL, NULL, NULL, NULL, '2017-06-27 16:12:08', '2017-06-27 16:12:08', '321cc70d-796c-4f35-b9f9-ab516e0ec6bf'),
 ('520', '526', 'en_us', 'Press 08', NULL, NULL, NULL, NULL, NULL, '2017-06-27 16:12:08', '2017-06-27 16:12:08', '64090ac2-3ee2-46e2-8ea2-cc28e7ac150d'),
 ('521', '527', 'en_us', 'Press 09', NULL, NULL, NULL, NULL, NULL, '2017-06-27 16:12:08', '2017-06-27 16:12:08', 'f405fe67-737e-4b19-8f9f-cdb5c07b5c5d'),
 ('522', '528', 'en_us', 'Press 10', NULL, NULL, NULL, NULL, NULL, '2017-06-27 16:12:08', '2017-06-27 16:12:08', '6f503349-3ff8-4010-adf6-9da56550acf9'),
 ('523', '529', 'en_us', 'Press 11', NULL, NULL, NULL, NULL, NULL, '2017-06-27 16:12:08', '2017-06-27 16:12:08', '3a5344e7-9884-49e3-b906-3b32f9cf0466'),
 ('524', '530', 'en_us', 'Press 12', NULL, NULL, NULL, NULL, NULL, '2017-06-27 16:12:08', '2017-06-27 16:12:08', '834a52de-3c48-47ff-b7a7-d9b9c22a1def'),
 ('525', '531', 'en_us', 'Press 13', NULL, NULL, NULL, NULL, NULL, '2017-06-27 16:12:09', '2017-06-27 16:12:09', '055a98ee-323e-4401-a9ae-952e172f7ebd'),
 ('526', '532', 'en_us', 'Press 14', NULL, NULL, NULL, NULL, NULL, '2017-06-27 16:12:09', '2017-06-27 16:12:09', '60f35d5c-aa01-4bbf-9769-c2a0cc9a0fd4'),
 ('527', '533', 'en_us', 'Press 15', NULL, NULL, NULL, NULL, NULL, '2017-06-27 16:12:12', '2017-06-27 16:12:12', '648f3dd8-f1c3-4906-bc8c-df54de9fe4d5'),
 ('528', '534', 'en_us', 'Press 16', NULL, NULL, NULL, NULL, NULL, '2017-06-27 16:12:12', '2017-06-27 16:12:12', '9702e28e-1d73-4f00-a1a4-8c2269ee0357'),
 ('529', '535', 'en_us', 'Press 17', NULL, NULL, NULL, NULL, NULL, '2017-06-27 16:12:12', '2017-06-27 16:12:12', 'b199c705-a7c0-4e7d-b4d5-159a4bd02c76'),
 ('530', '536', 'en_us', 'Press 18', NULL, NULL, NULL, NULL, NULL, '2017-06-27 16:12:13', '2017-06-27 16:12:13', 'c7eb3f66-d096-43ce-8d98-2da30bee11b2'),
 ('562', '568', 'en_us', 'About Karen', NULL, NULL, NULL, NULL, NULL, '2017-06-27 16:13:59', '2017-06-27 16:13:59', 'ff908867-b043-43f0-8198-46f897d99069'),
 ('563', '569', 'en_us', 'About Shelley', NULL, NULL, NULL, NULL, NULL, '2017-06-27 16:13:59', '2017-06-27 16:13:59', 'c46e7dd3-d68f-453a-bf0e-6d3df0f09121'),
 ('564', '570', 'en_us', 'About Tile', NULL, NULL, NULL, NULL, NULL, '2017-06-27 16:13:59', '2017-06-27 16:13:59', 'a41eb59f-3a49-4706-9dd4-3b68fd6e991a'),
 ('566', '572', 'en_us', 'Color Tile', NULL, NULL, NULL, NULL, NULL, '2017-06-27 16:14:00', '2017-06-27 16:14:00', '5b035b8d-de1a-46bb-ba2c-114c2b80f560'),
 ('567', '573', 'en_us', 'Details Tile', NULL, NULL, NULL, NULL, NULL, '2017-06-27 16:14:00', '2017-06-27 16:14:00', 'c63f30d8-3614-42e7-b804-cbc97fdca8a1'),
 ('568', '574', 'en_us', 'Flowers Car', NULL, NULL, NULL, NULL, NULL, '2017-06-27 16:14:00', '2017-06-27 16:14:00', '32f0a976-75ed-40d6-9563-20ebe25c8d54'),
 ('569', '575', 'en_us', 'Forestbluff Now', NULL, NULL, NULL, NULL, NULL, '2017-06-27 16:14:00', '2017-06-27 16:14:00', '427da471-a50d-485b-b85d-be2fb61d587b'),
 ('570', '576', 'en_us', 'Inpsiration Tile', NULL, NULL, NULL, NULL, NULL, '2017-06-27 16:14:00', '2017-06-27 16:14:00', 'a88784fd-d30a-4f66-be1a-1df36b08b97f'),
 ('571', '577', 'en_us', 'Inspiration', NULL, NULL, NULL, NULL, NULL, '2017-06-27 16:14:00', '2017-06-27 16:14:00', '0cb6c3f5-39d5-427a-95cb-70ccac9bb6b5'),
 ('573', '579', 'en_us', 'Lifestyle Tile', NULL, NULL, NULL, NULL, NULL, '2017-06-27 16:14:00', '2017-06-27 16:14:00', '316a6998-29ea-42a0-b731-93225d5dce73'),
 ('575', '581', 'en_us', 'Luxebanner', NULL, NULL, NULL, NULL, NULL, '2017-06-27 16:14:00', '2017-06-27 16:14:01', '79114a4e-64f6-4029-b833-41e453ca977b'),
 ('578', '584', 'en_us', 'Now', NULL, NULL, NULL, NULL, NULL, '2017-06-27 16:14:01', '2017-06-27 16:14:01', 'a5c96131-1f88-4bff-baad-1e32ca3bcecc'),
 ('579', '585', 'en_us', 'Now Tile', NULL, NULL, NULL, NULL, NULL, '2017-06-27 16:14:01', '2017-06-27 16:14:01', '0ed723e1-fcaa-4744-9b88-b1762ea4083e'),
 ('580', '586', 'en_us', 'Now Tile', NULL, NULL, NULL, NULL, NULL, '2017-06-27 16:14:01', '2017-06-27 16:14:01', '9cea9723-1fbd-43ea-8a0f-411788d931eb'),
 ('581', '587', 'en_us', 'Now Tile Alternate', NULL, NULL, NULL, NULL, NULL, '2017-06-27 16:14:01', '2017-06-27 16:14:01', 'e935efc3-38fd-45f4-9bc0-2bc21395efd5'),
 ('583', '589', 'en_us', 'Press Tile', NULL, NULL, NULL, NULL, NULL, '2017-06-27 16:14:01', '2017-06-27 16:14:01', '2411234e-c814-40cd-8f6a-46705b83425b'),
 ('585', '591', 'en_us', 'Rooms Tile', NULL, NULL, NULL, NULL, NULL, '2017-06-27 16:14:01', '2017-06-27 16:14:02', 'a4eb89a3-0a91-4599-8f6f-080db6776c46'),
 ('586', '592', 'en_us', 'Shelley Johnstone Mugshot', NULL, NULL, NULL, NULL, NULL, '2017-06-27 16:14:02', '2017-06-27 16:14:02', '0e236ff1-3cbf-4df8-a443-83f15d1376a3'),
 ('588', '594', 'en_us', 'Shellkare Group', NULL, NULL, NULL, NULL, NULL, '2017-06-27 16:14:02', '2017-06-27 16:14:02', 'e2700fcf-77a4-4482-8e5a-c1d3f009f050'),
 ('590', '596', 'en_us', 'Shellkare Tile', NULL, NULL, NULL, NULL, NULL, '2017-06-27 16:14:02', '2017-06-27 16:14:02', 'f2dd167e-f8f5-4a01-b4f3-6e77f1e45413'),
 ('591', '597', 'en_us', 'Traditionalhomebanner', NULL, NULL, NULL, NULL, NULL, '2017-06-27 16:14:02', '2017-06-27 16:14:02', '0bb86c1a-214e-4d9a-8836-e5fadfbd3726'),
 ('592', '598', 'en_us', 'Traditionalhomeblue2017', NULL, NULL, NULL, NULL, NULL, '2017-06-27 16:14:02', '2017-06-27 16:14:02', 'c006f16c-4362-4739-9860-5739d8b8fc3a'),
 ('595', '601', 'en_us', 'Beautifulchair Full', NULL, NULL, NULL, NULL, NULL, '2017-06-27 16:15:51', '2017-06-27 16:16:04', 'e1c52921-7672-4855-99c8-ea9c583bda8a'),
 ('597', '603', 'en_us', 'Beautifulchair Thumb', NULL, NULL, NULL, NULL, NULL, '2017-06-27 16:15:59', '2017-06-27 16:15:59', '618bc614-56fc-40eb-b0c1-f7780eedd494'),
 ('598', '604', 'en_us', 'Fringechair Full', NULL, NULL, NULL, NULL, NULL, '2017-06-27 16:16:00', '2017-06-27 16:16:00', 'af31af8c-8195-4a79-ae35-b4b0b05bbb63'),
 ('599', '605', 'en_us', 'Fringechair Thumb', NULL, NULL, NULL, NULL, NULL, '2017-06-27 16:16:00', '2017-06-27 16:16:00', '62c6f779-aa14-4d7a-bb95-e6c505a89bf5'),
 ('600', '606', 'en_us', 'Tablesetting Full', NULL, NULL, NULL, NULL, NULL, '2017-06-27 16:16:00', '2017-06-27 16:16:00', '334d1b32-39a4-4994-bdcc-9a586243db52'),
 ('601', '607', 'en_us', 'Tablesetting Thumb', NULL, NULL, NULL, NULL, NULL, '2017-06-27 16:16:00', '2017-06-27 16:16:00', 'a50f18c8-46e3-4128-b378-1cdc4914779a'),
 ('652', '659', 'en_us', 'Bathroom1', NULL, NULL, NULL, NULL, NULL, '2017-06-27 18:48:51', '2017-06-27 18:48:51', '7b6e3fe8-5777-4095-a0d3-0efa67522cd5'),
 ('653', '660', 'en_us', 'Blue Bathroom', NULL, NULL, NULL, NULL, NULL, '2017-06-27 18:48:51', '2017-06-27 18:48:51', 'e42c5fb8-cd3e-4186-9b11-82688e763d6a'),
 ('654', '661', 'en_us', 'Blue Chairs', NULL, NULL, NULL, NULL, NULL, '2017-06-27 18:48:51', '2017-06-27 18:48:51', '48b08150-1abf-4adf-975d-903097057381'),
 ('655', '662', 'en_us', 'Bluedining', NULL, NULL, NULL, NULL, NULL, '2017-06-27 18:48:52', '2017-06-27 18:48:52', '65bf0e42-1f63-4404-bfb0-f9d9e1760490'),
 ('656', '663', 'en_us', 'Blue Room', NULL, NULL, NULL, NULL, NULL, '2017-06-27 18:48:52', '2017-06-27 18:48:52', '431a1072-89d4-4a52-a428-22be382de410'),
 ('657', '664', 'en_us', 'Brown Living Room', NULL, NULL, NULL, NULL, NULL, '2017-06-27 18:48:52', '2017-06-27 18:48:52', '6b3c5ad5-4c2d-4860-bc8f-8e1352109252'),
 ('658', '665', 'en_us', 'Brown Room', NULL, NULL, NULL, NULL, NULL, '2017-06-27 18:48:52', '2017-06-27 18:48:52', 'd1121b0f-e51b-4f20-b7fb-7f04b27c01ac'),
 ('659', '666', 'en_us', 'Espresso Kitchen', NULL, NULL, NULL, NULL, NULL, '2017-06-27 18:48:52', '2017-06-27 18:48:52', '1a1ff1e8-a6a1-40f9-9632-5bf9f5ae641c'),
 ('660', '667', 'en_us', 'Goldand White', NULL, NULL, NULL, NULL, NULL, '2017-06-27 18:48:53', '2017-06-27 18:48:53', 'fac2b5dc-b063-4d6c-9343-7eb172471df5'),
 ('661', '668', 'en_us', 'Gold Bedroom', NULL, NULL, NULL, NULL, NULL, '2017-06-27 18:48:53', '2017-06-27 18:48:53', '6504acea-e04e-4143-9526-0303b7cefb04'),
 ('662', '669', 'en_us', 'Goldkitchen', NULL, NULL, NULL, NULL, NULL, '2017-06-27 18:48:53', '2017-06-27 18:48:53', '373211b4-b819-4e0f-a6f2-35cb259e4082'),
 ('663', '670', 'en_us', 'Gold Room', NULL, NULL, NULL, NULL, NULL, '2017-06-27 18:48:53', '2017-06-27 18:48:53', 'ad5f1bcf-8553-4641-8a9e-106c2de0d99f'),
 ('664', '671', 'en_us', 'Green Bathroom', NULL, NULL, NULL, NULL, NULL, '2017-06-27 18:48:53', '2017-06-27 18:48:53', '44e3412a-28b1-4571-8ecf-567af60f1a48'),
 ('665', '672', 'en_us', 'Kitchen2', NULL, NULL, NULL, NULL, NULL, '2017-06-27 18:48:53', '2017-06-27 18:48:53', '0ab4a502-b9bb-4d5b-b2f2-ef6ea32ab878'),
 ('666', '673', 'en_us', 'Off White Bedroom', NULL, NULL, NULL, NULL, NULL, '2017-06-27 18:48:53', '2017-06-27 18:48:53', '17928247-151f-4a96-b49f-77241f3944e3'),
 ('667', '674', 'en_us', 'Orange Room', NULL, NULL, NULL, NULL, NULL, '2017-06-27 18:48:54', '2017-06-27 18:48:54', '8a94defc-ca67-4463-b347-7dfe621b8c61'),
 ('668', '675', 'en_us', 'Orange Wall', NULL, NULL, NULL, NULL, NULL, '2017-06-27 18:48:54', '2017-06-27 18:48:54', 'a07cca8c-8abb-4d5e-98ae-016e5080827d'),
 ('669', '676', 'en_us', 'Palm Wallpaper', NULL, NULL, NULL, NULL, NULL, '2017-06-27 18:48:54', '2017-06-27 18:48:54', '2dd8227e-0d9a-4a17-bd12-21ca65defe1c'),
 ('670', '677', 'en_us', 'Staircase', NULL, NULL, NULL, NULL, NULL, '2017-06-27 18:48:54', '2017-06-27 18:48:54', '6e92aae2-314a-4828-a66c-2e0c742c42a0'),
 ('671', '678', 'en_us', 'Staircase 2', NULL, NULL, NULL, NULL, NULL, '2017-06-27 18:48:54', '2017-06-27 18:48:54', 'c13e3c4c-76e0-45e2-8049-0ad29222a3c5'),
 ('672', '679', 'en_us', 'Table', NULL, NULL, NULL, NULL, NULL, '2017-06-27 18:48:54', '2017-06-27 18:48:54', 'a05c4556-d910-4a68-9ed1-06bec4239cdd'),
 ('673', '680', 'en_us', 'White Kitchen', NULL, NULL, NULL, NULL, NULL, '2017-06-27 18:48:54', '2017-06-27 18:48:54', '9db9ed91-af83-4dcf-a033-839cd4c0a721'),
 ('674', '681', 'en_us', 'White Room', NULL, NULL, NULL, NULL, NULL, '2017-06-27 18:48:55', '2017-06-27 18:48:55', 'b1d93f4d-9ca6-4b16-9338-74cbad63c294'),
 ('675', '688', 'en_us', 'About', NULL, NULL, 'Learn more about Shelley Johnstone', '', '/about', '2017-06-27 21:06:10', '2017-06-27 21:17:29', 'be17d296-4fe5-4eb8-9145-b595275df306'),
 ('676', '689', 'en_us', 'Rooms', NULL, NULL, 'Learn about various room styles', '', '/rooms', '2017-06-27 21:13:58', '2017-06-27 21:17:29', 'f84c151b-5a72-452b-b489-8e553e381577'),
 ('677', '690', 'en_us', 'Child Test', NULL, NULL, 'BNlah', '', '', '2017-06-27 21:31:48', '2017-06-27 21:31:48', 'e99e1f96-2541-4e7e-b40d-e1bf31fb79e9');



DROP TABLE IF EXISTS `craft_deprecationerrors`;


--
-- Schema for table `craft_deprecationerrors`
--
CREATE TABLE `craft_deprecationerrors` (
  `id` int(11) NOT NULL AUTO_INCREMENT,
  `key` varchar(255) COLLATE utf8_unicode_ci NOT NULL,
  `fingerprint` varchar(255) COLLATE utf8_unicode_ci NOT NULL,
  `lastOccurrence` datetime NOT NULL,
  `file` varchar(255) COLLATE utf8_unicode_ci NOT NULL,
  `line` smallint(6) unsigned NOT NULL,
  `class` varchar(255) COLLATE utf8_unicode_ci DEFAULT NULL,
  `method` varchar(255) COLLATE utf8_unicode_ci DEFAULT NULL,
  `template` varchar(255) COLLATE utf8_unicode_ci DEFAULT NULL,
  `templateLine` smallint(6) unsigned DEFAULT NULL,
  `message` varchar(255) COLLATE utf8_unicode_ci DEFAULT NULL,
  `traces` text COLLATE utf8_unicode_ci,
  `dateCreated` datetime NOT NULL,
  `dateUpdated` datetime NOT NULL,
  `uid` char(36) COLLATE utf8_unicode_ci NOT NULL DEFAULT '0',
  PRIMARY KEY (`id`),
  UNIQUE KEY `craft_deprecationerrors_key_fingerprint_unq_idx` (`key`,`fingerprint`)
) ENGINE=InnoDB DEFAULT CHARSET=utf8 COLLATE=utf8_unicode_ci;

DROP TABLE IF EXISTS `craft_elementindexsettings`;


--
-- Schema for table `craft_elementindexsettings`
--
CREATE TABLE `craft_elementindexsettings` (
  `id` int(11) NOT NULL AUTO_INCREMENT,
  `type` varchar(150) COLLATE utf8_unicode_ci NOT NULL,
  `settings` text COLLATE utf8_unicode_ci,
  `dateCreated` datetime NOT NULL,
  `dateUpdated` datetime NOT NULL,
  `uid` char(36) COLLATE utf8_unicode_ci NOT NULL DEFAULT '0',
  PRIMARY KEY (`id`),
  UNIQUE KEY `craft_elementindexsettings_type_unq_idx` (`type`)
) ENGINE=InnoDB AUTO_INCREMENT=4 DEFAULT CHARSET=utf8 COLLATE=utf8_unicode_ci;

--
-- Data for table `craft_elementindexsettings`
--

INSERT INTO `craft_elementindexsettings` (`id`, `type`, `settings`, `dateCreated`, `dateUpdated`, `uid`) VALUES
 ('1', 'Entry', '{\"sources\":{\"section:2\":{\"tableAttributes\":{\"1\":\"postDate\",\"2\":\"expiryDate\",\"3\":\"link\",\"4\":\"section\",\"5\":\"dateCreated\",\"6\":\"dateUpdated\",\"7\":\"field:6\",\"8\":\"field:2\"}}}}', '2017-06-01 14:58:41', '2017-06-19 19:05:35', '6f931c92-0ddf-4910-8187-c8c35edb4e06'),
 ('2', 'Asset', '{\"sources\":{\"folder:1\":{\"tableAttributes\":{\"1\":\"filename\",\"2\":\"size\",\"3\":\"dateModified\",\"4\":\"id\"}}}}', '2017-06-15 20:43:52', '2017-06-15 20:43:52', '8682c707-e53c-419d-ab90-946216fa5f33');



DROP TABLE IF EXISTS `craft_elements`;


--
-- Schema for table `craft_elements`
--
CREATE TABLE `craft_elements` (
  `id` int(11) NOT NULL AUTO_INCREMENT,
  `type` varchar(150) COLLATE utf8_unicode_ci NOT NULL,
  `enabled` tinyint(1) unsigned NOT NULL DEFAULT '1',
  `archived` tinyint(1) unsigned NOT NULL DEFAULT '0',
  `dateCreated` datetime NOT NULL,
  `dateUpdated` datetime NOT NULL,
  `uid` char(36) COLLATE utf8_unicode_ci NOT NULL DEFAULT '0',
  PRIMARY KEY (`id`),
  KEY `craft_elements_type_idx` (`type`),
  KEY `craft_elements_enabled_idx` (`enabled`),
  KEY `craft_elements_archived_dateCreated_idx` (`archived`,`dateCreated`)
) ENGINE=InnoDB AUTO_INCREMENT=691 DEFAULT CHARSET=utf8 COLLATE=utf8_unicode_ci;

--
-- Data for table `craft_elements`
--

INSERT INTO `craft_elements` (`id`, `type`, `enabled`, `archived`, `dateCreated`, `dateUpdated`, `uid`) VALUES
 ('1', 'User', '1', '0', '2017-05-24 15:07:00', '2017-05-24 15:07:00', '8db8f962-eb28-4792-a528-1de0b85e0b78'),
 ('2', 'Entry', '1', '0', '2017-05-24 15:07:02', '2017-06-27 21:44:51', 'b25b8dd6-03fc-4001-bc28-3c39e980855d'),
 ('4', 'Entry', '1', '0', '2017-05-30 20:15:30', '2017-05-31 19:33:16', '8280d4c0-32d8-4384-b90a-1b03c68c5660'),
 ('5', 'Entry', '1', '0', '2017-05-31 19:14:53', '2017-06-27 19:13:30', '07e9850d-0779-4eb5-89df-db2a77a9a57d'),
 ('6', 'Entry', '1', '0', '2017-05-31 19:31:58', '2017-06-27 20:03:46', '1d85f739-7bfc-420e-9d10-785b5abccd94'),
 ('7', 'Entry', '1', '0', '2017-05-31 19:32:19', '2017-06-27 20:03:29', '58b78398-8ea2-47b1-9fb5-52efe09424b3'),
 ('8', 'Entry', '1', '0', '2017-05-31 19:32:29', '2017-06-27 20:02:34', 'e67feaa2-0843-4dd6-87c5-af9e0f055802'),
 ('9', 'Entry', '1', '0', '2017-05-31 19:32:53', '2017-06-27 19:54:37', 'f3305b84-06ca-4428-9d0b-7f9c9fe4adb1'),
 ('10', 'Entry', '1', '0', '2017-05-31 19:34:45', '2017-06-27 20:04:03', '9a292a2a-c7e1-4b40-bd30-3285d809b81f'),
 ('11', 'Entry', '1', '0', '2017-05-31 19:35:07', '2017-05-31 19:35:07', 'deb95cfd-3fd3-427f-8479-e06cd0a165a8'),
 ('12', 'Entry', '1', '0', '2017-05-31 20:20:08', '2017-06-15 20:57:58', '8ab354a8-9105-4451-b198-d01ca075495d'),
 ('16', 'Tag', '1', '0', '2017-06-01 19:09:15', '2017-06-01 19:09:15', '4d53c66f-c419-4d78-8c30-e8e688b268fe'),
 ('17', 'Tag', '1', '0', '2017-06-01 19:09:18', '2017-06-01 19:09:18', 'a9ba5cfb-18f2-449c-815d-43cc2aa5f649'),
 ('18', 'Tag', '1', '0', '2017-06-01 19:09:38', '2017-06-01 19:09:38', '5846c995-057a-4679-bfc2-f0471c82f374'),
 ('19', 'Tag', '1', '0', '2017-06-01 19:09:40', '2017-06-01 19:09:40', 'cb058497-21d9-4c7e-8b57-04818a55c505'),
 ('20', 'Tag', '1', '0', '2017-06-01 20:47:45', '2017-06-01 20:47:45', '84693297-6a3d-4b73-bcc6-8fc1806be416'),
 ('21', 'Entry', '1', '0', '2017-06-01 20:49:05', '2017-06-15 15:45:00', '52a75231-23c0-4ce2-b6d7-4917f9eef07b'),
 ('22', 'Tag', '1', '0', '2017-06-01 21:47:26', '2017-06-01 21:47:26', 'aea32611-0ee0-41df-becc-e833468a332c'),
 ('23', 'Entry', '1', '0', '2017-06-01 21:47:29', '2017-06-26 18:23:32', '07cd1a2e-774c-44e5-93b5-f5c7d97015bb'),
 ('28', 'Asset', '1', '0', '2017-06-15 15:30:11', '2017-06-19 20:56:02', 'a2bfcd2b-c647-422d-8da2-ed9636f67198'),
 ('29', 'Asset', '1', '0', '2017-06-15 15:30:11', '2017-06-19 20:56:02', '87ece82c-7030-4d56-b228-1b87c32d340f'),
 ('30', 'Asset', '1', '0', '2017-06-15 15:30:11', '2017-06-19 20:56:02', '11b563e2-9c35-4b89-b171-d441e46beb7f'),
 ('31', 'Asset', '1', '0', '2017-06-15 15:30:11', '2017-06-19 20:56:02', '4e7184f9-521f-42b9-9834-7d17f38d6c81'),
 ('32', 'Asset', '1', '0', '2017-06-15 15:30:11', '2017-06-19 20:56:02', 'caf32a9f-0d51-4db7-adb4-0897913e6a73'),
 ('33', 'Asset', '1', '0', '2017-06-15 15:30:11', '2017-06-19 20:56:02', 'f9120417-c3a9-42a4-8443-81ad8a3c2352'),
 ('34', 'Asset', '1', '0', '2017-06-15 15:30:12', '2017-06-19 20:56:02', 'acce27fa-e514-47e2-ac94-05ad05648bfa'),
 ('35', 'Asset', '1', '0', '2017-06-15 15:30:12', '2017-06-19 20:56:02', '3d6205ff-e955-4ff5-98d8-dce823d3afd2'),
 ('36', 'Asset', '1', '0', '2017-06-15 15:30:12', '2017-06-19 20:56:02', 'd5f13454-d718-42b6-87c5-bf59151899b5'),
 ('37', 'Asset', '1', '0', '2017-06-15 15:30:12', '2017-06-19 20:56:02', 'e134fbd6-0d30-447f-b2d6-a19ec1e684cb'),
 ('38', 'Asset', '1', '0', '2017-06-15 15:30:12', '2017-06-19 20:56:02', 'f8653c7b-491e-49d8-8148-a23d28bdb612'),
 ('39', 'Asset', '1', '0', '2017-06-15 15:30:12', '2017-06-19 20:56:02', 'd9757f1b-26dc-43f3-b075-5d43e0478cb6'),
 ('40', 'Asset', '1', '0', '2017-06-15 15:30:12', '2017-06-19 20:56:02', '97a1d0d6-7815-4aab-90eb-dda0eb9c2a57'),
 ('41', 'Asset', '1', '0', '2017-06-15 15:30:12', '2017-06-19 20:56:02', 'c7e2566f-01d4-479c-9eca-7c68ad475499'),
 ('42', 'Asset', '1', '0', '2017-06-15 15:30:12', '2017-06-19 20:56:02', '66afeed0-3722-4b65-94a2-46e88d29d6e7'),
 ('43', 'Asset', '1', '0', '2017-06-15 15:30:12', '2017-06-19 20:56:02', '270eacac-2d4f-4bbd-989d-320ce5d34947'),
 ('44', 'Asset', '1', '0', '2017-06-15 15:30:12', '2017-06-19 20:56:02', 'ecbfb078-c9ac-4eb9-8159-605c43da391d'),
 ('45', 'Asset', '1', '0', '2017-06-15 15:30:12', '2017-06-19 20:56:02', '81394056-db48-4b05-b3de-b22a45c48082'),
 ('46', 'Asset', '1', '0', '2017-06-15 15:30:12', '2017-06-19 20:56:02', '9d685de7-61e0-4884-8bad-efa8902aa878'),
 ('47', 'Asset', '1', '0', '2017-06-15 15:30:12', '2017-06-19 20:56:02', 'c07791e3-ee6f-4bdc-bb30-97cd66f9ddaf'),
 ('49', 'Asset', '1', '0', '2017-06-15 15:30:12', '2017-06-19 20:56:03', '84cf0d79-c34f-404c-9426-793edf09a883'),
 ('50', 'Asset', '1', '0', '2017-06-15 15:30:12', '2017-06-19 20:56:03', 'edffbc1b-9592-4dc6-8e26-cf5c39e31b77'),
 ('51', 'Asset', '1', '0', '2017-06-15 15:30:12', '2017-06-19 20:56:03', '30b77b94-6fa9-45e9-8d1a-115c19e18eac'),
 ('52', 'Asset', '1', '0', '2017-06-15 15:30:13', '2017-06-19 20:56:03', '7c8283b6-74ee-49f7-8ef0-eb5b65ef71a6'),
 ('54', 'Asset', '1', '0', '2017-06-15 15:30:13', '2017-06-19 20:56:03', '6c1e3f9b-f079-43a6-88d9-6f0e2bc3eeb7'),
 ('55', 'Asset', '1', '0', '2017-06-15 15:30:13', '2017-06-19 20:56:03', '915fe206-0c10-427a-b9fc-38c3fa6e9ddd'),
 ('56', 'Asset', '1', '0', '2017-06-15 15:30:13', '2017-06-19 20:56:03', 'cdb59809-edbd-4ae5-8cc4-ce45ed78fc3b'),
 ('57', 'Asset', '1', '0', '2017-06-15 15:30:13', '2017-06-19 20:56:03', '425c51d9-fe99-4b2f-9867-e96a43252097'),
 ('58', 'Asset', '1', '0', '2017-06-15 15:30:13', '2017-06-19 20:56:03', 'f61a954a-5c26-4931-9eb3-969159a90d58'),
 ('59', 'Asset', '1', '0', '2017-06-15 15:30:13', '2017-06-19 20:56:03', '56997388-a10b-4930-b867-3c2fc45a5550'),
 ('60', 'Asset', '1', '0', '2017-06-15 15:30:13', '2017-06-19 20:56:03', '28ee63fe-b7e7-4569-a006-a89218564a14'),
 ('61', 'Asset', '1', '0', '2017-06-15 15:30:13', '2017-06-19 20:56:03', 'f4a31092-0e92-4994-ba61-8b85861c8374'),
 ('62', 'Asset', '1', '0', '2017-06-15 15:30:13', '2017-06-19 20:56:03', '12c09d36-8eb2-4baa-be03-867b405860fb'),
 ('63', 'Asset', '1', '0', '2017-06-15 15:30:13', '2017-06-19 20:56:03', 'b312efc6-b086-4514-9056-8de8314ff6e6'),
 ('64', 'Asset', '1', '0', '2017-06-15 15:30:13', '2017-06-19 20:56:03', '93b10970-0d83-4358-9da0-00c25d80d028'),
 ('65', 'Asset', '1', '0', '2017-06-15 15:30:13', '2017-06-19 20:56:03', '0bed1a51-ff19-4923-8b1d-4722b7ef9724'),
 ('66', 'Asset', '1', '0', '2017-06-15 15:30:13', '2017-06-19 20:56:03', '12498eb6-98cd-4dc9-b48a-13e7397fe2fa'),
 ('67', 'Asset', '1', '0', '2017-06-15 15:30:13', '2017-06-19 20:56:03', '04fa15ba-c518-47a5-a16c-16fb0dc46c7c'),
 ('68', 'Asset', '1', '0', '2017-06-15 15:30:13', '2017-06-19 20:56:03', '6e50d982-6745-40e0-a6be-4e5a960d6ea1'),
 ('69', 'Asset', '1', '0', '2017-06-15 15:30:13', '2017-06-19 20:56:03', 'ab4d029b-1ae7-4738-ae31-27a83ec94402'),
 ('70', 'Asset', '1', '0', '2017-06-15 15:30:13', '2017-06-19 20:56:03', '1171a285-fff4-4e12-b374-f1c7d31ee1c9'),
 ('71', 'Asset', '1', '0', '2017-06-15 15:30:13', '2017-06-19 20:56:03', 'bd86ccbd-42be-4385-b6e7-6b5c5d5fd5e0'),
 ('72', 'Asset', '1', '0', '2017-06-15 15:30:13', '2017-06-19 20:56:03', '2ff5f603-9a22-4eb8-a8c4-0f43a895675a'),
 ('73', 'Asset', '1', '0', '2017-06-15 15:30:14', '2017-06-19 20:56:03', '3ce98016-7e6f-4134-ab96-539f783559bc'),
 ('74', 'Asset', '1', '0', '2017-06-15 15:30:14', '2017-06-19 20:56:04', '1ae93081-81a3-4396-950d-539f761f96f8'),
 ('75', 'Asset', '1', '0', '2017-06-15 15:30:14', '2017-06-19 20:56:04', 'e33abf61-e71b-40c6-b8bf-e39e21faa9aa'),
 ('76', 'Asset', '1', '0', '2017-06-15 15:30:14', '2017-06-19 20:56:04', '627bff60-0e38-4d79-be41-4c4f722219fc'),
 ('77', 'Asset', '1', '0', '2017-06-15 15:30:14', '2017-06-19 20:56:03', '0b059831-f4fd-4c18-b7e7-fe711692e258'),
 ('78', 'Asset', '1', '0', '2017-06-15 15:30:14', '2017-06-19 20:56:04', 'e370b5b1-e043-4518-b648-50c13a365f59'),
 ('83', 'Asset', '1', '0', '2017-06-15 15:30:14', '2017-06-19 20:56:04', '1f0b727e-6c0d-4c0f-89f9-b94ec2cf1e51'),
 ('84', 'Asset', '1', '0', '2017-06-15 15:30:14', '2017-06-19 20:56:04', '6d9e7366-f1c5-4cc0-8a16-ca65023e9c56'),
 ('85', 'Asset', '1', '0', '2017-06-15 15:30:14', '2017-06-19 20:56:04', 'e564d87a-2e0c-4ce0-9eb5-c7983764093e'),
 ('86', 'Asset', '1', '0', '2017-06-15 15:30:14', '2017-06-19 20:56:04', 'd28180cc-37eb-4a15-a000-7b8c26b3609c'),
 ('87', 'Asset', '1', '0', '2017-06-15 15:30:14', '2017-06-19 20:56:04', 'fcc611d2-efb1-4bad-a1ee-8d36d823dab5'),
 ('88', 'Asset', '1', '0', '2017-06-15 15:30:14', '2017-06-19 20:56:04', '73ba2f1f-3e9e-4db0-8df4-1871d47e53a4'),
 ('89', 'Asset', '1', '0', '2017-06-15 15:30:14', '2017-06-19 20:56:04', 'b0ec1aab-89c4-445d-bac8-fcb75ecf76ca'),
 ('90', 'Asset', '1', '0', '2017-06-15 15:30:14', '2017-06-19 20:56:04', 'c5f72bdb-5aae-4697-82b6-c7cb49456528'),
 ('91', 'Asset', '1', '0', '2017-06-15 15:30:14', '2017-06-19 20:56:04', '064a8ad2-5b07-42a2-bd0a-1958285573bd'),
 ('92', 'Asset', '1', '0', '2017-06-15 15:30:14', '2017-06-19 20:56:04', '113b68cf-3be2-438b-a8ce-75bcfa2038d9'),
 ('95', 'Asset', '1', '0', '2017-06-15 15:30:14', '2017-06-19 20:56:04', 'cf9d2eb6-f851-4e9a-9028-c93bf2a8cfb0'),
 ('96', 'Asset', '1', '0', '2017-06-15 15:30:14', '2017-06-19 20:56:04', 'f99c55c9-dc00-469b-a283-64f88595895b'),
 ('97', 'Asset', '1', '0', '2017-06-15 15:30:15', '2017-06-19 20:56:04', '3d2ff95f-3fe1-469c-b898-7a8f30669798'),
 ('98', 'Asset', '1', '0', '2017-06-15 15:30:15', '2017-06-19 20:56:04', 'd2590c49-37f0-4b1b-bed5-ec700f256d33'),
 ('99', 'Asset', '1', '0', '2017-06-15 15:30:15', '2017-06-19 20:56:04', 'a856873d-afd0-4668-9c16-0ec859bc562d'),
 ('100', 'Asset', '1', '0', '2017-06-15 15:30:15', '2017-06-19 20:56:04', '76af5168-7f44-4085-b3f7-e05434ff1a53'),
 ('101', 'Asset', '1', '0', '2017-06-15 15:30:15', '2017-06-19 20:56:04', 'de1862ee-425f-40ee-95b6-0f0f6b0c50db'),
 ('102', 'Asset', '1', '0', '2017-06-15 15:30:15', '2017-06-19 20:56:05', '75b91676-1521-46bc-a842-ca5eaac7a529'),
 ('103', 'Asset', '1', '0', '2017-06-15 15:30:15', '2017-06-19 20:56:05', '93788904-9105-4e7f-9784-0dafa43ccc1d'),
 ('109', 'Asset', '1', '0', '2017-06-15 15:30:15', '2017-06-19 20:56:05', 'c07a22bb-f4db-43b1-9a64-19f4913c35cd'),
 ('110', 'Asset', '1', '0', '2017-06-15 15:30:15', '2017-06-19 20:56:05', '60b0fa6f-8d4f-4fde-8969-03c55db77c54'),
 ('111', 'Asset', '1', '0', '2017-06-15 15:30:15', '2017-06-19 20:56:05', '7edec288-7b73-4110-82d5-21603b370261'),
 ('112', 'Asset', '1', '0', '2017-06-15 15:30:15', '2017-06-19 20:56:05', '0dbb8f77-21db-4f98-aa9e-0c2e29c7701a'),
 ('113', 'Asset', '1', '0', '2017-06-15 15:30:15', '2017-06-19 20:56:05', 'ef913f5c-560a-4131-a0b9-1428b7747ba2'),
 ('114', 'Asset', '1', '0', '2017-06-15 15:30:15', '2017-06-19 20:56:05', 'b46f9fa0-a31e-4fcd-9c3a-e0915f0eec4b'),
 ('115', 'Asset', '1', '0', '2017-06-15 15:30:15', '2017-06-19 20:56:05', '607ff745-ae19-487e-9024-00f50178c6c3'),
 ('116', 'Asset', '1', '0', '2017-06-15 15:30:15', '2017-06-19 20:56:05', 'e2bf3e7b-a434-4b35-85bc-663c1e2a6854'),
 ('117', 'Asset', '1', '0', '2017-06-15 15:30:15', '2017-06-19 20:56:05', 'dc4ab037-017f-4c41-9bb5-143ce6f8c494'),
 ('118', 'Asset', '1', '0', '2017-06-15 15:30:15', '2017-06-19 20:56:05', '12c8485b-8aca-4da2-898d-3f3d9449f3ce'),
 ('119', 'Asset', '1', '0', '2017-06-15 15:30:16', '2017-06-19 20:56:05', 'f7c00ec2-b412-4379-adcc-e7f322dcf183'),
 ('120', 'Asset', '1', '0', '2017-06-15 15:30:16', '2017-06-19 20:56:05', '6f36dbcf-46b5-4e77-a283-fbe8108b3fe3'),
 ('121', 'Asset', '1', '0', '2017-06-15 15:30:16', '2017-06-19 20:56:05', '17297b89-1c62-4b36-9022-2142c2f17160');
INSERT INTO `craft_elements` (`id`, `type`, `enabled`, `archived`, `dateCreated`, `dateUpdated`, `uid`) VALUES
 ('127', 'Asset', '1', '0', '2017-06-15 15:30:16', '2017-06-19 20:56:05', '4e6f0939-da00-4c85-963e-aa0b4dd86fa7'),
 ('128', 'Asset', '1', '0', '2017-06-15 15:30:16', '2017-06-19 20:56:05', 'e9254b96-857e-4662-928a-4bb55580c772'),
 ('129', 'Asset', '1', '0', '2017-06-15 15:30:16', '2017-06-19 20:56:05', '4528e6ce-f611-4f27-ae25-dd7964e265ca'),
 ('130', 'Asset', '1', '0', '2017-06-15 15:30:16', '2017-06-19 20:56:06', '7bb0d009-138f-4bce-b623-191c642f16c7'),
 ('131', 'Asset', '1', '0', '2017-06-15 15:30:16', '2017-06-19 20:56:06', '1d69c4be-4c80-4a52-9ec2-3da2f4aa6955'),
 ('132', 'Asset', '1', '0', '2017-06-15 15:30:16', '2017-06-19 20:56:06', '31f1a752-9382-45da-831d-49445bab48ef'),
 ('133', 'Asset', '1', '0', '2017-06-15 15:30:16', '2017-06-19 20:56:06', '79b5e042-b371-45fb-9d5a-181d05586bd6'),
 ('134', 'Asset', '1', '0', '2017-06-15 15:30:16', '2017-06-19 20:56:06', '7c95c9ce-d1db-4df7-b590-20eee4ffed22'),
 ('135', 'Asset', '1', '0', '2017-06-15 15:30:16', '2017-06-19 20:56:06', '898cb61e-cae1-4351-8002-479c86506942'),
 ('136', 'Asset', '1', '0', '2017-06-15 15:30:16', '2017-06-19 20:56:06', 'a1783441-b982-437c-a32d-e11a3da67190'),
 ('137', 'Asset', '1', '0', '2017-06-15 15:30:16', '2017-06-19 20:56:06', '7b3e91d6-8ed7-4b0d-9353-f1bf430d6e7c'),
 ('138', 'Asset', '1', '0', '2017-06-15 15:30:16', '2017-06-19 20:56:06', '1913f946-e1d6-44ac-8e6f-fdf8384f0d80'),
 ('139', 'Asset', '1', '0', '2017-06-15 15:30:16', '2017-06-19 20:56:06', 'a460949b-684f-4676-a226-9581c9c5393b'),
 ('140', 'Asset', '1', '0', '2017-06-15 15:30:16', '2017-06-19 20:56:06', '62ab4e97-b644-4778-ac7a-36466ba18f66'),
 ('141', 'Asset', '1', '0', '2017-06-15 15:30:16', '2017-06-19 20:56:06', '9d43266a-677c-4d53-a218-06e0baeb1944'),
 ('142', 'Asset', '1', '0', '2017-06-15 15:30:16', '2017-06-19 20:56:06', '456947d8-daaf-423f-9fc1-ff1d660bd018'),
 ('143', 'Asset', '1', '0', '2017-06-15 15:30:16', '2017-06-19 20:56:06', 'a78873a7-d87e-49be-8976-db0183cf92f0'),
 ('144', 'Asset', '1', '0', '2017-06-15 15:30:17', '2017-06-19 20:56:06', 'b99c4e35-6d5a-45dc-b12f-f472cd9722a9'),
 ('145', 'Asset', '1', '0', '2017-06-15 15:30:17', '2017-06-19 20:56:06', 'c2a96356-9c02-4972-ae01-f927c134bee6'),
 ('146', 'Asset', '1', '0', '2017-06-15 15:30:17', '2017-06-19 20:56:06', 'f93a1c96-2e65-4b5d-9810-274217128ce2'),
 ('147', 'Asset', '1', '0', '2017-06-15 15:30:17', '2017-06-19 20:56:06', '48b16789-02e3-4788-960c-b3ce7e5f9a8a'),
 ('148', 'Asset', '1', '0', '2017-06-15 15:30:17', '2017-06-19 20:56:06', '9df4f63c-b6c2-495b-89eb-1a1a666e588d'),
 ('149', 'Asset', '1', '0', '2017-06-15 15:30:17', '2017-06-19 20:56:06', 'dce5f262-be3f-4b43-9703-7d20e8eada8e'),
 ('150', 'Asset', '1', '0', '2017-06-15 15:30:17', '2017-06-19 20:56:06', '4cebc2f9-433b-48df-b6b0-92e0a9cd8606'),
 ('151', 'Asset', '1', '0', '2017-06-15 15:30:17', '2017-06-19 20:56:06', 'fd14cc7e-8db1-42ab-81f6-91e17c7d5f65'),
 ('152', 'Asset', '1', '0', '2017-06-15 15:30:17', '2017-06-19 20:56:06', 'd1d2cf22-f5d0-4758-b81c-9dcd1c75b48f'),
 ('153', 'Asset', '1', '0', '2017-06-15 15:30:17', '2017-06-19 20:56:06', '0dfe63d2-089b-4cc8-a0b9-775eb5336ff7'),
 ('154', 'Asset', '1', '0', '2017-06-15 15:30:17', '2017-06-19 20:56:06', 'c126be81-d918-4b67-9955-784eb7de6aea'),
 ('155', 'Asset', '1', '0', '2017-06-15 15:30:17', '2017-06-19 20:56:06', '4e270d8d-aa43-4529-8c66-2fa1ede40127'),
 ('156', 'Asset', '1', '0', '2017-06-15 15:30:17', '2017-06-19 20:56:06', 'fd64e43c-ec12-4183-ad83-cb3a1eea55ef'),
 ('157', 'Asset', '1', '0', '2017-06-15 15:30:17', '2017-06-19 20:56:07', '81179aff-bd10-48c0-b159-bcc8ce1dc4f0'),
 ('158', 'Asset', '1', '0', '2017-06-15 15:30:17', '2017-06-19 20:56:07', '76ea8844-06be-4c4c-afb5-f6faf53cf027'),
 ('159', 'Asset', '1', '0', '2017-06-15 15:30:17', '2017-06-19 20:56:07', '8b3c67da-60e9-4cbe-ba11-a642de6e3e41'),
 ('160', 'Asset', '1', '0', '2017-06-15 15:30:17', '2017-06-19 20:56:07', '9667efa7-3de2-4956-aa81-a6d37c6e9977'),
 ('162', 'Asset', '1', '0', '2017-06-15 15:30:17', '2017-06-19 20:56:07', '72f9673f-2779-4e89-b553-a21a1b9d6893'),
 ('163', 'Asset', '1', '0', '2017-06-15 15:30:17', '2017-06-19 20:56:07', 'a128c0ba-ca86-4897-a4cc-65fe2c35117d'),
 ('164', 'Asset', '1', '0', '2017-06-15 15:30:17', '2017-06-19 20:56:07', 'ff76b236-cc54-4cb1-9965-941a4fbeb15a'),
 ('165', 'Asset', '1', '0', '2017-06-15 15:30:18', '2017-06-19 20:56:07', '477f7754-e2ee-419d-a323-9386c6badd74'),
 ('166', 'Asset', '1', '0', '2017-06-15 15:30:18', '2017-06-19 20:56:07', '33232907-08f9-4808-99f7-7f9bbed3700c'),
 ('167', 'Asset', '1', '0', '2017-06-15 15:30:18', '2017-06-19 20:56:07', '9a1cafd6-0498-465b-8c0c-3c37d91aa379'),
 ('168', 'Asset', '1', '0', '2017-06-15 15:30:18', '2017-06-19 20:56:07', 'f30ffd34-75c2-4ac7-823c-190e7f100c87'),
 ('169', 'Asset', '1', '0', '2017-06-15 15:30:18', '2017-06-19 20:56:07', '225dd30b-27ec-461a-8974-acd108fd8b75'),
 ('170', 'Asset', '1', '0', '2017-06-15 15:30:18', '2017-06-19 20:56:07', '4f33368e-5ce6-4404-8004-735e48566150'),
 ('171', 'Asset', '1', '0', '2017-06-15 15:30:18', '2017-06-19 20:56:07', 'aa13dd14-1375-40b4-bdcc-c4cf42d89216'),
 ('172', 'Asset', '1', '0', '2017-06-15 15:30:18', '2017-06-19 20:56:07', 'f32023d1-51b8-4901-981a-b420df25baca'),
 ('173', 'Asset', '1', '0', '2017-06-15 15:30:18', '2017-06-19 20:56:07', '04649925-ac4b-4f9e-9fee-f30d21a19b1a'),
 ('174', 'Asset', '1', '0', '2017-06-15 15:30:18', '2017-06-19 20:56:07', 'ea458be4-32d9-41c8-8e8f-6498abc141de'),
 ('175', 'Asset', '1', '0', '2017-06-15 15:30:18', '2017-06-19 20:56:07', '89087059-309f-471b-8721-a87be4099393'),
 ('176', 'Asset', '1', '0', '2017-06-15 15:30:18', '2017-06-19 20:56:07', 'dbf9713b-01af-4ae5-81f1-8f3b8afdbd19'),
 ('177', 'Asset', '1', '0', '2017-06-15 15:30:18', '2017-06-19 20:56:07', '074fccb1-e355-429b-a01f-5d2b628ff69d'),
 ('178', 'Asset', '1', '0', '2017-06-15 15:30:18', '2017-06-19 20:56:07', 'd77a1827-17c7-4ec0-b0d7-17c57c9e0510'),
 ('179', 'Asset', '1', '0', '2017-06-15 15:30:18', '2017-06-19 20:56:07', '3a9dde3c-350f-4a41-a8e5-21a216fe7dee'),
 ('180', 'Asset', '1', '0', '2017-06-15 15:30:18', '2017-06-19 20:56:07', '6e64ce9c-5e6a-4949-ab93-273b14ae4091'),
 ('181', 'Asset', '1', '0', '2017-06-15 15:30:18', '2017-06-19 20:56:07', '895caf9f-023c-41db-b4fe-8b4eb82ea683'),
 ('182', 'Asset', '1', '0', '2017-06-15 15:30:18', '2017-06-19 20:56:07', '8a9558ca-826e-42bd-a640-675ae42864a7'),
 ('183', 'Asset', '1', '0', '2017-06-15 15:30:18', '2017-06-19 20:56:07', 'c55a43ef-8c1e-4d91-a323-fd28cd1ac49e'),
 ('184', 'Asset', '1', '0', '2017-06-15 15:30:18', '2017-06-19 20:56:07', 'aaa10eba-bce4-4e3f-9580-12b8ef56a8e2'),
 ('185', 'Asset', '1', '0', '2017-06-15 15:30:18', '2017-06-19 20:56:07', 'fd5ec37b-bebb-4d8b-8b45-01146d903fee'),
 ('186', 'Asset', '1', '0', '2017-06-15 15:30:18', '2017-06-19 20:56:08', '178e0b77-afb6-4496-81d9-9cf071b4ebc0'),
 ('187', 'Asset', '1', '0', '2017-06-15 15:30:18', '2017-06-19 20:56:08', '56364e3c-5a85-486f-89d9-3af0efb15bbd'),
 ('188', 'Asset', '1', '0', '2017-06-15 15:30:18', '2017-06-19 20:56:08', 'ec101c70-b562-4703-9294-d9321dab9823'),
 ('189', 'Asset', '1', '0', '2017-06-15 15:30:18', '2017-06-19 20:56:07', 'ec5e89c5-4bfd-4b99-b30d-f8448eb4ca4e'),
 ('190', 'Asset', '1', '0', '2017-06-15 15:30:19', '2017-06-19 20:56:08', '930f8fbb-0c10-4d49-bbc1-001dc10d1667'),
 ('191', 'Asset', '1', '0', '2017-06-15 15:30:19', '2017-06-19 20:56:08', '4c7497fa-c2fb-440a-af83-9fb1f8ebcaa8'),
 ('192', 'Asset', '1', '0', '2017-06-15 15:30:19', '2017-06-19 20:56:08', 'fb88b72e-8c63-4cd2-a2fb-a90f72545b7c'),
 ('193', 'Asset', '1', '0', '2017-06-15 15:30:19', '2017-06-19 20:56:08', '0a69e91e-aeea-4779-a9fc-46d4598a2925'),
 ('194', 'Asset', '1', '0', '2017-06-15 15:30:19', '2017-06-19 20:56:08', '49a29f6d-378b-47ed-a376-bcdc424d89a2'),
 ('195', 'Asset', '1', '0', '2017-06-15 15:30:19', '2017-06-19 20:56:08', '5a8766ab-3472-426e-86fd-bdc34dc8bd73'),
 ('196', 'Asset', '1', '0', '2017-06-15 15:30:19', '2017-06-19 20:56:08', '69647683-a464-466e-95d5-d0e1006e3eaf'),
 ('197', 'Asset', '1', '0', '2017-06-15 15:30:19', '2017-06-19 20:56:08', 'ee7c3d66-b5a4-4010-bef7-64b68997d39c'),
 ('198', 'Asset', '1', '0', '2017-06-15 15:30:19', '2017-06-19 20:56:08', '7bf66f84-7e3d-40ad-b02a-f14479e9f62f'),
 ('199', 'Asset', '1', '0', '2017-06-15 15:30:19', '2017-06-19 20:56:08', 'f444ab6e-0aad-42f0-a405-cd2fd70099a9'),
 ('201', 'Asset', '1', '0', '2017-06-15 15:30:19', '2017-06-19 20:56:08', '3f36cecd-40ba-4119-92de-4d5b587e3438'),
 ('202', 'Asset', '1', '0', '2017-06-15 15:30:19', '2017-06-19 20:56:08', '5dc17981-3d27-4ebb-8f8a-c504c194ba6c'),
 ('203', 'Asset', '1', '0', '2017-06-15 15:30:19', '2017-06-19 20:56:08', '06d7a442-893d-4f5f-9b33-0f68e7e5b608'),
 ('204', 'Asset', '1', '0', '2017-06-15 15:30:19', '2017-06-19 20:56:08', 'c9bace42-95d2-4bad-b0a0-9de85b4b54f9'),
 ('205', 'Asset', '1', '0', '2017-06-15 15:30:19', '2017-06-19 20:56:08', 'aa958990-b8b1-4753-8b82-02f629a08b1a'),
 ('206', 'Asset', '1', '0', '2017-06-15 15:30:19', '2017-06-19 20:56:08', '15254ce8-4268-449f-906a-92b3c4958139'),
 ('207', 'Asset', '1', '0', '2017-06-15 15:30:19', '2017-06-19 20:56:08', '7488e0a9-ac81-4a76-afe2-9e1f21b1514a'),
 ('208', 'Asset', '1', '0', '2017-06-15 15:30:19', '2017-06-19 20:56:08', '4d8da22a-9d5e-456f-bc90-95d85da00933'),
 ('209', 'Asset', '1', '0', '2017-06-15 15:30:19', '2017-06-19 20:56:08', '19c15f75-d302-4f33-95ec-be7e13179d33'),
 ('210', 'Asset', '1', '0', '2017-06-15 15:30:19', '2017-06-19 20:56:08', '3afff3d4-c4c0-4265-8d23-d82821163e3e'),
 ('211', 'Asset', '1', '0', '2017-06-15 15:30:19', '2017-06-19 20:56:08', 'f806c510-b4e5-4a5f-96ac-d0afc298a89e'),
 ('212', 'Asset', '1', '0', '2017-06-15 15:30:19', '2017-06-19 20:56:08', '934fe845-b381-47da-833e-c88c1a1b1547'),
 ('213', 'Asset', '1', '0', '2017-06-15 15:30:19', '2017-06-19 20:56:08', '34855463-bcff-4861-81ad-2d44016e67c0'),
 ('214', 'Asset', '1', '0', '2017-06-15 15:30:19', '2017-06-19 20:56:08', '10cafa6f-92ad-4777-ad57-1c0323abb5fe'),
 ('215', 'Asset', '1', '0', '2017-06-15 15:30:19', '2017-06-19 20:56:08', '5f5dc0ed-3f76-4a3c-a39e-666ead40bf27'),
 ('216', 'Asset', '1', '0', '2017-06-15 15:30:19', '2017-06-19 20:56:08', '79a6afb3-99d0-4b2b-bba7-a88c3b250cd9'),
 ('217', 'Asset', '1', '0', '2017-06-15 15:30:20', '2017-06-19 20:56:09', '38ef4243-3fb1-4cf1-8400-4f0b8ce934e5'),
 ('218', 'Asset', '1', '0', '2017-06-15 15:30:20', '2017-06-19 20:56:09', '14e8ca5c-252d-4896-a46a-8a94eadb88ef'),
 ('219', 'Asset', '1', '0', '2017-06-15 15:30:20', '2017-06-19 20:56:09', '3d76e217-6c72-4ad8-9a96-2ab892a447ef'),
 ('220', 'Asset', '1', '0', '2017-06-15 15:30:20', '2017-06-19 20:56:09', '0dfb45a6-969a-4d63-ae12-27605c490ca1'),
 ('221', 'Asset', '1', '0', '2017-06-15 15:30:20', '2017-06-19 20:56:09', 'd31c9fa5-0f91-4a86-914b-2dbb8b4c313c'),
 ('222', 'Asset', '1', '0', '2017-06-15 15:30:20', '2017-06-19 20:56:09', 'afa703fd-d46c-48cf-a711-5f47834b7aa7'),
 ('223', 'Asset', '1', '0', '2017-06-15 15:30:20', '2017-06-19 20:56:09', '345206bb-81f1-4d37-8097-8a5ed8020d92'),
 ('224', 'Asset', '1', '0', '2017-06-15 15:30:20', '2017-06-19 20:56:09', '8cf19010-d90d-4173-a3fe-29a9fd93f84d'),
 ('231', 'Asset', '1', '0', '2017-06-15 15:30:20', '2017-06-19 20:56:09', 'dd6cf8ef-11a9-486f-b20c-9b73087331df'),
 ('232', 'Asset', '1', '0', '2017-06-15 15:30:20', '2017-06-19 20:56:09', '933a46f5-a366-43bc-99c3-ed5757f102bd'),
 ('233', 'Asset', '1', '0', '2017-06-15 15:30:20', '2017-06-19 20:56:09', '326eb3d0-e813-4722-a517-4b178cdf41f2'),
 ('234', 'Asset', '1', '0', '2017-06-15 15:30:20', '2017-06-19 20:56:09', 'b83a8442-feed-4c5e-a4a9-bcd412925a23');
INSERT INTO `craft_elements` (`id`, `type`, `enabled`, `archived`, `dateCreated`, `dateUpdated`, `uid`) VALUES
 ('235', 'Asset', '1', '0', '2017-06-15 15:30:20', '2017-06-19 20:56:09', '6554e7aa-ebab-4094-a8a8-d4e29aa8b17e'),
 ('236', 'Asset', '1', '0', '2017-06-15 15:30:20', '2017-06-19 20:56:09', 'e40fc9e5-f399-4c0f-abef-27d565cd7343'),
 ('237', 'Asset', '1', '0', '2017-06-15 15:30:20', '2017-06-19 20:56:09', '258ca885-fcbd-410b-bab3-da6213268e88'),
 ('238', 'Asset', '1', '0', '2017-06-15 15:30:20', '2017-06-19 20:56:09', '6f852cfb-6ec1-4087-a99e-4c5432e31347'),
 ('239', 'Asset', '1', '0', '2017-06-15 15:30:21', '2017-06-19 20:56:09', '69cadfb0-127b-4fe8-bb56-8353a4027069'),
 ('240', 'Asset', '1', '0', '2017-06-15 15:30:21', '2017-06-19 20:56:10', '7b44971f-f3bb-48c6-982b-c13d5fb94171'),
 ('241', 'Asset', '1', '0', '2017-06-15 15:30:21', '2017-06-19 20:56:10', '5fa8a497-c152-4f65-b3ec-be56400f1993'),
 ('242', 'Asset', '1', '0', '2017-06-15 15:30:21', '2017-06-19 20:56:10', '141ed94f-32bd-414c-973a-39e237cee916'),
 ('243', 'Asset', '1', '0', '2017-06-15 15:30:21', '2017-06-19 20:56:10', 'd61ac51b-71eb-4e17-98d3-82cfb98c6374'),
 ('244', 'Asset', '1', '0', '2017-06-15 15:30:21', '2017-06-19 20:56:10', 'e6ba8ded-b9e4-4e42-b7b5-731bcedfe09c'),
 ('245', 'Asset', '1', '0', '2017-06-15 15:30:21', '2017-06-19 20:56:10', 'd8f06da1-a9e3-424c-be53-7f743fc2bb5d'),
 ('246', 'Asset', '1', '0', '2017-06-15 15:30:21', '2017-06-19 20:56:10', '43d4d2e3-0d08-4e13-a405-7eea2270424b'),
 ('247', 'Asset', '1', '0', '2017-06-15 15:30:21', '2017-06-19 20:56:10', '426da5d8-963a-4fe7-a43c-35896e0cc0a7'),
 ('248', 'Asset', '1', '0', '2017-06-15 15:30:21', '2017-06-19 20:56:10', '3683c850-047d-4c48-b901-329a5fc3e364'),
 ('249', 'Asset', '1', '0', '2017-06-15 15:30:21', '2017-06-19 20:56:10', 'ea5148f4-8ca6-4655-bc44-dcfe4923761f'),
 ('250', 'Asset', '1', '0', '2017-06-15 15:30:21', '2017-06-19 20:56:10', 'c9cc2967-76e5-445a-921a-1c9c3c160d1a'),
 ('251', 'Asset', '1', '0', '2017-06-15 15:30:21', '2017-06-19 20:56:10', '81ca01bb-c661-4b1b-864a-2376201483cf'),
 ('252', 'Asset', '1', '0', '2017-06-15 15:30:21', '2017-06-19 20:56:10', '64e5b265-b192-4d8f-aab1-821e07493006'),
 ('253', 'Asset', '1', '0', '2017-06-15 15:30:21', '2017-06-19 20:56:10', 'c49ef900-fddb-4360-98d6-1bd835d801d8'),
 ('254', 'Asset', '1', '0', '2017-06-15 15:30:22', '2017-06-19 20:56:10', '10684402-85a8-454f-946c-a27d84787502'),
 ('255', 'Asset', '1', '0', '2017-06-15 15:30:22', '2017-06-19 20:56:10', '1dab2891-32c6-45e2-b079-5c49ddd304ad'),
 ('256', 'Asset', '1', '0', '2017-06-15 15:30:22', '2017-06-19 20:56:11', '5129870e-7f02-42f7-a94d-b38b9a3dd94a'),
 ('257', 'Asset', '1', '0', '2017-06-15 15:30:22', '2017-06-19 20:56:11', 'e4be0be7-f33f-457a-b41a-5731fb13209b'),
 ('258', 'Asset', '1', '0', '2017-06-15 15:30:22', '2017-06-19 20:56:11', 'd3c81991-988a-4811-bd48-9e43e3f2d8c6'),
 ('259', 'Asset', '1', '0', '2017-06-15 15:30:22', '2017-06-19 20:56:11', 'b322419e-354d-45d7-9705-b349c21a860a'),
 ('260', 'Asset', '1', '0', '2017-06-15 15:30:22', '2017-06-19 20:56:11', '44876d8b-3541-417a-b15b-58b7a2e62322'),
 ('261', 'Asset', '1', '0', '2017-06-15 15:30:22', '2017-06-19 20:56:11', '3621af7b-5589-41da-b7d1-84f6f5038554'),
 ('262', 'Asset', '1', '0', '2017-06-15 15:30:22', '2017-06-19 20:56:11', 'c9dbded5-9c3c-4d7e-bf9e-bf47c6d9b01a'),
 ('263', 'Asset', '1', '0', '2017-06-15 15:30:22', '2017-06-19 20:56:11', '9263fca7-294e-4243-9fd1-dc0428776ace'),
 ('264', 'Asset', '1', '0', '2017-06-15 15:30:22', '2017-06-19 20:56:11', '122fe4a6-6d0c-4aab-8d58-db8bf5df23a9'),
 ('265', 'Asset', '1', '0', '2017-06-15 15:30:22', '2017-06-19 20:56:11', 'fecd60ab-01c9-498c-9832-79077ecedc5b'),
 ('266', 'Asset', '1', '0', '2017-06-15 15:30:22', '2017-06-19 20:56:11', '84603a74-40c5-4776-9555-892b00927fd5'),
 ('267', 'Asset', '1', '0', '2017-06-15 15:30:22', '2017-06-19 20:56:11', 'cf950fdd-893e-402e-8291-cbd111cb7133'),
 ('268', 'Asset', '1', '0', '2017-06-15 15:30:22', '2017-06-19 20:56:11', 'f1695689-c65c-4ca7-9a80-3eeebb357abc'),
 ('269', 'Asset', '1', '0', '2017-06-15 15:30:23', '2017-06-19 20:56:11', '81672ab3-0fcb-43f9-8efe-d74465aa1a42'),
 ('270', 'Asset', '1', '0', '2017-06-15 15:30:23', '2017-06-19 20:56:11', 'ca835451-54ce-4339-aaee-a0fc01e10384'),
 ('271', 'Asset', '1', '0', '2017-06-15 15:30:23', '2017-06-19 20:56:11', '4d5c1399-bfa3-44df-a393-c47f67b43a77'),
 ('272', 'Asset', '1', '0', '2017-06-15 15:30:23', '2017-06-19 20:56:11', '6342ee55-1da0-46fd-b3f3-b147d4c421cf'),
 ('273', 'Asset', '1', '0', '2017-06-15 15:30:23', '2017-06-19 20:56:11', 'fc50466c-0064-4d92-9e6c-7aacc1005f88'),
 ('274', 'Asset', '1', '0', '2017-06-15 15:30:23', '2017-06-19 20:56:12', 'e7e0b865-0432-4a1b-9e83-e122ac4f9441'),
 ('275', 'Asset', '1', '0', '2017-06-15 15:30:23', '2017-06-19 20:56:12', 'a201e88b-c694-4e00-934a-5e1b6046e9ff'),
 ('276', 'Asset', '1', '0', '2017-06-15 15:30:23', '2017-06-19 20:56:12', '4970aa19-970f-46cf-b866-f9008a95a88f'),
 ('277', 'Asset', '1', '0', '2017-06-15 15:30:23', '2017-06-19 20:56:12', '912abd7e-d2a8-463b-9758-69d39b5052f9'),
 ('278', 'Asset', '1', '0', '2017-06-15 15:30:23', '2017-06-19 20:56:12', 'a027c50e-6954-4e61-bb65-511c7e994578'),
 ('279', 'Asset', '1', '0', '2017-06-15 15:30:23', '2017-06-19 20:56:12', '22f7d113-84db-4444-a801-440b60548587'),
 ('280', 'Asset', '1', '0', '2017-06-15 15:30:23', '2017-06-19 20:56:12', '9aa4f908-0ac4-40ad-a9e6-d5f5dcfe7f08'),
 ('283', 'Tag', '1', '0', '2017-06-15 15:57:36', '2017-06-15 15:57:36', 'fd5cbf22-b6c3-494b-9a1f-349e14ba6d00'),
 ('284', 'Tag', '1', '0', '2017-06-19 18:28:26', '2017-06-19 18:28:26', 'dcd744a7-ced7-4d2a-8b43-3083b7facc15'),
 ('286', 'Tag', '1', '0', '2017-06-21 14:20:51', '2017-06-21 14:20:51', 'ee6aa3c0-f207-433b-a950-3d6dc879555c'),
 ('287', 'Tag', '1', '0', '2017-06-21 14:21:00', '2017-06-21 14:21:00', '7e0527ec-9a95-4c12-a90f-9428d9de4fb1'),
 ('288', 'Tag', '1', '0', '2017-06-21 14:21:06', '2017-06-21 14:21:06', 'ca3d51a9-38d2-49a5-886b-f81b6c732dc4'),
 ('289', 'Tag', '1', '0', '2017-06-21 14:21:12', '2017-06-21 14:21:12', '9de2088b-a693-4f5e-85c7-3bbd5e901b4f'),
 ('290', 'MatrixBlock', '1', '0', '2017-06-21 14:22:16', '2017-06-26 18:23:32', 'eb1ffff0-9814-4bac-9c99-d5c7f8e7a7c6'),
 ('291', 'MatrixBlock', '1', '0', '2017-06-21 14:22:16', '2017-06-26 18:23:32', 'fc972202-95cb-4851-aa61-4a684192903d'),
 ('292', 'MatrixBlock', '1', '0', '2017-06-21 14:22:16', '2017-06-26 18:23:32', '375b2e66-cedd-4d53-81cc-9978bb94706f'),
 ('294', 'Tag', '1', '0', '2017-06-21 15:38:01', '2017-06-21 15:38:01', 'a812623e-bc2a-4284-b216-13b0d707faaf'),
 ('296', 'MatrixBlock', '1', '0', '2017-06-26 14:47:43', '2017-06-26 18:23:32', '0737b6d4-44f8-4b2a-9976-8fe3cf3e3b8f'),
 ('297', 'MatrixBlock', '1', '0', '2017-06-26 18:07:41', '2017-06-26 18:23:32', 'dfea1bec-a927-4e9a-93c4-52837f54440c'),
 ('434', 'Asset', '1', '0', '2017-06-27 16:05:59', '2017-06-27 16:05:59', '21b2af6e-5dc3-42f5-a797-16f330bc33d9'),
 ('435', 'Asset', '1', '0', '2017-06-27 16:06:00', '2017-06-27 16:06:00', '2e577501-0884-430b-8e9f-0e39d5f874f6'),
 ('436', 'Asset', '1', '0', '2017-06-27 16:06:01', '2017-06-27 16:06:01', '715c5f76-569c-41ff-8f1a-5677c4eac1d8'),
 ('437', 'Asset', '1', '0', '2017-06-27 16:06:01', '2017-06-27 16:06:01', 'b063064f-3359-4b7c-93e6-6a3dbdc97924'),
 ('438', 'Asset', '1', '0', '2017-06-27 16:06:02', '2017-06-27 16:06:02', 'fed87f19-dc4d-4a2a-b02c-105208bc11ee'),
 ('439', 'Asset', '1', '0', '2017-06-27 16:06:10', '2017-06-27 16:06:10', 'eba6f0cc-f5f4-457b-97ac-d54766debaeb'),
 ('440', 'Asset', '1', '0', '2017-06-27 16:06:14', '2017-06-27 16:06:14', '2fcc7d8c-01dd-4f62-b703-3b739479520c'),
 ('441', 'Asset', '1', '0', '2017-06-27 16:06:15', '2017-06-27 16:06:15', 'a0631f5b-2d1b-4c65-b966-92c64a821bd7'),
 ('442', 'Asset', '1', '0', '2017-06-27 16:06:17', '2017-06-27 16:06:17', 'f4e33e7c-e109-4876-b3b5-1ec931c4bb1c'),
 ('443', 'Asset', '1', '0', '2017-06-27 16:06:18', '2017-06-27 16:06:18', '10583a5f-dd8b-4ebd-a670-faa2c1bcad96'),
 ('444', 'Asset', '1', '0', '2017-06-27 16:06:20', '2017-06-27 16:06:20', 'a27a9f58-1664-4973-b189-126097d1af13'),
 ('445', 'Asset', '1', '0', '2017-06-27 16:06:20', '2017-06-27 16:06:20', 'e3098967-c6b3-4b8b-9ed6-38ae90e1ae3a'),
 ('446', 'Asset', '1', '0', '2017-06-27 16:06:22', '2017-06-27 16:06:22', '129e08c5-4047-4563-8532-de962fa03682'),
 ('447', 'Asset', '1', '0', '2017-06-27 16:06:22', '2017-06-27 16:06:22', 'f510bc14-210b-4f6a-99f0-d73c6576f7d4'),
 ('448', 'Asset', '1', '0', '2017-06-27 16:06:23', '2017-06-27 16:06:23', '7e5c5d5a-b332-4e10-ba9b-0b1b7cca1117'),
 ('449', 'Asset', '1', '0', '2017-06-27 16:06:23', '2017-06-27 16:06:23', 'cecdda3b-b747-4b3e-9ae4-cd3fdd1c0e4b'),
 ('450', 'Asset', '1', '0', '2017-06-27 16:06:26', '2017-06-27 16:06:26', 'feca315c-dd28-4be2-9569-d8dfd1b61155'),
 ('451', 'Asset', '1', '0', '2017-06-27 16:06:26', '2017-06-27 16:06:26', '52d4d7ec-5979-45a6-b60e-4a7c069ed6e8'),
 ('452', 'Asset', '1', '0', '2017-06-27 16:06:27', '2017-06-27 16:06:27', '35a27dad-006e-4477-a578-b48f90f3cc77'),
 ('453', 'Asset', '1', '0', '2017-06-27 16:06:36', '2017-06-27 16:06:36', '9575607d-f038-4e2f-81fc-093e76bdade3'),
 ('454', 'Asset', '1', '0', '2017-06-27 16:08:14', '2017-06-27 16:10:02', '60282c11-5aac-43e7-aab5-47f72cae3083'),
 ('455', 'Asset', '1', '0', '2017-06-27 16:08:33', '2017-06-27 16:10:03', 'f9f5a23d-782c-4fa2-bff4-cd997776b8f3'),
 ('456', 'Asset', '1', '0', '2017-06-27 16:08:50', '2017-06-27 16:10:02', 'de5a10ad-7e0e-43a6-bf77-9f853082b0aa'),
 ('457', 'Asset', '1', '0', '2017-06-27 16:08:55', '2017-06-27 16:10:02', '31773535-b399-433f-a28f-2ddaea68a3f2'),
 ('458', 'Asset', '1', '0', '2017-06-27 16:08:56', '2017-06-27 16:10:02', 'f22a06a2-da94-4ec6-8bc8-ad06491ae9aa'),
 ('459', 'Asset', '1', '0', '2017-06-27 16:08:56', '2017-06-27 16:10:02', '2e07ff7a-b02e-4aeb-a3d1-f5d3e8f99cfa'),
 ('460', 'Asset', '1', '0', '2017-06-27 16:08:57', '2017-06-27 16:10:02', 'ba1a1012-4c34-4d53-abe9-8fd26e9ce59e'),
 ('464', 'Asset', '1', '0', '2017-06-27 16:08:58', '2017-06-27 16:10:03', '48365391-5813-484f-a23e-ccb4026f9500'),
 ('466', 'Asset', '1', '0', '2017-06-27 16:08:58', '2017-06-27 16:10:03', '6224d002-b4da-4e2f-82c8-f56632f83c5b'),
 ('467', 'Asset', '1', '0', '2017-06-27 16:08:59', '2017-06-27 16:10:03', '8df887d7-00fa-4225-91bb-c37528e3fec5'),
 ('468', 'Asset', '1', '0', '2017-06-27 16:09:08', '2017-06-27 16:10:03', 'a30cc69a-8c49-45bf-a9ba-6edebba35d21'),
 ('469', 'Asset', '1', '0', '2017-06-27 16:09:30', '2017-06-27 16:09:30', '4c3cc322-1df4-4639-8b48-05d81fe79c26'),
 ('477', 'Asset', '1', '0', '2017-06-27 16:09:51', '2017-06-27 16:09:51', '532a9afd-0c83-4b87-b370-276c55e82dd5'),
 ('482', 'Asset', '1', '0', '2017-06-27 16:10:44', '2017-06-27 16:10:44', 'bbbacfcc-abe9-499d-9ddc-3f2f8a6120ec'),
 ('483', 'Asset', '1', '0', '2017-06-27 16:10:45', '2017-06-27 16:10:45', '0d42d777-ccec-477c-9f19-f5e81705e20a'),
 ('484', 'Asset', '1', '0', '2017-06-27 16:10:45', '2017-06-27 16:10:45', '51715ede-a2e5-49ed-98ae-b61c41c5f5cd'),
 ('485', 'Asset', '1', '0', '2017-06-27 16:10:45', '2017-06-27 16:10:45', '85b651a4-1587-4081-9e07-a1710e544426'),
 ('486', 'Asset', '1', '0', '2017-06-27 16:10:45', '2017-06-27 16:10:45', '81e81a44-682b-4399-b392-62a29e2c0ab5'),
 ('487', 'Asset', '1', '0', '2017-06-27 16:10:45', '2017-06-27 16:10:45', '22d2c7d6-be10-497d-8f19-66581084fcb4'),
 ('488', 'Asset', '1', '0', '2017-06-27 16:10:45', '2017-06-27 16:10:45', 'd03cfa0d-7b2a-4ee4-9f51-4cdc181f55eb'),
 ('489', 'Asset', '1', '0', '2017-06-27 16:10:46', '2017-06-27 16:10:46', '165f7669-688f-4aa4-aaa4-a282f076409b'),
 ('490', 'Asset', '1', '0', '2017-06-27 16:10:46', '2017-06-27 16:10:46', '0b74e40f-9b75-4c50-9209-352795aea67d');
INSERT INTO `craft_elements` (`id`, `type`, `enabled`, `archived`, `dateCreated`, `dateUpdated`, `uid`) VALUES
 ('491', 'Asset', '1', '0', '2017-06-27 16:11:27', '2017-06-27 16:11:27', '9b7e875c-7040-4597-9af5-2fd492ff46a8'),
 ('492', 'Asset', '1', '0', '2017-06-27 16:11:27', '2017-06-27 16:11:27', '189097b2-5b94-4a7f-b9c5-e5319b02a54a'),
 ('493', 'Asset', '1', '0', '2017-06-27 16:11:27', '2017-06-27 16:11:27', '6b1ce90e-788e-436d-aa19-fcff58ce4b0a'),
 ('494', 'Asset', '1', '0', '2017-06-27 16:11:28', '2017-06-27 16:11:28', '2a77cc44-7f75-491a-ac67-3be44888ed47'),
 ('495', 'Asset', '1', '0', '2017-06-27 16:11:28', '2017-06-27 16:11:28', '9c3e0513-ed62-4260-b26d-592f13d1fad7'),
 ('496', 'Asset', '1', '0', '2017-06-27 16:11:28', '2017-06-27 16:11:28', '36db2911-547a-4419-a3d3-e3f8e13c929b'),
 ('497', 'Asset', '1', '0', '2017-06-27 16:11:28', '2017-06-27 16:11:28', 'db7b548f-eba8-4928-8bd1-2d262a446c5b'),
 ('498', 'Asset', '1', '0', '2017-06-27 16:11:28', '2017-06-27 16:11:28', 'f17cce5f-950e-4d31-ba02-65f513fa4f50'),
 ('499', 'Asset', '1', '0', '2017-06-27 16:11:28', '2017-06-27 16:11:28', 'a6aa1774-a3ba-4e3c-b745-20ea353f1edd'),
 ('500', 'Asset', '1', '0', '2017-06-27 16:11:28', '2017-06-27 16:11:28', '3669558e-3504-4e26-b760-a47ae4b379ee'),
 ('501', 'Asset', '1', '0', '2017-06-27 16:11:29', '2017-06-27 16:11:29', 'ccc2be92-483d-48b1-86d6-c8b8298c39d4'),
 ('502', 'Asset', '1', '0', '2017-06-27 16:11:29', '2017-06-27 16:11:29', '6735c58d-6131-4c74-b6b2-011f2a51e6ed'),
 ('503', 'Asset', '1', '0', '2017-06-27 16:11:29', '2017-06-27 16:11:29', '9f8f5d1e-71e5-4e6f-8623-e0fdb7ab5ed8'),
 ('504', 'Asset', '1', '0', '2017-06-27 16:11:29', '2017-06-27 16:11:29', '53007245-1754-47a0-ba63-222d88d6ad5a'),
 ('512', 'Asset', '1', '0', '2017-06-27 16:11:32', '2017-06-27 16:11:32', 'b3b6d9d2-488d-4270-aef2-7e28c1474a98'),
 ('513', 'Asset', '1', '0', '2017-06-27 16:11:32', '2017-06-27 16:11:32', 'fa03f0a0-f2e6-4c1b-a144-eddbb0d7cc3d'),
 ('514', 'Asset', '1', '0', '2017-06-27 16:11:32', '2017-06-27 16:11:32', 'b8505a0e-5e50-4f4b-ae1a-1873800ddf9c'),
 ('515', 'Asset', '1', '0', '2017-06-27 16:11:33', '2017-06-27 16:11:33', 'dac1b802-1b68-4394-955f-0354633bae5d'),
 ('516', 'Asset', '1', '0', '2017-06-27 16:11:33', '2017-06-27 16:11:33', '60313181-f663-43d7-b24d-4a8b2cefef39'),
 ('517', 'Asset', '1', '0', '2017-06-27 16:11:33', '2017-06-27 16:11:33', 'a419a06b-44ae-4611-91f5-5095d62930f1'),
 ('518', 'Asset', '1', '0', '2017-06-27 16:11:33', '2017-06-27 16:11:33', '4f19db14-82a4-41cb-a117-7d8327cb8c92'),
 ('519', 'Asset', '1', '0', '2017-06-27 16:12:06', '2017-06-27 16:12:06', '59dc1a8c-07d6-4f24-a20b-87356d02c45c'),
 ('520', 'Asset', '1', '0', '2017-06-27 16:12:07', '2017-06-27 16:12:07', '959bbb40-b9c1-4e83-9451-19112de113fc'),
 ('521', 'Asset', '1', '0', '2017-06-27 16:12:07', '2017-06-27 16:12:07', 'ef3e63ba-ea14-4e0a-a4be-a7b3b24bafa3'),
 ('522', 'Asset', '1', '0', '2017-06-27 16:12:07', '2017-06-27 16:12:07', '8d97e4cf-1a42-4f93-9bf0-38969d2ba8a1'),
 ('523', 'Asset', '1', '0', '2017-06-27 16:12:07', '2017-06-27 16:12:07', 'd1cd6233-47e6-4017-8202-83a04ae53420'),
 ('524', 'Asset', '1', '0', '2017-06-27 16:12:08', '2017-06-27 16:12:08', '4dc05e16-7710-4b42-800d-27280e8d71de'),
 ('525', 'Asset', '1', '0', '2017-06-27 16:12:08', '2017-06-27 16:12:08', '0b5df4e4-9457-4200-989e-f5c5e87631af'),
 ('526', 'Asset', '1', '0', '2017-06-27 16:12:08', '2017-06-27 16:12:08', '28f7d41f-093b-48c0-a2c2-034dbda4c58b'),
 ('527', 'Asset', '1', '0', '2017-06-27 16:12:08', '2017-06-27 16:12:08', 'dc4b426a-3613-488e-8181-3cf6f29a32ea'),
 ('528', 'Asset', '1', '0', '2017-06-27 16:12:08', '2017-06-27 16:12:08', '74ea4ed0-7ade-4a02-aec3-406812ed8411'),
 ('529', 'Asset', '1', '0', '2017-06-27 16:12:08', '2017-06-27 16:12:08', '0ebae28d-5d8b-477f-823e-8a4d1e403cc8'),
 ('530', 'Asset', '1', '0', '2017-06-27 16:12:08', '2017-06-27 16:12:08', 'c1c77df5-5085-4953-9b61-7ef587187abd'),
 ('531', 'Asset', '1', '0', '2017-06-27 16:12:09', '2017-06-27 16:12:09', 'd7e19972-8a14-4c15-9ba5-785db4c74f5f'),
 ('532', 'Asset', '1', '0', '2017-06-27 16:12:09', '2017-06-27 16:12:09', '42908300-667d-4d36-b9cd-de053ed51540'),
 ('533', 'Asset', '1', '0', '2017-06-27 16:12:12', '2017-06-27 16:12:12', 'b46b6631-253f-44ca-92cd-a93711f2ac3f'),
 ('534', 'Asset', '1', '0', '2017-06-27 16:12:12', '2017-06-27 16:12:12', '4dc6fe19-de24-4689-b0ec-827143386a3e'),
 ('535', 'Asset', '1', '0', '2017-06-27 16:12:12', '2017-06-27 16:12:12', '1b87859e-a3f8-4f57-b7b8-b8c677738c22'),
 ('536', 'Asset', '1', '0', '2017-06-27 16:12:13', '2017-06-27 16:12:13', '4178afd3-7b66-4f76-8426-e921d9ba48fb'),
 ('568', 'Asset', '1', '0', '2017-06-27 16:13:59', '2017-06-27 16:13:59', '62fe166e-7fdb-4dec-8b20-c4bfc443e522'),
 ('569', 'Asset', '1', '0', '2017-06-27 16:13:59', '2017-06-27 16:13:59', '967210fb-34c6-44d0-a68b-987d7d2e8b59'),
 ('570', 'Asset', '1', '0', '2017-06-27 16:13:59', '2017-06-27 16:13:59', 'b2035575-40dc-4e13-be7a-784addaf2f1f'),
 ('572', 'Asset', '1', '0', '2017-06-27 16:14:00', '2017-06-27 16:14:00', '705f477c-28f9-4c9f-8966-ffb3b20d7672'),
 ('573', 'Asset', '1', '0', '2017-06-27 16:14:00', '2017-06-27 16:14:00', '68d18247-bb5a-4d6c-9dd2-183043a6877f'),
 ('574', 'Asset', '1', '0', '2017-06-27 16:14:00', '2017-06-27 16:14:00', 'd07665b9-6b3c-40d9-9060-d4c96d1b863a'),
 ('575', 'Asset', '1', '0', '2017-06-27 16:14:00', '2017-06-27 16:14:00', 'd8ce956d-92ae-4029-9789-2c75171d60f3'),
 ('576', 'Asset', '1', '0', '2017-06-27 16:14:00', '2017-06-27 16:14:00', 'f35435ea-744d-4901-98d2-7263c485ca57'),
 ('577', 'Asset', '1', '0', '2017-06-27 16:14:00', '2017-06-27 16:14:00', '4f1b0cf2-861a-4bcb-8c0d-5d3b0fca83df'),
 ('579', 'Asset', '1', '0', '2017-06-27 16:14:00', '2017-06-27 16:14:00', '23d01972-4532-48b2-ad2d-f236d01f5b03'),
 ('581', 'Asset', '1', '0', '2017-06-27 16:14:00', '2017-06-27 16:14:01', 'a302da79-9978-4c5e-b164-180a1de97d69'),
 ('584', 'Asset', '1', '0', '2017-06-27 16:14:01', '2017-06-27 16:14:01', '6cc88309-4bbe-4845-b0e4-488eb183a76e'),
 ('585', 'Asset', '1', '0', '2017-06-27 16:14:01', '2017-06-27 16:14:01', '97742ac6-c71b-4f11-98d7-b260f830c4b6'),
 ('586', 'Asset', '1', '0', '2017-06-27 16:14:01', '2017-06-27 16:14:01', '71e48f04-2ede-4420-a2f2-ee1e70ca8888'),
 ('587', 'Asset', '1', '0', '2017-06-27 16:14:01', '2017-06-27 16:14:01', 'e2d396f1-97ca-448e-bec2-997b9074d703'),
 ('589', 'Asset', '1', '0', '2017-06-27 16:14:01', '2017-06-27 16:14:01', 'a507077b-d828-45c8-92a4-26f0da7e41bb'),
 ('591', 'Asset', '1', '0', '2017-06-27 16:14:01', '2017-06-27 16:14:02', '529deca8-07e1-4453-969b-b2707c3678f9'),
 ('592', 'Asset', '1', '0', '2017-06-27 16:14:02', '2017-06-27 16:14:02', '6d03d2da-614f-43a4-b932-355665b44cf8'),
 ('594', 'Asset', '1', '0', '2017-06-27 16:14:02', '2017-06-27 16:14:02', 'fa6fa4d9-1abd-4d89-827a-a9b5935838e2'),
 ('596', 'Asset', '1', '0', '2017-06-27 16:14:02', '2017-06-27 16:14:02', '67767a93-4820-472e-bb2f-f7f9a6747462'),
 ('597', 'Asset', '1', '0', '2017-06-27 16:14:02', '2017-06-27 16:14:02', '4b0d433f-4260-4a7c-9aae-817a2a51bcd0'),
 ('598', 'Asset', '1', '0', '2017-06-27 16:14:02', '2017-06-27 16:14:02', 'a8eea085-e262-4bba-8145-9e1f8898739d'),
 ('601', 'Asset', '1', '0', '2017-06-27 16:15:51', '2017-06-27 16:16:04', '504f04e5-1b04-4382-b040-dea77b994e5b'),
 ('603', 'Asset', '1', '0', '2017-06-27 16:15:59', '2017-06-27 16:15:59', '33af7421-4949-42ad-b21a-d4ae28c4072c'),
 ('604', 'Asset', '1', '0', '2017-06-27 16:16:00', '2017-06-27 16:16:00', '6ca49b35-f465-441d-ba12-c6b060f7c972'),
 ('605', 'Asset', '1', '0', '2017-06-27 16:16:00', '2017-06-27 16:16:00', '2ea10caa-8dd7-4473-9e5a-3761537bf9e2'),
 ('606', 'Asset', '1', '0', '2017-06-27 16:16:00', '2017-06-27 16:16:00', 'f4e277bb-f9fb-4a0c-b129-25545067e718'),
 ('607', 'Asset', '1', '0', '2017-06-27 16:16:00', '2017-06-27 16:16:00', '6b58af02-0e7a-43ec-889e-f431f820da96'),
 ('608', 'MatrixBlock', '1', '0', '2017-06-27 16:27:16', '2017-06-27 19:13:30', '048d8408-07b7-4264-981f-ea2ca31ee31b'),
 ('659', 'Asset', '1', '0', '2017-06-27 18:48:51', '2017-06-27 18:48:51', '40155cb9-a7f6-42b3-b37b-4bf76994c1cd'),
 ('660', 'Asset', '1', '0', '2017-06-27 18:48:51', '2017-06-27 18:48:51', 'edcbd612-215f-4cf5-a024-012b0c60483f'),
 ('661', 'Asset', '1', '0', '2017-06-27 18:48:51', '2017-06-27 18:48:51', '713a1a9c-4904-4cbd-a3f0-7c4548e27f56'),
 ('662', 'Asset', '1', '0', '2017-06-27 18:48:52', '2017-06-27 18:48:52', '30a8b6ba-04ab-4cd7-83b9-a06e0d5f7796'),
 ('663', 'Asset', '1', '0', '2017-06-27 18:48:52', '2017-06-27 18:48:52', 'dc3169bb-a77d-4f80-b3c4-631c799673a7'),
 ('664', 'Asset', '1', '0', '2017-06-27 18:48:52', '2017-06-27 18:48:52', 'b7728f9a-76bc-44ac-85e3-6ed3dd9d44d4'),
 ('665', 'Asset', '1', '0', '2017-06-27 18:48:52', '2017-06-27 18:48:52', '4fb59730-3a36-4d76-b980-5ed9d81d32f9'),
 ('666', 'Asset', '1', '0', '2017-06-27 18:48:52', '2017-06-27 18:48:52', 'f360a547-055d-40c3-8158-cb3bd362a2ad'),
 ('667', 'Asset', '1', '0', '2017-06-27 18:48:53', '2017-06-27 18:48:53', '00d3be08-ef91-4ce4-a508-1f6e507c06b1'),
 ('668', 'Asset', '1', '0', '2017-06-27 18:48:53', '2017-06-27 18:48:53', 'b39bcc60-3a03-48f2-ad59-68d2b1eb4592'),
 ('669', 'Asset', '1', '0', '2017-06-27 18:48:53', '2017-06-27 18:48:53', '2824304a-3bea-46c7-a5dd-51dff5c18046'),
 ('670', 'Asset', '1', '0', '2017-06-27 18:48:53', '2017-06-27 18:48:53', '4a960bdb-d03d-4820-8eb8-cb9c44666b7e'),
 ('671', 'Asset', '1', '0', '2017-06-27 18:48:53', '2017-06-27 18:48:53', 'd1e6eda6-dcd9-4d49-8d1f-f1ca28ceae8b'),
 ('672', 'Asset', '1', '0', '2017-06-27 18:48:53', '2017-06-27 18:48:53', '171789d3-1ebd-4b04-8e86-8e4e5f6b5eee'),
 ('673', 'Asset', '1', '0', '2017-06-27 18:48:53', '2017-06-27 18:48:53', '6226a5b9-7985-41ff-b0ec-1332918726f5'),
 ('674', 'Asset', '1', '0', '2017-06-27 18:48:54', '2017-06-27 18:48:54', '6b7e3b4b-dc91-424a-a700-637eba2ddfed'),
 ('675', 'Asset', '1', '0', '2017-06-27 18:48:54', '2017-06-27 18:48:54', '4bd81c2a-446d-4e8b-a812-5e1f61a4763d'),
 ('676', 'Asset', '1', '0', '2017-06-27 18:48:54', '2017-06-27 18:48:54', '8685f87d-debc-4ab7-b5e2-44cf535c23b6'),
 ('677', 'Asset', '1', '0', '2017-06-27 18:48:54', '2017-06-27 18:48:54', 'c6d8824a-d525-4165-9352-4a229118b9fa'),
 ('678', 'Asset', '1', '0', '2017-06-27 18:48:54', '2017-06-27 18:48:54', 'f8d004de-5252-4f06-b9de-6cc88b1dc962'),
 ('679', 'Asset', '1', '0', '2017-06-27 18:48:54', '2017-06-27 18:48:54', 'b896fb79-3168-452b-b773-ad358492ee5d'),
 ('680', 'Asset', '1', '0', '2017-06-27 18:48:54', '2017-06-27 18:48:54', '42b8af7a-50c0-4873-9186-0d00a5c4a86b'),
 ('681', 'Asset', '1', '0', '2017-06-27 18:48:55', '2017-06-27 18:48:55', 'f3fc68cd-7d01-47cd-8f78-873f92b78c12'),
 ('682', 'MatrixBlock', '1', '0', '2017-06-27 19:54:37', '2017-06-27 19:54:37', 'b9d40a55-5f0b-4477-8eff-fdd1824d4f50'),
 ('684', 'MatrixBlock', '1', '0', '2017-06-27 20:02:34', '2017-06-27 20:02:34', '4e7f8552-31ea-420c-bc63-96d33ee3a507'),
 ('685', 'MatrixBlock', '1', '0', '2017-06-27 20:03:29', '2017-06-27 20:03:29', 'b9d45d23-17f3-494e-934b-62be7d1c14e0'),
 ('686', 'MatrixBlock', '1', '0', '2017-06-27 20:03:47', '2017-06-27 20:03:47', '9eb3a113-9aa9-4a05-aeb1-eb276a6d83a4'),
 ('687', 'MatrixBlock', '1', '0', '2017-06-27 20:04:03', '2017-06-27 20:04:03', '60dd25f7-dfab-4bed-971f-c591bd73f2fc'),
 ('688', 'Entry', '1', '0', '2017-06-27 21:06:10', '2017-06-27 21:17:29', '19c58242-591a-458b-a752-587c45385bf5'),
 ('689', 'Entry', '1', '0', '2017-06-27 21:13:58', '2017-06-27 21:17:29', 'cfbcd519-6d98-4436-90cb-e1e2650fa775'),
 ('690', 'Entry', '1', '0', '2017-06-27 21:31:48', '2017-06-27 21:31:48', 'b6933476-d762-426a-8fa8-31540c29f841');



DROP TABLE IF EXISTS `craft_elements_i18n`;


--
-- Schema for table `craft_elements_i18n`
--
CREATE TABLE `craft_elements_i18n` (
  `id` int(11) NOT NULL AUTO_INCREMENT,
  `elementId` int(11) NOT NULL,
  `locale` char(12) COLLATE utf8_unicode_ci NOT NULL,
  `slug` varchar(255) COLLATE utf8_unicode_ci DEFAULT NULL,
  `uri` varchar(255) COLLATE utf8_unicode_ci DEFAULT NULL,
  `enabled` tinyint(1) unsigned NOT NULL DEFAULT '1',
  `dateCreated` datetime NOT NULL,
  `dateUpdated` datetime NOT NULL,
  `uid` char(36) COLLATE utf8_unicode_ci NOT NULL DEFAULT '0',
  PRIMARY KEY (`id`),
  UNIQUE KEY `craft_elements_i18n_elementId_locale_unq_idx` (`elementId`,`locale`),
  UNIQUE KEY `craft_elements_i18n_uri_locale_unq_idx` (`uri`,`locale`),
  KEY `craft_elements_i18n_slug_locale_idx` (`slug`,`locale`),
  KEY `craft_elements_i18n_enabled_idx` (`enabled`),
  KEY `craft_elements_i18n_locale_fk` (`locale`)
) ENGINE=InnoDB AUTO_INCREMENT=691 DEFAULT CHARSET=utf8 COLLATE=utf8_unicode_ci;

--
-- Data for table `craft_elements_i18n`
--

INSERT INTO `craft_elements_i18n` (`id`, `elementId`, `locale`, `slug`, `uri`, `enabled`, `dateCreated`, `dateUpdated`, `uid`) VALUES
 ('1', '1', 'en_us', '', NULL, '1', '2017-05-24 15:07:00', '2017-05-24 15:07:00', 'd7a7a71b-e1bb-49a2-9071-1a55eb0aee2c'),
 ('2', '2', 'en_us', 'homepage', '__home__', '1', '2017-05-24 15:07:02', '2017-06-27 21:44:51', 'bb170d5e-da0f-4f00-b4ec-30dbf324d0f7'),
 ('4', '4', 'en_us', 'about', 'about', '1', '2017-05-30 20:15:30', '2017-05-31 19:33:16', 'dcd134d6-a401-4c81-9ce7-974b527df2e9'),
 ('5', '5', 'en_us', 'rooms', 'rooms', '1', '2017-05-31 19:14:53', '2017-06-27 19:13:30', '7090705a-7043-43b6-ac82-920962f554b3'),
 ('6', '6', 'en_us', 'now', 'now', '1', '2017-05-31 19:31:58', '2017-06-27 20:03:46', '542788b7-1e0a-4bdc-b684-e7c250bf7a67'),
 ('7', '7', 'en_us', 'lifestyle', 'lifestyle', '1', '2017-05-31 19:32:19', '2017-06-27 20:03:29', '270272f6-e5c0-4160-88cf-1c9bf6e61653'),
 ('8', '8', 'en_us', 'inspiration', 'inspiration', '1', '2017-05-31 19:32:29', '2017-06-27 20:02:34', 'ef254d61-aa4c-44bf-b2e2-c6f3f7cd7cf4'),
 ('9', '9', 'en_us', 'details', 'details', '1', '2017-05-31 19:32:53', '2017-06-27 19:54:37', 'e6008a5a-f5c3-4c6f-b7a2-52024378d944'),
 ('10', '10', 'en_us', 'press', 'press', '1', '2017-05-31 19:34:45', '2017-06-27 20:04:03', '1b544325-6e94-41d6-9e16-d61f149f19da'),
 ('11', '11', 'en_us', 'contact', 'contact', '1', '2017-05-31 19:35:07', '2017-05-31 19:35:07', '2560a4a0-2dc4-4c8b-9f4c-991127ef7fbf'),
 ('12', '12', 'en_us', 'test-post', 'blog/test-post', '1', '2017-05-31 20:20:08', '2017-06-15 20:57:58', 'd3426f08-ee1f-4f0f-90e5-9f527e1e6389'),
 ('16', '16', 'en_us', 'stfff', NULL, '1', '2017-06-01 19:09:15', '2017-06-01 19:09:15', '1f025b71-b62e-43dd-a919-54a1f042bd76'),
 ('17', '17', 'en_us', 'waerew', NULL, '1', '2017-06-01 19:09:18', '2017-06-01 19:09:18', 'f288ae64-8832-4284-9ed5-15f2c0d922d2'),
 ('18', '18', 'en_us', 'test', NULL, '1', '2017-06-01 19:09:38', '2017-06-01 19:09:38', '05103a6a-7ca7-4041-8fa4-43c82adcfe53'),
 ('19', '19', 'en_us', 'tewe', NULL, '1', '2017-06-01 19:09:40', '2017-06-01 19:09:40', 'ebe5a3cd-8caf-48c0-8a69-c14ac7fa2cd6'),
 ('20', '20', 'en_us', 'design', NULL, '1', '2017-06-01 20:47:45', '2017-06-01 20:47:45', '0ca37516-e8af-4f04-a0fc-e7712a60c1b4'),
 ('21', '21', 'en_us', 'post-number-two', 'blog/post-number-two', '1', '2017-06-01 20:49:05', '2017-06-15 15:45:00', 'de44def2-0806-43fb-9aa8-bd41bac79f8a'),
 ('22', '22', 'en_us', '3rd-post', NULL, '1', '2017-06-01 21:47:26', '2017-06-01 21:47:26', '2150055f-e312-42fb-a420-319041d68ecb'),
 ('23', '23', 'en_us', 'post-3', 'blog/post-3', '1', '2017-06-01 21:47:29', '2017-06-26 18:23:32', 'ab38a1c7-63f5-4f64-a53d-faf802309c22'),
 ('28', '28', 'en_us', 'gold-star', NULL, '1', '2017-06-15 15:30:11', '2017-06-19 20:56:02', '2a965d3c-429b-4a08-b49c-f527b7f5155e'),
 ('29', '29', 'en_us', 'gold-star', NULL, '1', '2017-06-15 15:30:11', '2017-06-19 20:56:02', 'd85c7ee2-aad7-4194-aff0-a289048e8024'),
 ('30', '30', 'en_us', 'gold-star-2x', NULL, '1', '2017-06-15 15:30:11', '2017-06-19 20:56:02', '001f454c-4ca2-45e3-a0e9-10f04e57a099'),
 ('31', '31', 'en_us', 'gold-star-3x', NULL, '1', '2017-06-15 15:30:11', '2017-06-19 20:56:02', 'e6744540-786e-4657-bc26-446b24c50002'),
 ('32', '32', 'en_us', 'shelley-white-logo-homepage', NULL, '1', '2017-06-15 15:30:11', '2017-06-19 20:56:02', '3ab5668f-de2c-47d9-aab2-d9f914ded228'),
 ('33', '33', 'en_us', 'shelley-white-logo-homepage', NULL, '1', '2017-06-15 15:30:11', '2017-06-19 20:56:02', 'a26b4cb0-67ba-4d2e-981b-0f921f5fb657'),
 ('34', '34', 'en_us', 'shelley-white-logo-homepage-2x', NULL, '1', '2017-06-15 15:30:12', '2017-06-19 20:56:02', '82613654-0528-4025-90dd-81156d8f950f'),
 ('35', '35', 'en_us', 'shelleys-logo-large', NULL, '1', '2017-06-15 15:30:12', '2017-06-19 20:56:02', 'b18a4cd2-9da1-4cc9-b76f-873f633fc892'),
 ('36', '36', 'en_us', 'shelleys-logo-large', NULL, '1', '2017-06-15 15:30:12', '2017-06-19 20:56:02', '054a9030-7f94-4efb-a0ba-4fd9d7d741e8'),
 ('37', '37', 'en_us', 'shelleys-logo-large-2x', NULL, '1', '2017-06-15 15:30:12', '2017-06-19 20:56:02', 'ef97de30-1726-4661-97db-22d09bf82ab2'),
 ('38', '38', 'en_us', 'shelleys-logo-large-3x', NULL, '1', '2017-06-15 15:30:12', '2017-06-19 20:56:02', '5fff83d8-fc4d-472f-bebf-c2fa2eb2b2ad'),
 ('39', '39', 'en_us', 'side-bar-logo', NULL, '1', '2017-06-15 15:30:12', '2017-06-19 20:56:02', '42e8ac4d-288f-47d7-8656-36b7521a66a3'),
 ('40', '40', 'en_us', 'shelley-white-logo-homepage-3x', NULL, '1', '2017-06-15 15:30:12', '2017-06-19 20:56:02', '600d34c1-875f-4816-88dc-9691a77e4317'),
 ('41', '41', 'en_us', 'side-bar-logo', NULL, '1', '2017-06-15 15:30:12', '2017-06-19 20:56:02', '5698b924-1439-4991-8572-5e52daca68cc'),
 ('42', '42', 'en_us', 'side-bar-logo-2x', NULL, '1', '2017-06-15 15:30:12', '2017-06-19 20:56:02', '299b5ca2-8a44-4e68-838e-2b5f79420621'),
 ('43', '43', 'en_us', 'side-bar-logo-3x', NULL, '1', '2017-06-15 15:30:12', '2017-06-19 20:56:02', '473ca2b2-ffd3-489b-b29e-6fe67e8e9fac'),
 ('44', '44', 'en_us', 'table', NULL, '1', '2017-06-15 15:30:12', '2017-06-19 20:56:02', 'cd47782e-a3e8-4ba0-bf19-ba77f810a44f'),
 ('45', '45', 'en_us', 'bluechair', NULL, '1', '2017-06-15 15:30:12', '2017-06-19 20:56:02', '56baf2ed-570e-4fae-ad8f-32715f0d4cca'),
 ('46', '46', 'en_us', 'peacock', NULL, '1', '2017-06-15 15:30:12', '2017-06-19 20:56:02', '75eea68f-3da4-4e85-8953-cfff1ed333c9'),
 ('47', '47', 'en_us', 'plant', NULL, '1', '2017-06-15 15:30:12', '2017-06-19 20:56:02', 'a2daf8b9-e4cb-48a3-a82f-0e38bc98aef0'),
 ('49', '49', 'en_us', 'blue-room', NULL, '1', '2017-06-15 15:30:12', '2017-06-19 20:56:03', '293e0325-b599-455b-bfb9-131d382f030b'),
 ('50', '50', 'en_us', 'green-room', NULL, '1', '2017-06-15 15:30:12', '2017-06-19 20:56:03', '5205e27d-a8b5-4356-b4f9-d5e99ef6f0a0'),
 ('51', '51', 'en_us', 'brown-room', NULL, '1', '2017-06-15 15:30:12', '2017-06-19 20:56:03', '57ecaf44-8029-4138-bba5-bb20d976c931'),
 ('52', '52', 'en_us', 'flower-painting', NULL, '1', '2017-06-15 15:30:13', '2017-06-19 20:56:03', '575b67cd-d399-47d7-a9af-905d41e0b3d5'),
 ('54', '54', 'en_us', 'beautifulchair-thumb', NULL, '1', '2017-06-15 15:30:13', '2017-06-19 20:56:03', 'f794e7ed-8cdf-427c-8530-4a1d79670a0a'),
 ('55', '55', 'en_us', 'birdchair', NULL, '1', '2017-06-15 15:30:13', '2017-06-19 20:56:03', '24646ec5-d839-4b8a-b950-ad602c569377'),
 ('56', '56', 'en_us', 'blackwindows', NULL, '1', '2017-06-15 15:30:13', '2017-06-19 20:56:03', 'a5f6f845-d6aa-415c-ab3b-a200292290b5'),
 ('57', '57', 'en_us', 'orange-room', NULL, '1', '2017-06-15 15:30:13', '2017-06-19 20:56:03', 'bbe0c9f8-f862-4a03-84ef-bc3068d5ed24'),
 ('58', '58', 'en_us', 'blue-corner', NULL, '1', '2017-06-15 15:30:13', '2017-06-19 20:56:03', '8faab75c-9954-49af-b764-1e4adb149bae'),
 ('59', '59', 'en_us', 'blue-lamp', NULL, '1', '2017-06-15 15:30:13', '2017-06-19 20:56:03', '46432124-292e-4ff7-a14e-6a6020e699d3'),
 ('60', '60', 'en_us', 'chair-flower', NULL, '1', '2017-06-15 15:30:13', '2017-06-19 20:56:03', 'a0737ad8-bf89-4121-bd58-8e2329396324'),
 ('61', '61', 'en_us', 'coppersink', NULL, '1', '2017-06-15 15:30:13', '2017-06-19 20:56:03', 'dd41d54f-e4f0-46e2-aad9-f50c1b4649b5'),
 ('62', '62', 'en_us', 'doorway', NULL, '1', '2017-06-15 15:30:13', '2017-06-19 20:56:03', '8fd46b64-bfb9-4a50-a248-ab0780bea95a'),
 ('63', '63', 'en_us', 'flower-bird', NULL, '1', '2017-06-15 15:30:13', '2017-06-19 20:56:03', '87a4a380-9b31-4caf-8378-b331e53dcf56'),
 ('64', '64', 'en_us', 'flower-lamp', NULL, '1', '2017-06-15 15:30:13', '2017-06-19 20:56:03', '934cde08-9dba-4953-b051-dd9d22896543'),
 ('65', '65', 'en_us', 'fringechair-thumb', NULL, '1', '2017-06-15 15:30:13', '2017-06-19 20:56:03', 'c4040f88-077b-4240-8c5f-ba6300dd5cfc'),
 ('66', '66', 'en_us', 'green-ceiling', NULL, '1', '2017-06-15 15:30:13', '2017-06-19 20:56:03', '4bfd0e95-62a3-4c73-a2a6-2eef84c93fa7'),
 ('67', '67', 'en_us', 'loft-railing', NULL, '1', '2017-06-15 15:30:13', '2017-06-19 20:56:03', 'df877409-e31b-48b6-99f0-6c079fbfce2b'),
 ('68', '68', 'en_us', 'patio-post', NULL, '1', '2017-06-15 15:30:13', '2017-06-19 20:56:03', '65694d3c-eecd-4219-8764-507b75ca0539'),
 ('69', '69', 'en_us', 'pink-bookcase', NULL, '1', '2017-06-15 15:30:13', '2017-06-19 20:56:03', '8b2b6af6-a39f-459f-a8f6-5e71d991ea2a'),
 ('70', '70', 'en_us', 'plant1', NULL, '1', '2017-06-15 15:30:13', '2017-06-19 20:56:03', 'f9e13a47-9037-4d50-97b2-bd2782e70a91'),
 ('71', '71', 'en_us', 'side-table', NULL, '1', '2017-06-15 15:30:13', '2017-06-19 20:56:03', '6e31424a-10be-4644-bc22-1a6ad96a708a'),
 ('72', '72', 'en_us', 'stairs', NULL, '1', '2017-06-15 15:30:13', '2017-06-19 20:56:03', '10f69698-ee55-4d40-b8ee-3b494df97261'),
 ('73', '73', 'en_us', 'tablesetting-thumb', NULL, '1', '2017-06-15 15:30:14', '2017-06-19 20:56:03', '750a2276-4591-4353-9199-fa18ad074c8e'),
 ('74', '74', 'en_us', 'tableshot', NULL, '1', '2017-06-15 15:30:14', '2017-06-19 20:56:04', 'd95cc3bb-0604-4e0f-b6ce-25c69b773034'),
 ('75', '75', 'en_us', 'teardrops', NULL, '1', '2017-06-15 15:30:14', '2017-06-19 20:56:04', '5f16066f-a3a4-4a10-b0cd-a57c13908255'),
 ('76', '76', 'en_us', 'white-topiary', NULL, '1', '2017-06-15 15:30:14', '2017-06-19 20:56:04', 'e101ad15-2011-49d9-ad0d-486512fe9d4b'),
 ('77', '77', 'en_us', 'stairflowers', NULL, '1', '2017-06-15 15:30:14', '2017-06-19 20:56:03', '1a03484f-7290-4ad0-81b3-1741b6f44225'),
 ('78', '78', 'en_us', 'wood-chair', NULL, '1', '2017-06-15 15:30:14', '2017-06-19 20:56:04', '85fbfc6a-0832-4cdc-a445-8768ea1750bd'),
 ('83', '83', 'en_us', 'concrete-wall', NULL, '1', '2017-06-15 15:30:14', '2017-06-19 20:56:04', '4d576d28-f669-4c75-9812-cb9a438d6499'),
 ('84', '84', 'en_us', 'flower-door', NULL, '1', '2017-06-15 15:30:14', '2017-06-19 20:56:04', 'b2c8c4fd-3e45-4c10-afc6-8f4299dcf3a1'),
 ('85', '85', 'en_us', 'landscape', NULL, '1', '2017-06-15 15:30:14', '2017-06-19 20:56:04', '1966d1f0-9e8e-461a-8131-c9ca6e4a7b8c'),
 ('86', '86', 'en_us', 'pink-flowers', NULL, '1', '2017-06-15 15:30:14', '2017-06-19 20:56:04', '64a47f2d-01d7-416d-b7e4-a830ad973e9e'),
 ('87', '87', 'en_us', 'round-leaves', NULL, '1', '2017-06-15 15:30:14', '2017-06-19 20:56:04', '75e0e3fe-f01c-47ec-9582-2b0a19491598'),
 ('88', '88', 'en_us', 'sphere-bush', NULL, '1', '2017-06-15 15:30:14', '2017-06-19 20:56:04', 'd49508cf-552c-43c4-b969-1a3fb45bfcb4'),
 ('89', '89', 'en_us', 'square-spiral', NULL, '1', '2017-06-15 15:30:14', '2017-06-19 20:56:04', '004c1624-df5b-4096-8efe-435dfd117e48'),
 ('90', '90', 'en_us', 'star-fish', NULL, '1', '2017-06-15 15:30:14', '2017-06-19 20:56:04', 'd1e3972c-1733-4864-bf27-9b27784e9501'),
 ('91', '91', 'en_us', 'sun-mirror', NULL, '1', '2017-06-15 15:30:14', '2017-06-19 20:56:04', 'cfeb4e73-c898-463f-b7d4-e7d68b40458c'),
 ('92', '92', 'en_us', 'table-decor', NULL, '1', '2017-06-15 15:30:14', '2017-06-19 20:56:04', 'e3400d54-f0b7-45e8-b85b-3ee839e4584a'),
 ('95', '95', 'en_us', 'clock-tower', NULL, '1', '2017-06-15 15:30:14', '2017-06-19 20:56:04', '3843e84f-196a-4bf8-b86b-ca0119577c47'),
 ('96', '96', 'en_us', 'dining-pink', NULL, '1', '2017-06-15 15:30:15', '2017-06-19 20:56:04', '84758e4e-3b13-4f4f-b461-6b5b9abe6ab1'),
 ('97', '97', 'en_us', 'oranges', NULL, '1', '2017-06-15 15:30:15', '2017-06-19 20:56:04', '481f8b13-79e8-4c0d-b87e-55bb5b0609e3'),
 ('98', '98', 'en_us', 'pool-outside', NULL, '1', '2017-06-15 15:30:15', '2017-06-19 20:56:04', '34e5678b-f244-4771-8cc4-42858c2f3d92'),
 ('99', '99', 'en_us', 'pool-view', NULL, '1', '2017-06-15 15:30:15', '2017-06-19 20:56:04', '9d0e067c-0156-4298-949a-e5612dcd0593'),
 ('100', '100', 'en_us', 'poolpinkbenches', NULL, '1', '2017-06-15 15:30:15', '2017-06-19 20:56:04', 'dc360ebf-8989-44f9-8b03-bf22c3e2c696'),
 ('101', '101', 'en_us', 'set-table', NULL, '1', '2017-06-15 15:30:15', '2017-06-19 20:56:04', '65a679b0-530c-4c04-bd52-cda241f14987'),
 ('102', '102', 'en_us', 'shelley-dress', NULL, '1', '2017-06-15 15:30:15', '2017-06-19 20:56:05', '108bc08d-d17c-4b79-a616-d2824dab3678'),
 ('103', '103', 'en_us', 'shelley-flowers', NULL, '1', '2017-06-15 15:30:15', '2017-06-19 20:56:05', '596b62cc-dd48-444c-a64f-85cd52ae0230'),
 ('109', '109', 'en_us', 'sj-march2016', NULL, '1', '2017-06-15 15:30:15', '2017-06-19 20:56:05', 'fd2b01fa-1948-4265-8110-90b01b027a1f'),
 ('110', '110', 'en_us', 'design-chic', NULL, '1', '2017-06-15 15:30:15', '2017-06-19 20:56:05', 'ba116930-c43c-4855-8b57-078f09095b6f'),
 ('111', '111', 'en_us', 'forest-bluff-risko', NULL, '1', '2017-06-15 15:30:15', '2017-06-19 20:56:05', 'b4e17852-fa25-4514-991d-3dc553cb140e'),
 ('112', '112', 'en_us', 'forestbluff2017', NULL, '1', '2017-06-15 15:30:15', '2017-06-19 20:56:05', '0a73257b-918b-4617-a744-42777f6c1b78'),
 ('113', '113', 'en_us', 'foyer', NULL, '1', '2017-06-15 15:30:15', '2017-06-19 20:56:05', '529fcf6e-6417-4689-a15e-5541ff98c596'),
 ('114', '114', 'en_us', 'glampad', NULL, '1', '2017-06-15 15:30:15', '2017-06-19 20:56:05', 'bcca633f-797b-4917-be69-08eab199e839'),
 ('115', '115', 'en_us', 'goldlist', NULL, '1', '2017-06-15 15:30:15', '2017-06-19 20:56:05', 'bb9a1bdf-1756-46ec-bc91-c7e1c7245917'),
 ('116', '116', 'en_us', 'magazine-cover', NULL, '1', '2017-06-15 15:30:15', '2017-06-19 20:56:05', 'acd5eecb-e5e7-4e4c-943a-b61b9d76d4f1'),
 ('117', '117', 'en_us', 'newbanner', NULL, '1', '2017-06-15 15:30:15', '2017-06-19 20:56:05', '0c5ad352-d450-4596-a51b-e4044f5b4f4a'),
 ('118', '118', 'en_us', 'shelleytraditionalcover', NULL, '1', '2017-06-15 15:30:15', '2017-06-19 20:56:05', '0738826c-e340-46e9-9c67-ddb728a42fa5'),
 ('119', '119', 'en_us', 'stairs', NULL, '1', '2017-06-15 15:30:16', '2017-06-19 20:56:05', 'eee9d19c-e056-47f0-8857-8c42d2fec470'),
 ('120', '120', 'en_us', 'traditionalhomes-house', NULL, '1', '2017-06-15 15:30:16', '2017-06-19 20:56:05', '986bf81d-0230-4f82-91be-fb19b6aa1aaa'),
 ('121', '121', 'en_us', 'vita-life-blog', NULL, '1', '2017-06-15 15:30:16', '2017-06-19 20:56:05', 'ff99f1da-1392-4be3-81ba-2c0373b88bd4');
INSERT INTO `craft_elements_i18n` (`id`, `elementId`, `locale`, `slug`, `uri`, `enabled`, `dateCreated`, `dateUpdated`, `uid`) VALUES
 ('127', '127', 'en_us', 'chicago-home-garden-luxe-issue-show-off', NULL, '1', '2017-06-15 15:30:16', '2017-06-19 20:56:05', '1c363f33-bb85-4aca-b4cd-54a6b8689c35'),
 ('128', '128', 'en_us', 'chicago-home-garden-on-the-edge', NULL, '1', '2017-06-15 15:30:16', '2017-06-19 20:56:05', 'f33ec060-e091-4b35-9e41-32cc07ec9c4f'),
 ('129', '129', 'en_us', 'chicago-home-garden-seeking-serenity', NULL, '1', '2017-06-15 15:30:16', '2017-06-19 20:56:06', '319adb70-3f0e-4ce5-bb27-fb309b6bb17e'),
 ('130', '130', 'en_us', 'chicago-home-garden-the-art-of-the-mix', NULL, '1', '2017-06-15 15:30:16', '2017-06-19 20:56:06', '301f8ddc-50da-4f1d-8a49-ce06eb638674'),
 ('131', '131', 'en_us', 'chicago-tribune-magazine-renovate', NULL, '1', '2017-06-15 15:30:16', '2017-06-19 20:56:06', '0a9da3f8-e376-4517-923d-d01b01ad563b'),
 ('132', '132', 'en_us', 'forest-bluff-interior-design', NULL, '1', '2017-06-15 15:30:16', '2017-06-19 20:56:06', 'e9b3c48f-9d4e-44b4-8462-86cfec1647fd'),
 ('133', '133', 'en_us', 'gardens-and-homes-the-style-of-capri', NULL, '1', '2017-06-15 15:30:16', '2017-06-19 20:56:06', '6b9553dd-72f5-4160-8805-b56d529e5208'),
 ('134', '134', 'en_us', 'house-beautiful-the-makeover-issue', NULL, '1', '2017-06-15 15:30:16', '2017-06-19 20:56:06', 'a1320000-569c-4e1e-a53b-a1196a9ef44c'),
 ('135', '135', 'en_us', 'house-beautiful-traditional-style-now', NULL, '1', '2017-06-15 15:30:16', '2017-06-19 20:56:06', 'f9382983-6bbe-441e-b910-7f7f48e93d2d'),
 ('136', '136', 'en_us', 'luxe-interior-design-design-maven', NULL, '1', '2017-06-15 15:30:16', '2017-06-19 20:56:06', '123af2cb-a94c-48ee-8c72-72b8469e74be'),
 ('137', '137', 'en_us', 'luxe-nov15', NULL, '1', '2017-06-15 15:30:16', '2017-06-19 20:56:06', 'f64ded0b-dd0f-4a0b-968c-1acb0282118c'),
 ('138', '138', 'en_us', 'ns-modern-luxury-the-forever-home', NULL, '1', '2017-06-15 15:30:16', '2017-06-19 20:56:06', '4f248780-f96c-498c-baa5-62820039dcff'),
 ('139', '139', 'en_us', 'traditionalhomenov15', NULL, '1', '2017-06-15 15:30:16', '2017-06-19 20:56:06', '4190872d-8bb8-4ce6-9abb-d8c96008c1c6'),
 ('140', '140', 'en_us', 'traditional-home-april2017', NULL, '1', '2017-06-15 15:30:16', '2017-06-19 20:56:06', '39882809-ec5d-4644-a7dc-b257b74820ad'),
 ('141', '141', 'en_us', 'forest-bluff-2016', NULL, '1', '2017-06-15 15:30:16', '2017-06-19 20:56:06', '3baf66ab-18b3-4316-84ec-e07a481682d0'),
 ('142', '142', 'en_us', 'luxegoldlist', NULL, '1', '2017-06-15 15:30:16', '2017-06-19 20:56:06', 'bb4031c2-db61-405e-b04d-bd3f6f09463c'),
 ('143', '143', 'en_us', 'press-01', NULL, '1', '2017-06-15 15:30:16', '2017-06-19 20:56:06', '4c6426e6-2c35-4133-9e70-61a06956d4d5'),
 ('144', '144', 'en_us', 'press-02', NULL, '1', '2017-06-15 15:30:17', '2017-06-19 20:56:06', '7a567ebe-7572-4692-8a45-5c3acc1b9fc8'),
 ('145', '145', 'en_us', 'press-03', NULL, '1', '2017-06-15 15:30:17', '2017-06-19 20:56:06', '1f173344-195c-4547-80e6-bd14582f1dfb'),
 ('146', '146', 'en_us', 'press-04', NULL, '1', '2017-06-15 15:30:17', '2017-06-19 20:56:06', '824f122b-37dd-44c7-97d4-92fef0c55e22'),
 ('147', '147', 'en_us', 'press-05', NULL, '1', '2017-06-15 15:30:17', '2017-06-19 20:56:06', '8ac954ba-dd3a-4781-a095-1f4902b3b120'),
 ('148', '148', 'en_us', 'press-06', NULL, '1', '2017-06-15 15:30:17', '2017-06-19 20:56:06', 'b74edef4-b638-4fa4-bdfe-79f3c1911b27'),
 ('149', '149', 'en_us', 'press-07', NULL, '1', '2017-06-15 15:30:17', '2017-06-19 20:56:06', '1850cddc-8a7d-4894-8e9d-ac3c8065a7cd'),
 ('150', '150', 'en_us', 'press-08', NULL, '1', '2017-06-15 15:30:17', '2017-06-19 20:56:06', '824e80ee-4c50-4871-bf6f-ff8ebf5a1498'),
 ('151', '151', 'en_us', 'press-09', NULL, '1', '2017-06-15 15:30:17', '2017-06-19 20:56:06', 'e28782c1-679a-495b-a22c-e837b9de3ff3'),
 ('152', '152', 'en_us', 'press-10', NULL, '1', '2017-06-15 15:30:17', '2017-06-19 20:56:06', '2013d97a-33b4-4579-9024-b67e70454175'),
 ('153', '153', 'en_us', 'press-11', NULL, '1', '2017-06-15 15:30:17', '2017-06-19 20:56:06', 'c0ec6433-b989-4b72-bdc0-8a38286c3e6f'),
 ('154', '154', 'en_us', 'press-12', NULL, '1', '2017-06-15 15:30:17', '2017-06-19 20:56:06', '882fc19f-8b90-42b6-92c5-a746447d6ad8'),
 ('155', '155', 'en_us', 'press-13', NULL, '1', '2017-06-15 15:30:17', '2017-06-19 20:56:06', '33e68109-00db-48b2-a355-9afccb5aed11'),
 ('156', '156', 'en_us', 'press-14', NULL, '1', '2017-06-15 15:30:17', '2017-06-19 20:56:06', '4cf5f8cc-cbcd-40c4-a4c9-bbc94f886110'),
 ('157', '157', 'en_us', 'press-15', NULL, '1', '2017-06-15 15:30:17', '2017-06-19 20:56:07', '3ba280e8-1282-423b-8689-9485ecfbb7ae'),
 ('158', '158', 'en_us', 'press-16', NULL, '1', '2017-06-15 15:30:17', '2017-06-19 20:56:07', '16e3538b-8146-4e66-9796-84ada8236f82'),
 ('159', '159', 'en_us', 'press-17', NULL, '1', '2017-06-15 15:30:17', '2017-06-19 20:56:07', 'c3e69f4c-17da-44e0-9245-332b3e8816cc'),
 ('160', '160', 'en_us', 'press-18', NULL, '1', '2017-06-15 15:30:17', '2017-06-19 20:56:07', 'ba9e65a9-624e-4681-a3d1-1aa94a15d136'),
 ('162', '162', 'en_us', 'btn-next', NULL, '1', '2017-06-15 15:30:17', '2017-06-19 20:56:07', '88a2e809-b694-48c6-8377-66386ba214de'),
 ('163', '163', 'en_us', 'btn-previous', NULL, '1', '2017-06-15 15:30:17', '2017-06-19 20:56:07', 'a220444a-97f3-446b-a009-04103fabcbe8'),
 ('164', '164', 'en_us', 'content-pattern', NULL, '1', '2017-06-15 15:30:17', '2017-06-19 20:56:07', '18c5cc77-487c-4c34-bdcc-60b74b767140'),
 ('165', '165', 'en_us', 'default-thumbnail', NULL, '1', '2017-06-15 15:30:18', '2017-06-19 20:56:07', '14c5e677-be2a-438a-8bf5-a2a58d219cf1'),
 ('166', '166', 'en_us', 'loader', NULL, '1', '2017-06-15 15:30:18', '2017-06-19 20:56:07', '08c01f0d-2265-44c1-a031-981292ba5f85'),
 ('167', '167', 'en_us', 'sprite', NULL, '1', '2017-06-15 15:30:18', '2017-06-19 20:56:07', '84ac1c0d-59a0-44b0-8c89-0da830f06270'),
 ('168', '168', 'en_us', 'btn-next', NULL, '1', '2017-06-15 15:30:18', '2017-06-19 20:56:07', '467044f5-b2c3-4fb7-a33a-63f899e91e96'),
 ('169', '169', 'en_us', 'btn-previous', NULL, '1', '2017-06-15 15:30:18', '2017-06-19 20:56:07', '9475c494-342f-4e28-8a53-e525acb61ada'),
 ('170', '170', 'en_us', 'content-pattern', NULL, '1', '2017-06-15 15:30:18', '2017-06-19 20:56:07', 'c2109a46-061a-4997-af19-e264707a136d'),
 ('171', '171', 'en_us', 'default-thumbnail', NULL, '1', '2017-06-15 15:30:18', '2017-06-19 20:56:07', '16472faa-4d08-4da4-8369-5b8c0847966b'),
 ('172', '172', 'en_us', 'loader', NULL, '1', '2017-06-15 15:30:18', '2017-06-19 20:56:07', 'e29b49d9-572d-428e-a2c2-3837c7210aa3'),
 ('173', '173', 'en_us', 'sprite', NULL, '1', '2017-06-15 15:30:18', '2017-06-19 20:56:07', 'c2dcbf06-f200-4099-9e7f-fbaaf723cdf8'),
 ('174', '174', 'en_us', 'default-thumb', NULL, '1', '2017-06-15 15:30:18', '2017-06-19 20:56:07', '6c763498-5d46-44a8-ba3c-37bdfdc1cbaf'),
 ('175', '175', 'en_us', 'loader', NULL, '1', '2017-06-15 15:30:18', '2017-06-19 20:56:07', 'c29eec9d-36c0-4327-8b91-f0a6a4380c9a'),
 ('176', '176', 'en_us', 'sprite', NULL, '1', '2017-06-15 15:30:18', '2017-06-19 20:56:07', 'd581d3f0-86ef-4a07-a760-5dcbbf08d2c3'),
 ('177', '177', 'en_us', 'sprite-next', NULL, '1', '2017-06-15 15:30:18', '2017-06-19 20:56:07', 'eadbb398-6717-4f06-a055-d8acf22579db'),
 ('178', '178', 'en_us', 'sprite-prev', NULL, '1', '2017-06-15 15:30:18', '2017-06-19 20:56:07', '6b27e22c-8e52-4beb-85ba-bbc6d766b876'),
 ('179', '179', 'en_us', 'sprite-x', NULL, '1', '2017-06-15 15:30:18', '2017-06-19 20:56:07', '258c5e7b-0a1f-4076-8603-fa4d91afdd2b'),
 ('180', '180', 'en_us', 'sprite-y', NULL, '1', '2017-06-15 15:30:18', '2017-06-19 20:56:07', 'a5c82fef-9428-4088-a84f-834a9f43f3bf'),
 ('181', '181', 'en_us', 'btn-previous', NULL, '1', '2017-06-15 15:30:18', '2017-06-19 20:56:07', '8a3f2701-80cc-4f6f-b387-8403c0f5a6a2'),
 ('182', '182', 'en_us', 'content-pattern-bottom', NULL, '1', '2017-06-15 15:30:18', '2017-06-19 20:56:07', '8151c8a3-581a-4d50-9285-cc2789157441'),
 ('183', '183', 'en_us', 'content-pattern-left', NULL, '1', '2017-06-15 15:30:18', '2017-06-19 20:56:07', '09ff2caf-72a9-4a47-8bd1-fc9b75f589ad'),
 ('184', '184', 'en_us', 'content-pattern-right', NULL, '1', '2017-06-15 15:30:18', '2017-06-19 20:56:07', '251329ad-b334-4c36-a770-2b5d2fe0f02b'),
 ('185', '185', 'en_us', 'content-pattern-top', NULL, '1', '2017-06-15 15:30:18', '2017-06-19 20:56:07', '1aca05f7-c917-48f3-b2e4-e27a45b80b76'),
 ('186', '186', 'en_us', 'default-thumbnail', NULL, '1', '2017-06-15 15:30:18', '2017-06-19 20:56:08', '6fd02752-036e-47cb-bb92-c54fb30ebf69'),
 ('187', '187', 'en_us', 'loader', NULL, '1', '2017-06-15 15:30:18', '2017-06-19 20:56:08', '036e9b09-ad59-41cb-b4c3-472633c2e33e'),
 ('188', '188', 'en_us', 'sprite', NULL, '1', '2017-06-15 15:30:18', '2017-06-19 20:56:08', '2a3f50d8-2152-4dda-b8c1-b26dbcf9143e'),
 ('189', '189', 'en_us', 'btn-next', NULL, '1', '2017-06-15 15:30:18', '2017-06-19 20:56:07', 'c00abd64-0b72-46e7-9469-cea49b39df93'),
 ('190', '190', 'en_us', 'btn-next', NULL, '1', '2017-06-15 15:30:19', '2017-06-19 20:56:08', '8f4d83e8-6911-4e02-ab7e-9b3173168f2e'),
 ('191', '191', 'en_us', 'btn-previous', NULL, '1', '2017-06-15 15:30:19', '2017-06-19 20:56:08', '7713612f-86d4-46a6-bc04-282573b4b7d2'),
 ('192', '192', 'en_us', 'default-thumbnail', NULL, '1', '2017-06-15 15:30:19', '2017-06-19 20:56:08', 'aa38dc05-0b97-438f-85e2-e917a4af1a98'),
 ('193', '193', 'en_us', 'loader', NULL, '1', '2017-06-15 15:30:19', '2017-06-19 20:56:08', '057f7a70-29d6-4e95-8eee-8750880410a9'),
 ('194', '194', 'en_us', 'sprite', NULL, '1', '2017-06-15 15:30:19', '2017-06-19 20:56:08', '0c46e8d0-7616-47ba-aa0e-3526da77fe83'),
 ('195', '195', 'en_us', 'btn-next', NULL, '1', '2017-06-15 15:30:19', '2017-06-19 20:56:08', '4b005166-08ad-4d5e-9460-65adc01549ce'),
 ('196', '196', 'en_us', 'btn-previous', NULL, '1', '2017-06-15 15:30:19', '2017-06-19 20:56:08', 'e213e123-f382-4541-bf0e-d8648bad28a8'),
 ('197', '197', 'en_us', 'default-thumbnail', NULL, '1', '2017-06-15 15:30:19', '2017-06-19 20:56:08', '758012b6-686f-4ec9-a5bc-977981f6f41b'),
 ('198', '198', 'en_us', 'loader', NULL, '1', '2017-06-15 15:30:19', '2017-06-19 20:56:08', '5e57b0a6-322a-400d-82a3-3901bf00e2d3'),
 ('199', '199', 'en_us', 'sprite', NULL, '1', '2017-06-15 15:30:19', '2017-06-19 20:56:08', 'd4cccd4e-75d8-4a9b-92e5-6a8cf8a42e3a'),
 ('201', '201', 'en_us', 'bathroom1', NULL, '1', '2017-06-15 15:30:19', '2017-06-19 20:56:08', 'f3145ef8-8441-4d86-959f-241f163e5de8'),
 ('202', '202', 'en_us', 'blue-bathroom', NULL, '1', '2017-06-15 15:30:19', '2017-06-19 20:56:08', '94a9f25b-d93e-4528-a52f-8786023b859c'),
 ('203', '203', 'en_us', 'blue-chairs', NULL, '1', '2017-06-15 15:30:19', '2017-06-19 20:56:08', 'dc553500-89e5-4b05-bf5d-28cb2e4a7e61'),
 ('204', '204', 'en_us', 'blue-room', NULL, '1', '2017-06-15 15:30:19', '2017-06-19 20:56:08', '706997c9-ee7e-421f-964f-d95e4ee2d630'),
 ('205', '205', 'en_us', 'bluedining', NULL, '1', '2017-06-15 15:30:19', '2017-06-19 20:56:08', '409d0efc-50a4-4d72-b6f6-72512b53ddf1'),
 ('206', '206', 'en_us', 'brown-living-room', NULL, '1', '2017-06-15 15:30:19', '2017-06-19 20:56:08', 'f904140d-fa96-4e2e-8a32-d3099c7a7684'),
 ('207', '207', 'en_us', 'brown-room', NULL, '1', '2017-06-15 15:30:19', '2017-06-19 20:56:08', '0734cfc7-c483-45c9-bfc8-9c5da11ff60d'),
 ('208', '208', 'en_us', 'espresso-kitchen', NULL, '1', '2017-06-15 15:30:19', '2017-06-19 20:56:08', '5a3c9be4-e44c-41ea-bda0-5fd35bc64742'),
 ('209', '209', 'en_us', 'gold-bedroom', NULL, '1', '2017-06-15 15:30:19', '2017-06-19 20:56:08', 'ee10abc1-10ee-40cb-af32-24b5d3df0c4a'),
 ('210', '210', 'en_us', 'gold-room', NULL, '1', '2017-06-15 15:30:19', '2017-06-19 20:56:08', 'f712a499-2ff8-4f45-a24e-eaea24394aff'),
 ('211', '211', 'en_us', 'goldand-white', NULL, '1', '2017-06-15 15:30:19', '2017-06-19 20:56:08', 'feda7bd0-2259-4eee-abb8-8340a733c87f'),
 ('212', '212', 'en_us', 'goldkitchen', NULL, '1', '2017-06-15 15:30:19', '2017-06-19 20:56:08', '6145eb72-532e-42dc-80af-68abeb5be56c'),
 ('213', '213', 'en_us', 'green-bathroom', NULL, '1', '2017-06-15 15:30:19', '2017-06-19 20:56:08', 'ff666601-f23f-40c4-b5a7-a660c4bc4f54'),
 ('214', '214', 'en_us', 'kitchen2', NULL, '1', '2017-06-15 15:30:19', '2017-06-19 20:56:08', 'b001305c-cab7-4792-a132-d7a5a87258cc'),
 ('215', '215', 'en_us', 'off-white-bedroom', NULL, '1', '2017-06-15 15:30:19', '2017-06-19 20:56:08', '9afc70c6-0511-48db-a69b-387378d0b4fa'),
 ('216', '216', 'en_us', 'orange-room', NULL, '1', '2017-06-15 15:30:19', '2017-06-19 20:56:08', 'c3303104-35d5-4fdc-b688-7e416fac632f'),
 ('217', '217', 'en_us', 'orange-wall', NULL, '1', '2017-06-15 15:30:20', '2017-06-19 20:56:09', '8e004ec7-d133-423f-a6b3-d56e658d5d72'),
 ('218', '218', 'en_us', 'palm-wallpaper', NULL, '1', '2017-06-15 15:30:20', '2017-06-19 20:56:09', 'dde0b0aa-a36f-467a-bed9-c438b3a05394'),
 ('219', '219', 'en_us', 'staircase', NULL, '1', '2017-06-15 15:30:20', '2017-06-19 20:56:09', '519476f7-503e-49dc-97e3-b3469963a59b'),
 ('220', '220', 'en_us', 'staircase-2', NULL, '1', '2017-06-15 15:30:20', '2017-06-19 20:56:09', '97169cc4-2d98-4436-92a4-b6790b9020ab'),
 ('221', '221', 'en_us', 'stripeddining-thumb', NULL, '1', '2017-06-15 15:30:20', '2017-06-19 20:56:09', '424afa06-1783-442a-b862-743c6a58fc35'),
 ('222', '222', 'en_us', 'table', NULL, '1', '2017-06-15 15:30:20', '2017-06-19 20:56:09', 'd5957c7e-c611-4a39-b793-7117ad29b819'),
 ('223', '223', 'en_us', 'white-kitchen', NULL, '1', '2017-06-15 15:30:20', '2017-06-19 20:56:09', '3b8796d1-85b8-4993-ae6a-bc6969d8ceed'),
 ('224', '224', 'en_us', 'white-room', NULL, '1', '2017-06-15 15:30:20', '2017-06-19 20:56:09', 'a00a44e3-4b0b-4335-aeac-ea2a2400e53d'),
 ('231', '231', 'en_us', 'bathroom-new1', NULL, '1', '2017-06-15 15:30:20', '2017-06-19 20:56:09', 'ec94e0cc-ff28-459e-8f0c-96439ac8b42e'),
 ('232', '232', 'en_us', 'big-flower', NULL, '1', '2017-06-15 15:30:20', '2017-06-19 20:56:09', '4f0c8e71-4d43-4760-afc0-635074b2f6c0'),
 ('233', '233', 'en_us', 'bird-chair', NULL, '1', '2017-06-15 15:30:20', '2017-06-19 20:56:09', '844526c9-4a03-49e9-bad7-533315ffc58e'),
 ('234', '234', 'en_us', 'black-kitchen', NULL, '1', '2017-06-15 15:30:20', '2017-06-19 20:56:09', '142d2b89-6785-49ab-b4c4-3d5be93e8eac');
INSERT INTO `craft_elements_i18n` (`id`, `elementId`, `locale`, `slug`, `uri`, `enabled`, `dateCreated`, `dateUpdated`, `uid`) VALUES
 ('235', '235', 'en_us', 'black-windows', NULL, '1', '2017-06-15 15:30:20', '2017-06-19 20:56:09', 'f97850e4-b4ae-4ac0-b5a8-9908f22dff75'),
 ('236', '236', 'en_us', 'blue-bookcase', NULL, '1', '2017-06-15 15:30:20', '2017-06-19 20:56:09', 'e1d592da-8aa2-435a-86b2-d0df3db43eca'),
 ('237', '237', 'en_us', 'blue-chair', NULL, '1', '2017-06-15 15:30:20', '2017-06-19 20:56:09', 'a3357e6c-b99d-4e36-86c7-58b3460492fd'),
 ('238', '238', 'en_us', 'blue-doors', NULL, '1', '2017-06-15 15:30:20', '2017-06-19 20:56:09', '3ab48581-ca2a-41ba-b67c-4600158690b8'),
 ('239', '239', 'en_us', 'blue-flowers', NULL, '1', '2017-06-15 15:30:21', '2017-06-19 20:56:09', '8a380f4b-f394-4ddc-84ee-411d9fa2aadd'),
 ('240', '240', 'en_us', 'blue-lamps', NULL, '1', '2017-06-15 15:30:21', '2017-06-19 20:56:10', '9bfa66be-fcec-48b4-be5c-a1a27aa31d61'),
 ('241', '241', 'en_us', 'blue-pink-bed', NULL, '1', '2017-06-15 15:30:21', '2017-06-19 20:56:10', '35b99925-c5c6-4a97-aa52-edd26083fc1b'),
 ('242', '242', 'en_us', 'blue-vase', NULL, '1', '2017-06-15 15:30:21', '2017-06-19 20:56:10', 'd22a9fc5-a48e-4e5f-a2e4-f7df836aa516'),
 ('243', '243', 'en_us', 'blue-wallpaper', NULL, '1', '2017-06-15 15:30:21', '2017-06-19 20:56:10', '5b3d31d2-3b1c-4d9d-a0ce-1ac8b38d2967'),
 ('244', '244', 'en_us', 'bluedining', NULL, '1', '2017-06-15 15:30:21', '2017-06-19 20:56:10', 'baa89161-aea5-41ba-904a-b10de7e8bc47'),
 ('245', '245', 'en_us', 'chandelier', NULL, '1', '2017-06-15 15:30:21', '2017-06-19 20:56:10', 'bc54937e-ab35-4bda-8efa-c437a40712d7'),
 ('246', '246', 'en_us', 'clear-table', NULL, '1', '2017-06-15 15:30:21', '2017-06-19 20:56:10', '467c3a10-cfbb-471d-bae8-d7974384d4f0'),
 ('247', '247', 'en_us', 'copper-sink', NULL, '1', '2017-06-15 15:30:21', '2017-06-19 20:56:10', '2e03615e-a268-444a-b639-c1417d542895'),
 ('248', '248', 'en_us', 'dali-lithograph', NULL, '1', '2017-06-15 15:30:21', '2017-06-19 20:56:10', '20b87dad-5a08-4c9d-ac76-3952afe8bfd8'),
 ('249', '249', 'en_us', 'desk', NULL, '1', '2017-06-15 15:30:21', '2017-06-19 20:56:10', 'd383f411-44ed-45e6-ad5a-8370933cd623'),
 ('250', '250', 'en_us', 'flowers-vase', NULL, '1', '2017-06-15 15:30:21', '2017-06-19 20:56:10', '24d72e46-b762-460a-837e-2738b022923a'),
 ('251', '251', 'en_us', 'gold-kitchen', NULL, '1', '2017-06-15 15:30:21', '2017-06-19 20:56:10', '8bdb9374-a990-4d76-8e95-e1c68d7ed645'),
 ('252', '252', 'en_us', 'gold-room', NULL, '1', '2017-06-15 15:30:21', '2017-06-19 20:56:10', '679e5967-187e-4f93-a40d-21621f136bd9'),
 ('253', '253', 'en_us', 'green-plant', NULL, '1', '2017-06-15 15:30:21', '2017-06-19 20:56:10', 'f1ba2c96-be5a-42e1-a060-1e13a3de6130'),
 ('254', '254', 'en_us', 'green-bathroom', NULL, '1', '2017-06-15 15:30:22', '2017-06-19 20:56:10', '3da55d53-2cc0-4230-ab01-709a2e685598'),
 ('255', '255', 'en_us', 'green-ceiling', NULL, '1', '2017-06-15 15:30:22', '2017-06-19 20:56:10', 'e7b33df8-dbc6-4a67-8592-e08391235c5e'),
 ('256', '256', 'en_us', 'green-room', NULL, '1', '2017-06-15 15:30:22', '2017-06-19 20:56:11', '650c5fc9-d7a4-467f-9156-06a87cab72ff'),
 ('257', '257', 'en_us', 'mirror', NULL, '1', '2017-06-15 15:30:22', '2017-06-19 20:56:11', 'bfa2ba64-327b-4ad7-b811-454413779f41'),
 ('258', '258', 'en_us', 'orange-room', NULL, '1', '2017-06-15 15:30:22', '2017-06-19 20:56:11', '2baefb57-0e9e-4ea0-b161-2ecddb6ba7a8'),
 ('259', '259', 'en_us', 'peacock', NULL, '1', '2017-06-15 15:30:22', '2017-06-19 20:56:11', '0ebe4c88-2f04-4e60-a9ee-bded883acc55'),
 ('260', '260', 'en_us', 'purple-table', NULL, '1', '2017-06-15 15:30:22', '2017-06-19 20:56:11', '2cf53c36-1c96-4b48-8e0e-7f7514358169'),
 ('261', '261', 'en_us', 'sculpture', NULL, '1', '2017-06-15 15:30:22', '2017-06-19 20:56:11', '80252cab-ee5f-4d0f-8477-f48bd2d9848d'),
 ('262', '262', 'en_us', 'shell', NULL, '1', '2017-06-15 15:30:22', '2017-06-19 20:56:11', '8593da16-798d-4e81-a1e3-b67d39f04ad9'),
 ('263', '263', 'en_us', 'spiral-floor', NULL, '1', '2017-06-15 15:30:22', '2017-06-19 20:56:11', 'b9c24a5b-5c60-43e1-ab43-4a89d439e862'),
 ('264', '264', 'en_us', 'staircase', NULL, '1', '2017-06-15 15:30:22', '2017-06-19 20:56:11', '6d18bfd2-ca38-445a-9001-af9643e05c4d'),
 ('265', '265', 'en_us', 'table-shot', NULL, '1', '2017-06-15 15:30:22', '2017-06-19 20:56:11', '82686666-d732-4a6b-9721-fbf5cf9294ff'),
 ('266', '266', 'en_us', 'tapestries', NULL, '1', '2017-06-15 15:30:22', '2017-06-19 20:56:11', 'a0c4a09c-0eef-4897-81dd-a9ec5b379500'),
 ('267', '267', 'en_us', 'wallpaper', NULL, '1', '2017-06-15 15:30:22', '2017-06-19 20:56:11', '7fa9c54f-4a7f-4d4c-9405-fd44ffd10d0f'),
 ('268', '268', 'en_us', 'white-bathroom', NULL, '1', '2017-06-15 15:30:22', '2017-06-19 20:56:11', 'ff5ce76b-a1c7-4622-9684-98b7dbb13459'),
 ('269', '269', 'en_us', 'white-bedroom', NULL, '1', '2017-06-15 15:30:23', '2017-06-19 20:56:11', 'b5b6fa5f-b17e-4bbd-84ac-408f985465d8'),
 ('270', '270', 'en_us', 'white-bookcase', NULL, '1', '2017-06-15 15:30:23', '2017-06-19 20:56:11', '333e00f2-23f0-40f1-8a8c-5476a83e83e3'),
 ('271', '271', 'en_us', 'white-kitchen', NULL, '1', '2017-06-15 15:30:23', '2017-06-19 20:56:11', '93989ff1-e61d-412a-9607-967f22251d88'),
 ('272', '272', 'en_us', 'white-staircase', NULL, '1', '2017-06-15 15:30:23', '2017-06-19 20:56:11', '91639021-def9-4564-b544-bf0b71d3a11d'),
 ('273', '273', 'en_us', 'wood-chair', NULL, '1', '2017-06-15 15:30:23', '2017-06-19 20:56:11', '4fc84d4a-7207-4b63-892f-e94f6ed0cffb'),
 ('274', '274', 'en_us', 'beautifulchair-full', NULL, '1', '2017-06-15 15:30:23', '2017-06-19 20:56:12', 'fe93c3b7-f2ee-483b-97e4-3a0ae8e7212e'),
 ('275', '275', 'en_us', 'flower-stairs', NULL, '1', '2017-06-15 15:30:23', '2017-06-19 20:56:12', '3418788a-24da-46a9-b8bf-a7a56468eca4'),
 ('276', '276', 'en_us', 'fringechair-full', NULL, '1', '2017-06-15 15:30:23', '2017-06-19 20:56:12', '6d10aa31-5970-4bb8-82b3-44fbb6577f14'),
 ('277', '277', 'en_us', 'kitchen1', NULL, '1', '2017-06-15 15:30:23', '2017-06-19 20:56:12', '157eeed3-8931-4f73-a3ae-47e3ff32b9b7'),
 ('278', '278', 'en_us', 'stripeddiningroom-fullsize', NULL, '1', '2017-06-15 15:30:23', '2017-06-19 20:56:12', 'f126c8cd-cbd9-4997-a663-57beb1233b00'),
 ('279', '279', 'en_us', 'tablesetting-full', NULL, '1', '2017-06-15 15:30:23', '2017-06-19 20:56:12', '32b2e128-b539-494f-a46f-15b284ed1582'),
 ('280', '280', 'en_us', 'teardropslarge', NULL, '1', '2017-06-15 15:30:23', '2017-06-19 20:56:12', '1344f53b-bf8b-4b0b-b2c8-9089c3b4e0e5'),
 ('283', '283', 'en_us', 'tag-example', NULL, '1', '2017-06-15 15:57:36', '2017-06-15 15:57:36', '83133d40-8ac4-43e9-acab-d85ce7d52e44'),
 ('284', '284', 'en_us', 'tags', NULL, '1', '2017-06-19 18:28:26', '2017-06-19 18:28:26', 'd6b3956f-2ee8-4aa6-b68d-bb834865c1ab'),
 ('286', '286', 'en_us', 'lux', NULL, '1', '2017-06-21 14:20:51', '2017-06-21 14:20:51', '2ef2547a-e66a-4d7a-9416-18eea320d41c'),
 ('287', '287', 'en_us', 'floral-mo', NULL, '1', '2017-06-21 14:21:00', '2017-06-21 14:21:00', 'e2a9938f-5113-46f0-9851-b043de70e2ac'),
 ('288', '288', 'en_us', 'tablec', NULL, '1', '2017-06-21 14:21:06', '2017-06-21 14:21:06', 'd4cd6ffa-91f0-4a95-880c-248f49afd6ca'),
 ('289', '289', 'en_us', 'monograms', NULL, '1', '2017-06-21 14:21:12', '2017-06-21 14:21:12', '2272438d-8604-45c7-980a-7c06e9f6c641'),
 ('290', '290', 'en_us', '', NULL, '1', '2017-06-21 14:22:16', '2017-06-26 18:23:32', '61cce7f0-514b-41e6-aca9-861eaf968b8d'),
 ('291', '291', 'en_us', '', NULL, '1', '2017-06-21 14:22:16', '2017-06-26 18:23:32', '5bc7b6c4-6b6a-49b5-b4be-a9ab753316ef'),
 ('292', '292', 'en_us', '', NULL, '1', '2017-06-21 14:22:16', '2017-06-26 18:23:32', 'a678ec44-fef0-469c-a5d4-5b2a6415dbb3'),
 ('294', '294', 'en_us', 'thisisatag', NULL, '1', '2017-06-21 15:38:01', '2017-06-21 15:38:01', '8375ec10-0018-440b-9b9d-f2098bb78cb3'),
 ('296', '296', 'en_us', '', NULL, '1', '2017-06-26 14:47:43', '2017-06-26 18:23:32', '1773a957-f33b-4584-8e36-ea4ab99213c4'),
 ('297', '297', 'en_us', '', NULL, '1', '2017-06-26 18:07:41', '2017-06-26 18:23:32', 'f17a260a-88a1-4f52-8772-d8cd4abcaddf'),
 ('434', '434', 'en_us', 'bluechair', NULL, '1', '2017-06-27 16:05:59', '2017-06-27 16:05:59', 'a27cc06b-e1e5-4fac-a27e-348c65f40a93'),
 ('435', '435', 'en_us', 'gold-star', NULL, '1', '2017-06-27 16:06:00', '2017-06-27 16:06:00', '8546edec-6a56-4bc8-99b7-341a05c0dffb'),
 ('436', '436', 'en_us', 'gold-star', NULL, '1', '2017-06-27 16:06:01', '2017-06-27 16:06:01', '9ec9e8c4-06fa-4c98-997c-44557cf0d308'),
 ('437', '437', 'en_us', 'gold-star-2x', NULL, '1', '2017-06-27 16:06:01', '2017-06-27 16:06:01', '7776f12d-e41c-4bff-a199-7dbdbc94d8c8'),
 ('438', '438', 'en_us', 'gold-star-3x', NULL, '1', '2017-06-27 16:06:02', '2017-06-27 16:06:02', 'e78eec2f-7752-4eb5-9a7b-0377f119beba'),
 ('439', '439', 'en_us', 'peacock', NULL, '1', '2017-06-27 16:06:10', '2017-06-27 16:06:10', 'c4a4049d-acf2-4936-a534-2ea0219ce2fc'),
 ('440', '440', 'en_us', 'plant', NULL, '1', '2017-06-27 16:06:14', '2017-06-27 16:06:14', '3721c060-0637-410e-b0fa-a75cb73cc320'),
 ('441', '441', 'en_us', 'shelleys-logo-large', NULL, '1', '2017-06-27 16:06:15', '2017-06-27 16:06:15', '64a61f97-7aa2-4f98-9d73-3b42746ad4a3'),
 ('442', '442', 'en_us', 'shelleys-logo-large', NULL, '1', '2017-06-27 16:06:17', '2017-06-27 16:06:17', '65bf8790-fd63-4bf2-b79d-44389073b0d4'),
 ('443', '443', 'en_us', 'shelleys-logo-large-2x', NULL, '1', '2017-06-27 16:06:18', '2017-06-27 16:06:18', '22e4d26c-df24-4d2a-925a-7fbb56f61ef8'),
 ('444', '444', 'en_us', 'shelleys-logo-large-3x', NULL, '1', '2017-06-27 16:06:20', '2017-06-27 16:06:20', '550bb62f-1532-49f2-9f52-13e488453f52'),
 ('445', '445', 'en_us', 'shelley-white-logo-homepage', NULL, '1', '2017-06-27 16:06:20', '2017-06-27 16:06:20', 'bcf0d0fd-afb9-4700-81a8-f395b9904aa2'),
 ('446', '446', 'en_us', 'shelley-white-logo-homepage', NULL, '1', '2017-06-27 16:06:22', '2017-06-27 16:06:22', 'd7949dc6-6eb3-44db-ad49-69cb1643a1f6'),
 ('447', '447', 'en_us', 'shelley-white-logo-homepage-2x', NULL, '1', '2017-06-27 16:06:22', '2017-06-27 16:06:22', '8fc8fcec-679e-425d-b47a-b282df09fbe2'),
 ('448', '448', 'en_us', 'shelley-white-logo-homepage-3x', NULL, '1', '2017-06-27 16:06:23', '2017-06-27 16:06:23', '2b2e7b27-a021-4190-aac2-0def2cdc972b'),
 ('449', '449', 'en_us', 'side-bar-logo', NULL, '1', '2017-06-27 16:06:23', '2017-06-27 16:06:23', 'f43c7463-bfbc-44a3-b60e-4f2a0838eb18'),
 ('450', '450', 'en_us', 'side-bar-logo', NULL, '1', '2017-06-27 16:06:26', '2017-06-27 16:06:26', 'a3eaea01-ca2c-405c-9928-deaaf68f259d'),
 ('451', '451', 'en_us', 'side-bar-logo-2x', NULL, '1', '2017-06-27 16:06:26', '2017-06-27 16:06:26', 'c53dac6c-3093-4525-ad71-ab49a2a60019'),
 ('452', '452', 'en_us', 'side-bar-logo-3x', NULL, '1', '2017-06-27 16:06:27', '2017-06-27 16:06:27', '509b55b9-81ec-48a3-8851-e36518576c30'),
 ('453', '453', 'en_us', 'table', NULL, '1', '2017-06-27 16:06:36', '2017-06-27 16:06:36', 'e74187a2-2cbe-418e-99f6-e8df8deb66d1'),
 ('454', '454', 'en_us', 'goldlist', NULL, '1', '2017-06-27 16:08:14', '2017-06-27 16:10:02', 'e9dc39b7-a9a9-47bf-858f-8d0907559a8a'),
 ('455', '455', 'en_us', 'newbanner', NULL, '1', '2017-06-27 16:08:33', '2017-06-27 16:10:03', '97ccb38d-9699-4099-8927-fe91e315f404'),
 ('456', '456', 'en_us', 'magazine-cover', NULL, '1', '2017-06-27 16:08:50', '2017-06-27 16:10:02', '84c74596-8e8f-4cba-80c2-8858ef110aae'),
 ('457', '457', 'en_us', 'forestbluff2017', NULL, '1', '2017-06-27 16:08:55', '2017-06-27 16:10:02', 'd71eeefb-8196-4ac2-93b2-a06736f9bdf1'),
 ('458', '458', 'en_us', 'forest-bluff-risko', NULL, '1', '2017-06-27 16:08:56', '2017-06-27 16:10:02', '8fb05802-9100-4993-946a-6a19b19ec547'),
 ('459', '459', 'en_us', 'foyer', NULL, '1', '2017-06-27 16:08:56', '2017-06-27 16:10:02', 'aeca0805-d680-417c-8b1b-39a640c52681'),
 ('460', '460', 'en_us', 'glampad', NULL, '1', '2017-06-27 16:08:57', '2017-06-27 16:10:02', '407042b7-310a-4c8c-ae50-2b7d74036855'),
 ('464', '464', 'en_us', 'sj-march2016', NULL, '1', '2017-06-27 16:08:58', '2017-06-27 16:10:03', '13363e4d-1840-4fe2-b982-e57b30ccb2d0'),
 ('466', '466', 'en_us', 'traditionalhomes-house', NULL, '1', '2017-06-27 16:08:58', '2017-06-27 16:10:03', '70fe08f9-3694-44bd-845b-f4f0e077bba9'),
 ('467', '467', 'en_us', 'vita-life-blog', NULL, '1', '2017-06-27 16:08:59', '2017-06-27 16:10:03', '0720b8a9-4165-4452-9c5a-27ea42d4fce5'),
 ('468', '468', 'en_us', 'stairs', NULL, '1', '2017-06-27 16:09:08', '2017-06-27 16:10:03', 'e1a9d65d-4e93-43af-926c-63b0b6f13071'),
 ('469', '469', 'en_us', 'design-chic', NULL, '1', '2017-06-27 16:09:30', '2017-06-27 16:09:30', 'ce1c0b37-f681-42b1-8c93-f57ca55e674f'),
 ('477', '477', 'en_us', 'shelleytraditionalcover', NULL, '1', '2017-06-27 16:09:51', '2017-06-27 16:09:51', 'be5a8321-6c35-45ee-9d81-f1b5e796be59'),
 ('482', '482', 'en_us', 'clock-tower', NULL, '1', '2017-06-27 16:10:44', '2017-06-27 16:10:44', '4e1ba1ee-a45e-4d85-a231-ea7143a15869'),
 ('483', '483', 'en_us', 'dining-pink', NULL, '1', '2017-06-27 16:10:45', '2017-06-27 16:10:45', '2ad4758b-f7ff-4faa-b394-d4b6595ed038'),
 ('484', '484', 'en_us', 'oranges', NULL, '1', '2017-06-27 16:10:45', '2017-06-27 16:10:45', '75fca142-3fff-4f25-93c5-56731ef4b400'),
 ('485', '485', 'en_us', 'pool-outside', NULL, '1', '2017-06-27 16:10:45', '2017-06-27 16:10:45', '6396ba74-a8d0-40b8-8759-a916be9e241e'),
 ('486', '486', 'en_us', 'poolpinkbenches', NULL, '1', '2017-06-27 16:10:45', '2017-06-27 16:10:45', '90ea9c36-6193-447e-8c3b-45a7c32f913a'),
 ('487', '487', 'en_us', 'pool-view', NULL, '1', '2017-06-27 16:10:45', '2017-06-27 16:10:45', 'd8295edd-ac42-4cd8-80d3-0dbd5bf11609'),
 ('488', '488', 'en_us', 'set-table', NULL, '1', '2017-06-27 16:10:45', '2017-06-27 16:10:45', 'f6a2ea95-8814-4cb0-b9bf-11682dbeffa0'),
 ('489', '489', 'en_us', 'shelley-dress', NULL, '1', '2017-06-27 16:10:46', '2017-06-27 16:10:46', '6483ef3e-94df-4546-afae-36676fd30306'),
 ('490', '490', 'en_us', 'shelley-flowers', NULL, '1', '2017-06-27 16:10:46', '2017-06-27 16:10:46', '1be51e4e-432c-4039-867e-383e97c81417');
INSERT INTO `craft_elements_i18n` (`id`, `elementId`, `locale`, `slug`, `uri`, `enabled`, `dateCreated`, `dateUpdated`, `uid`) VALUES
 ('491', '491', 'en_us', 'birdchair', NULL, '1', '2017-06-27 16:11:27', '2017-06-27 16:11:27', 'ee525200-2efa-4f86-a740-a12168632c99'),
 ('492', '492', 'en_us', 'blackwindows', NULL, '1', '2017-06-27 16:11:27', '2017-06-27 16:11:27', '1f9be7e3-cf02-4cbf-8f59-382373703aca'),
 ('493', '493', 'en_us', 'blue-corner', NULL, '1', '2017-06-27 16:11:27', '2017-06-27 16:11:27', '37bdc1a8-b569-4179-8e31-7d592e597ffc'),
 ('494', '494', 'en_us', 'blue-lamp', NULL, '1', '2017-06-27 16:11:28', '2017-06-27 16:11:28', '5d423c05-3250-46b6-ae00-62c14f11caf1'),
 ('495', '495', 'en_us', 'chair-flower', NULL, '1', '2017-06-27 16:11:28', '2017-06-27 16:11:28', '5d4912ce-6f44-4032-a3e7-029c1d76466a'),
 ('496', '496', 'en_us', 'coppersink', NULL, '1', '2017-06-27 16:11:28', '2017-06-27 16:11:28', 'a15da669-ebdd-45ec-b392-2d237cae9349'),
 ('497', '497', 'en_us', 'doorway', NULL, '1', '2017-06-27 16:11:28', '2017-06-27 16:11:28', 'eac16858-9e08-407e-a837-0cce80f04f8c'),
 ('498', '498', 'en_us', 'flower-bird', NULL, '1', '2017-06-27 16:11:28', '2017-06-27 16:11:28', 'eb442d68-e055-4d2e-adb1-8c9fbceb45e6'),
 ('499', '499', 'en_us', 'flower-lamp', NULL, '1', '2017-06-27 16:11:28', '2017-06-27 16:11:28', 'db77fe95-6c23-460f-b5a9-3253022a829a'),
 ('500', '500', 'en_us', 'green-ceiling', NULL, '1', '2017-06-27 16:11:28', '2017-06-27 16:11:28', 'b6fb3dd0-8edc-4ce0-8324-0a5c4d895753'),
 ('501', '501', 'en_us', 'loft-railing', NULL, '1', '2017-06-27 16:11:29', '2017-06-27 16:11:29', 'b3a79c76-1d0f-449a-8a5e-92a64c4cb444'),
 ('502', '502', 'en_us', 'patio-post', NULL, '1', '2017-06-27 16:11:29', '2017-06-27 16:11:29', 'c6d31491-680f-4fca-86d0-1f7b4881ec11'),
 ('503', '503', 'en_us', 'pink-bookcase', NULL, '1', '2017-06-27 16:11:29', '2017-06-27 16:11:29', 'ec4bcd90-333e-418f-b026-aa5fb3a34cfb'),
 ('504', '504', 'en_us', 'plant1', NULL, '1', '2017-06-27 16:11:29', '2017-06-27 16:11:29', 'b3dacb88-3004-4442-8d20-d64113ece057'),
 ('512', '512', 'en_us', 'side-table', NULL, '1', '2017-06-27 16:11:32', '2017-06-27 16:11:32', '0c5ed4c8-9975-4ea9-bedb-de704aad4c7b'),
 ('513', '513', 'en_us', 'stairflowers', NULL, '1', '2017-06-27 16:11:32', '2017-06-27 16:11:32', 'c1b5e2cb-1205-4e09-9e13-a37f28f87e96'),
 ('514', '514', 'en_us', 'stairs', NULL, '1', '2017-06-27 16:11:32', '2017-06-27 16:11:32', '6ddd0eff-ce86-4874-a61e-430824423f64'),
 ('515', '515', 'en_us', 'tableshot', NULL, '1', '2017-06-27 16:11:33', '2017-06-27 16:11:33', '3a739786-4469-47a3-92e4-2893f19b8ccd'),
 ('516', '516', 'en_us', 'teardrops', NULL, '1', '2017-06-27 16:11:33', '2017-06-27 16:11:33', '716a033e-7d3e-4eab-a7d7-2ba86188b276'),
 ('517', '517', 'en_us', 'white-topiary', NULL, '1', '2017-06-27 16:11:33', '2017-06-27 16:11:33', '3da69b57-ee1b-450e-bbac-bced6a041651'),
 ('518', '518', 'en_us', 'wood-chair', NULL, '1', '2017-06-27 16:11:33', '2017-06-27 16:11:33', '31784fe6-60da-4110-a147-d086779b6313'),
 ('519', '519', 'en_us', 'press-01', NULL, '1', '2017-06-27 16:12:06', '2017-06-27 16:12:06', '65dfb142-2e51-4277-a1d9-2de5c86f93dc'),
 ('520', '520', 'en_us', 'press-02', NULL, '1', '2017-06-27 16:12:07', '2017-06-27 16:12:07', '57c8f376-90d2-452b-9fe2-bf954bdc46c0'),
 ('521', '521', 'en_us', 'press-03', NULL, '1', '2017-06-27 16:12:07', '2017-06-27 16:12:07', '6c92dd7a-7b34-445f-808b-e87e1d7224ab'),
 ('522', '522', 'en_us', 'press-04', NULL, '1', '2017-06-27 16:12:07', '2017-06-27 16:12:07', '924c9425-fcb2-42f0-b05c-50e233cb7a1b'),
 ('523', '523', 'en_us', 'press-05', NULL, '1', '2017-06-27 16:12:07', '2017-06-27 16:12:07', 'b87cc58e-e357-4ca0-8633-e727414f5596'),
 ('524', '524', 'en_us', 'press-06', NULL, '1', '2017-06-27 16:12:08', '2017-06-27 16:12:08', '83d1ff50-b7e9-4038-af90-b5e97e164c56'),
 ('525', '525', 'en_us', 'press-07', NULL, '1', '2017-06-27 16:12:08', '2017-06-27 16:12:08', '005adf76-bd91-419d-8ae1-9ca4b7433da5'),
 ('526', '526', 'en_us', 'press-08', NULL, '1', '2017-06-27 16:12:08', '2017-06-27 16:12:08', '242394df-bf30-41e9-9846-d588967d4cd2'),
 ('527', '527', 'en_us', 'press-09', NULL, '1', '2017-06-27 16:12:08', '2017-06-27 16:12:08', '211c719c-70d0-4893-b61f-daf7655b7519'),
 ('528', '528', 'en_us', 'press-10', NULL, '1', '2017-06-27 16:12:08', '2017-06-27 16:12:08', 'c7787e70-cb52-48f2-852c-ff121ac8d71d'),
 ('529', '529', 'en_us', 'press-11', NULL, '1', '2017-06-27 16:12:08', '2017-06-27 16:12:08', '3db7fa11-904e-4b59-ab99-e7426b0c6d65'),
 ('530', '530', 'en_us', 'press-12', NULL, '1', '2017-06-27 16:12:08', '2017-06-27 16:12:08', '4daccd54-37d2-4500-a7f2-4e082a118afb'),
 ('531', '531', 'en_us', 'press-13', NULL, '1', '2017-06-27 16:12:09', '2017-06-27 16:12:09', '63bf37ca-8b3b-413b-b2d9-de8882ed59e1'),
 ('532', '532', 'en_us', 'press-14', NULL, '1', '2017-06-27 16:12:09', '2017-06-27 16:12:09', 'bf135f07-ca78-4481-9c64-4b6ef1a08472'),
 ('533', '533', 'en_us', 'press-15', NULL, '1', '2017-06-27 16:12:12', '2017-06-27 16:12:12', '511735b7-e87f-4179-81eb-fa916df83f35'),
 ('534', '534', 'en_us', 'press-16', NULL, '1', '2017-06-27 16:12:12', '2017-06-27 16:12:12', '0a9a1a09-3220-4be9-a559-a661c3ab4dab'),
 ('535', '535', 'en_us', 'press-17', NULL, '1', '2017-06-27 16:12:12', '2017-06-27 16:12:12', '5180f1ba-769e-4123-a986-287bbeb343b3'),
 ('536', '536', 'en_us', 'press-18', NULL, '1', '2017-06-27 16:12:13', '2017-06-27 16:12:13', 'eb096af6-08e5-4b80-8be8-22246cc36059'),
 ('568', '568', 'en_us', 'about-karen', NULL, '1', '2017-06-27 16:13:59', '2017-06-27 16:13:59', 'aad963b2-b44b-4c69-ade0-24a80b650016'),
 ('569', '569', 'en_us', 'about-shelley', NULL, '1', '2017-06-27 16:13:59', '2017-06-27 16:13:59', 'c99d0f84-245b-49a2-a681-f83fdb6d74aa'),
 ('570', '570', 'en_us', 'about-tile', NULL, '1', '2017-06-27 16:13:59', '2017-06-27 16:13:59', 'bbbb404e-b842-4c5d-9462-6b2b4f4bef18'),
 ('572', '572', 'en_us', 'color-tile', NULL, '1', '2017-06-27 16:14:00', '2017-06-27 16:14:00', 'ea44787c-5d00-4e44-aa31-72d5d5aeea1e'),
 ('573', '573', 'en_us', 'details-tile', NULL, '1', '2017-06-27 16:14:00', '2017-06-27 16:14:00', 'f66e0b19-8bfb-4c27-a9c1-f04af0e42d40'),
 ('574', '574', 'en_us', 'flowers-car', NULL, '1', '2017-06-27 16:14:00', '2017-06-27 16:14:00', '9107d771-e83e-4f51-a551-bbacb83c17cd'),
 ('575', '575', 'en_us', 'forestbluff-now', NULL, '1', '2017-06-27 16:14:00', '2017-06-27 16:14:00', '94f4ba4d-7638-4075-b694-49b3cf4f3e11'),
 ('576', '576', 'en_us', 'inpsiration-tile', NULL, '1', '2017-06-27 16:14:00', '2017-06-27 16:14:00', '36f3bba2-6b75-4885-9778-00bd579df923'),
 ('577', '577', 'en_us', 'inspiration', NULL, '1', '2017-06-27 16:14:00', '2017-06-27 16:14:00', '33c17aea-5f22-4fb2-85aa-5b590a272214'),
 ('579', '579', 'en_us', 'lifestyle-tile', NULL, '1', '2017-06-27 16:14:00', '2017-06-27 16:14:00', 'ff8d85e6-c187-4b14-9f7e-3d1960664a08'),
 ('581', '581', 'en_us', 'luxebanner', NULL, '1', '2017-06-27 16:14:00', '2017-06-27 16:14:01', 'c944f4c5-8a33-46c0-adc2-0fac5bcdb9de'),
 ('584', '584', 'en_us', 'now', NULL, '1', '2017-06-27 16:14:01', '2017-06-27 16:14:01', 'a140ab35-3f2f-4bc3-913a-3a93d441a183'),
 ('585', '585', 'en_us', 'now-tile', NULL, '1', '2017-06-27 16:14:01', '2017-06-27 16:14:01', 'a132e352-4afc-4255-a5ab-f7f17b8ee3e2'),
 ('586', '586', 'en_us', 'now-tile', NULL, '1', '2017-06-27 16:14:01', '2017-06-27 16:14:01', 'a8816db8-d991-4756-a003-c13648256770'),
 ('587', '587', 'en_us', 'now-tile-alternate', NULL, '1', '2017-06-27 16:14:01', '2017-06-27 16:14:01', '44b24ed2-27b6-4cd0-928a-896c501f9e11'),
 ('589', '589', 'en_us', 'press-tile', NULL, '1', '2017-06-27 16:14:01', '2017-06-27 16:14:01', '78b260e5-194c-46c4-ac2b-8cb17b7a5da8'),
 ('591', '591', 'en_us', 'rooms-tile', NULL, '1', '2017-06-27 16:14:02', '2017-06-27 16:14:02', 'e83a94fd-9f71-4680-acbb-ee6491224f11'),
 ('592', '592', 'en_us', 'shelley-johnstone-mugshot', NULL, '1', '2017-06-27 16:14:02', '2017-06-27 16:14:02', '0523c4d0-fdb7-44db-8cb5-a40e3a0df988'),
 ('594', '594', 'en_us', 'shellkare-group', NULL, '1', '2017-06-27 16:14:02', '2017-06-27 16:14:02', 'c3c092bf-2625-4f9e-bb83-696b290ecee6'),
 ('596', '596', 'en_us', 'shellkare-tile', NULL, '1', '2017-06-27 16:14:02', '2017-06-27 16:14:02', '47debd70-45f4-4864-959c-8b2a8bb1acbe'),
 ('597', '597', 'en_us', 'traditionalhomebanner', NULL, '1', '2017-06-27 16:14:02', '2017-06-27 16:14:02', 'fcc4ccc5-8988-4268-aaab-f4384485598f'),
 ('598', '598', 'en_us', 'traditionalhomeblue2017', NULL, '1', '2017-06-27 16:14:02', '2017-06-27 16:14:02', '39f4d067-140d-43d4-ae1e-16b2f49bb611'),
 ('601', '601', 'en_us', 'beautifulchair-full', NULL, '1', '2017-06-27 16:15:51', '2017-06-27 16:16:04', 'fc99626a-4cef-495b-8cac-63963231639c'),
 ('603', '603', 'en_us', 'beautifulchair-thumb', NULL, '1', '2017-06-27 16:15:59', '2017-06-27 16:15:59', 'ef49114d-0be8-4929-905a-b463e0b64a19'),
 ('604', '604', 'en_us', 'fringechair-full', NULL, '1', '2017-06-27 16:16:00', '2017-06-27 16:16:00', '5c16d9f4-1deb-480d-a309-0bf1a3a365ea'),
 ('605', '605', 'en_us', 'fringechair-thumb', NULL, '1', '2017-06-27 16:16:00', '2017-06-27 16:16:00', 'd4d7c9ca-0b7a-42d9-b369-be167f460f05'),
 ('606', '606', 'en_us', 'tablesetting-full', NULL, '1', '2017-06-27 16:16:00', '2017-06-27 16:16:00', 'f0ab4079-01b5-4ab2-bf41-56041f68c912'),
 ('607', '607', 'en_us', 'tablesetting-thumb', NULL, '1', '2017-06-27 16:16:00', '2017-06-27 16:16:00', '5cdaca1d-ef37-4eff-b3db-83575584b891'),
 ('608', '608', 'en_us', '', NULL, '1', '2017-06-27 16:27:16', '2017-06-27 19:13:30', '8229f2a9-b872-4de1-88a9-0f343c67fda3'),
 ('659', '659', 'en_us', 'bathroom1', NULL, '1', '2017-06-27 18:48:51', '2017-06-27 18:48:51', '7e291023-6f78-46e3-853f-385f94f135ef'),
 ('660', '660', 'en_us', 'blue-bathroom', NULL, '1', '2017-06-27 18:48:51', '2017-06-27 18:48:51', '7814e5c4-852c-465a-9862-532bc0b0f7d2'),
 ('661', '661', 'en_us', 'blue-chairs', NULL, '1', '2017-06-27 18:48:51', '2017-06-27 18:48:51', '0e77949c-0f81-408c-a52e-ed4175648f6c'),
 ('662', '662', 'en_us', 'bluedining', NULL, '1', '2017-06-27 18:48:52', '2017-06-27 18:48:52', '9b81587e-6e2e-433e-83f5-08adecb4a96f'),
 ('663', '663', 'en_us', 'blue-room', NULL, '1', '2017-06-27 18:48:52', '2017-06-27 18:48:52', '6c8d0596-029a-4135-9056-ba645cce8dfd'),
 ('664', '664', 'en_us', 'brown-living-room', NULL, '1', '2017-06-27 18:48:52', '2017-06-27 18:48:52', '10a72593-32a9-41e6-bf09-31c2cde741fc'),
 ('665', '665', 'en_us', 'brown-room', NULL, '1', '2017-06-27 18:48:52', '2017-06-27 18:48:52', '6c73b27f-1f08-469d-bd68-2b48f7763888'),
 ('666', '666', 'en_us', 'espresso-kitchen', NULL, '1', '2017-06-27 18:48:52', '2017-06-27 18:48:52', '55ddb49c-8d0e-4083-9b30-5170b94f0e02'),
 ('667', '667', 'en_us', 'goldand-white', NULL, '1', '2017-06-27 18:48:53', '2017-06-27 18:48:53', 'c38f233b-ec63-4e67-a4b0-eef3e040e15c'),
 ('668', '668', 'en_us', 'gold-bedroom', NULL, '1', '2017-06-27 18:48:53', '2017-06-27 18:48:53', 'dff47ff5-bfab-4129-b290-943f479495bc'),
 ('669', '669', 'en_us', 'goldkitchen', NULL, '1', '2017-06-27 18:48:53', '2017-06-27 18:48:53', '49900234-9d82-41ae-9d3a-35b28461844b'),
 ('670', '670', 'en_us', 'gold-room', NULL, '1', '2017-06-27 18:48:53', '2017-06-27 18:48:53', '3b7c2773-5db2-4bff-9888-20d7db0bec18'),
 ('671', '671', 'en_us', 'green-bathroom', NULL, '1', '2017-06-27 18:48:53', '2017-06-27 18:48:53', '498bc0d8-6887-4d14-8a63-74094897a8af'),
 ('672', '672', 'en_us', 'kitchen2', NULL, '1', '2017-06-27 18:48:53', '2017-06-27 18:48:53', 'b7c12aa4-3d87-47da-99ae-99b8ae856de1'),
 ('673', '673', 'en_us', 'off-white-bedroom', NULL, '1', '2017-06-27 18:48:53', '2017-06-27 18:48:53', 'f4f462e9-cab3-438d-a762-e82e8a777b09'),
 ('674', '674', 'en_us', 'orange-room', NULL, '1', '2017-06-27 18:48:54', '2017-06-27 18:48:54', 'd75d157e-d91c-4944-ac2a-0de5dabc1672'),
 ('675', '675', 'en_us', 'orange-wall', NULL, '1', '2017-06-27 18:48:54', '2017-06-27 18:48:54', '4f47ca2f-9061-4ee0-9af9-3a6aadf6a9b0'),
 ('676', '676', 'en_us', 'palm-wallpaper', NULL, '1', '2017-06-27 18:48:54', '2017-06-27 18:48:54', 'e8b682b2-e0d5-43e7-b1e7-eb97a3e05152'),
 ('677', '677', 'en_us', 'staircase', NULL, '1', '2017-06-27 18:48:54', '2017-06-27 18:48:54', '54cc4fa6-abf0-486c-946a-a760ddb2495f'),
 ('678', '678', 'en_us', 'staircase-2', NULL, '1', '2017-06-27 18:48:54', '2017-06-27 18:48:54', '1193f547-0951-4dcf-9edf-107c4d3b5666'),
 ('679', '679', 'en_us', 'table', NULL, '1', '2017-06-27 18:48:54', '2017-06-27 18:48:54', '1e46310a-2155-4d7d-9d5f-fa0f50d10012'),
 ('680', '680', 'en_us', 'white-kitchen', NULL, '1', '2017-06-27 18:48:54', '2017-06-27 18:48:54', 'a926b739-4c32-405b-883b-c63dc6caaa09'),
 ('681', '681', 'en_us', 'white-room', NULL, '1', '2017-06-27 18:48:55', '2017-06-27 18:48:55', '9f0d7cae-0e66-401d-bc10-f66af9824574'),
 ('682', '682', 'en_us', '', NULL, '1', '2017-06-27 19:54:37', '2017-06-27 19:54:37', '9debe4c4-c0ff-45fe-9c8d-708cbaa3bcb6'),
 ('684', '684', 'en_us', '', NULL, '1', '2017-06-27 20:02:34', '2017-06-27 20:02:34', 'e33cd878-6588-4a92-a641-2d0f814cd352'),
 ('685', '685', 'en_us', '', NULL, '1', '2017-06-27 20:03:29', '2017-06-27 20:03:29', '79590e08-304d-4e21-8a6c-fe115a165d63'),
 ('686', '686', 'en_us', '', NULL, '1', '2017-06-27 20:03:47', '2017-06-27 20:03:47', '2de76b9e-f56f-4fdd-992d-098dc97d04a9'),
 ('687', '687', 'en_us', '', NULL, '1', '2017-06-27 20:04:03', '2017-06-27 20:04:03', 'c26cd1eb-7efd-4d81-a1b8-42de62ec507e'),
 ('688', '688', 'en_us', 'about', 'image-grid/about', '1', '2017-06-27 21:06:10', '2017-06-27 21:17:29', 'e42f5d5c-3e8b-43fd-a5ba-32463c1c9e4f'),
 ('689', '689', 'en_us', 'rooms', 'image-grid/rooms', '1', '2017-06-27 21:13:58', '2017-06-27 21:17:29', '5a9b0cbc-f390-4432-ae6a-8fb3e2c5774e'),
 ('690', '690', 'en_us', 'child-test', 'image-grid/about/child-test', '1', '2017-06-27 21:31:48', '2017-06-27 21:31:48', 'b651e3e6-fc3d-4f0d-8e52-4dd9cb4ca469');



DROP TABLE IF EXISTS `craft_emailmessages`;


--
-- Schema for table `craft_emailmessages`
--
CREATE TABLE `craft_emailmessages` (
  `id` int(11) NOT NULL AUTO_INCREMENT,
  `key` char(150) COLLATE utf8_unicode_ci NOT NULL,
  `locale` char(12) COLLATE utf8_unicode_ci NOT NULL,
  `subject` varchar(1000) COLLATE utf8_unicode_ci NOT NULL,
  `body` text COLLATE utf8_unicode_ci NOT NULL,
  `dateCreated` datetime NOT NULL,
  `dateUpdated` datetime NOT NULL,
  `uid` char(36) COLLATE utf8_unicode_ci NOT NULL DEFAULT '0',
  PRIMARY KEY (`id`),
  UNIQUE KEY `craft_emailmessages_key_locale_unq_idx` (`key`,`locale`),
  KEY `craft_emailmessages_locale_fk` (`locale`)
) ENGINE=InnoDB DEFAULT CHARSET=utf8 COLLATE=utf8_unicode_ci;

DROP TABLE IF EXISTS `craft_entries`;


--
-- Schema for table `craft_entries`
--
CREATE TABLE `craft_entries` (
  `id` int(11) NOT NULL,
  `sectionId` int(11) NOT NULL,
  `typeId` int(11) DEFAULT NULL,
  `authorId` int(11) DEFAULT NULL,
  `postDate` datetime DEFAULT NULL,
  `expiryDate` datetime DEFAULT NULL,
  `dateCreated` datetime NOT NULL,
  `dateUpdated` datetime NOT NULL,
  `uid` char(36) COLLATE utf8_unicode_ci NOT NULL DEFAULT '0',
  PRIMARY KEY (`id`),
  KEY `craft_entries_sectionId_idx` (`sectionId`),
  KEY `craft_entries_typeId_idx` (`typeId`),
  KEY `craft_entries_postDate_idx` (`postDate`),
  KEY `craft_entries_expiryDate_idx` (`expiryDate`),
  KEY `craft_entries_authorId_fk` (`authorId`)
) ENGINE=InnoDB DEFAULT CHARSET=utf8 COLLATE=utf8_unicode_ci;

--
-- Data for table `craft_entries`
--

INSERT INTO `craft_entries` (`id`, `sectionId`, `typeId`, `authorId`, `postDate`, `expiryDate`, `dateCreated`, `dateUpdated`, `uid`) VALUES
 ('2', '1', '1', NULL, '2017-05-31 20:11:28', NULL, '2017-05-24 15:07:02', '2017-06-27 21:44:51', 'c5651faa-a447-4c55-9592-dc6bb7d75f40'),
 ('4', '4', '4', NULL, '2017-05-31 19:33:16', NULL, '2017-05-30 20:15:30', '2017-05-31 19:33:16', '5e3cea38-a29b-4e91-b2cf-3aae8829a06e'),
 ('5', '5', '5', NULL, '2017-05-31 19:33:07', NULL, '2017-05-31 19:14:53', '2017-06-27 19:13:30', '4ec92adb-ddfe-4f4c-8d4c-c9811247355a'),
 ('6', '6', '6', NULL, '2017-05-31 19:33:41', NULL, '2017-05-31 19:31:58', '2017-06-27 20:03:47', '05bad4d5-a564-40ce-8bdb-e734cbc37a0b'),
 ('7', '7', '7', NULL, '2017-05-31 19:33:36', NULL, '2017-05-31 19:32:19', '2017-06-27 20:03:29', '25ddefb6-4d21-4c7c-98a5-687a7717ca29'),
 ('8', '8', '8', NULL, '2017-05-31 19:33:30', NULL, '2017-05-31 19:32:29', '2017-06-27 20:02:34', 'f02c486b-f4a5-4be1-a897-3eb0355939d6'),
 ('9', '9', NULL, NULL, '2017-05-31 19:32:53', NULL, '2017-05-31 19:32:53', '2017-06-27 19:54:37', '745d8415-f21e-42df-826d-537be014116e'),
 ('10', '10', NULL, NULL, '2017-05-31 19:34:45', NULL, '2017-05-31 19:34:45', '2017-06-27 20:04:03', 'a950bd99-1641-4c9f-90e2-394b7a5feabb'),
 ('11', '11', NULL, NULL, '2017-05-31 19:35:07', NULL, '2017-05-31 19:35:07', '2017-05-31 19:35:07', '3b10be03-0c60-4b7e-b0fa-22cc5f2e7fd8'),
 ('12', '2', '2', '1', '2017-05-31 15:30:00', '2017-08-15 17:00:00', '2017-05-31 20:20:08', '2017-06-15 20:57:58', '60b90726-cb79-4a89-b2d0-e616ee808ccf'),
 ('21', '2', '2', '1', '2017-06-01 00:30:00', '2017-06-21 03:00:00', '2017-06-01 20:49:05', '2017-06-15 15:45:00', '2df62f13-b29f-458e-91f5-3eed3cc0a1ce'),
 ('23', '2', '2', '1', '2017-06-01 10:30:00', NULL, '2017-06-01 21:47:29', '2017-06-26 18:23:32', '8053137b-def1-4bf3-9526-305e946dc409'),
 ('688', '13', '13', '1', '2017-06-27 21:06:00', NULL, '2017-06-27 21:06:10', '2017-06-27 21:13:09', 'bf299780-3318-473c-b6dd-be66639f133e'),
 ('689', '13', '13', '1', '2017-06-27 21:13:58', NULL, '2017-06-27 21:13:58', '2017-06-27 21:13:58', 'ae9c6ee1-ae3b-4469-ade1-86c3b492c648'),
 ('690', '13', '13', '1', '2017-06-27 21:31:48', NULL, '2017-06-27 21:31:48', '2017-06-27 21:31:48', 'c0c80b12-d519-438d-b30e-d5cb0b118cf7');



DROP TABLE IF EXISTS `craft_entrydrafts`;


--
-- Schema for table `craft_entrydrafts`
--
CREATE TABLE `craft_entrydrafts` (
  `id` int(11) NOT NULL AUTO_INCREMENT,
  `entryId` int(11) NOT NULL,
  `sectionId` int(11) NOT NULL,
  `creatorId` int(11) NOT NULL,
  `locale` char(12) COLLATE utf8_unicode_ci NOT NULL,
  `name` varchar(255) COLLATE utf8_unicode_ci NOT NULL,
  `notes` tinytext COLLATE utf8_unicode_ci,
  `data` mediumtext COLLATE utf8_unicode_ci NOT NULL,
  `dateCreated` datetime NOT NULL,
  `dateUpdated` datetime NOT NULL,
  `uid` char(36) COLLATE utf8_unicode_ci NOT NULL DEFAULT '0',
  PRIMARY KEY (`id`),
  KEY `craft_entrydrafts_entryId_locale_idx` (`entryId`,`locale`),
  KEY `craft_entrydrafts_sectionId_fk` (`sectionId`),
  KEY `craft_entrydrafts_creatorId_fk` (`creatorId`),
  KEY `craft_entrydrafts_locale_fk` (`locale`)
) ENGINE=InnoDB DEFAULT CHARSET=utf8 COLLATE=utf8_unicode_ci;

DROP TABLE IF EXISTS `craft_entrytypes`;


--
-- Schema for table `craft_entrytypes`
--
CREATE TABLE `craft_entrytypes` (
  `id` int(11) NOT NULL AUTO_INCREMENT,
  `sectionId` int(11) NOT NULL,
  `fieldLayoutId` int(11) DEFAULT NULL,
  `name` varchar(255) COLLATE utf8_unicode_ci NOT NULL,
  `handle` varchar(255) COLLATE utf8_unicode_ci NOT NULL,
  `hasTitleField` tinyint(1) unsigned NOT NULL DEFAULT '1',
  `titleLabel` varchar(255) COLLATE utf8_unicode_ci DEFAULT 'Title',
  `titleFormat` varchar(255) COLLATE utf8_unicode_ci DEFAULT NULL,
  `sortOrder` smallint(6) unsigned DEFAULT NULL,
  `dateCreated` datetime NOT NULL,
  `dateUpdated` datetime NOT NULL,
  `uid` char(36) COLLATE utf8_unicode_ci NOT NULL DEFAULT '0',
  PRIMARY KEY (`id`),
  UNIQUE KEY `craft_entrytypes_name_sectionId_unq_idx` (`name`,`sectionId`),
  UNIQUE KEY `craft_entrytypes_handle_sectionId_unq_idx` (`handle`,`sectionId`),
  KEY `craft_entrytypes_sectionId_fk` (`sectionId`),
  KEY `craft_entrytypes_fieldLayoutId_fk` (`fieldLayoutId`)
) ENGINE=InnoDB AUTO_INCREMENT=15 DEFAULT CHARSET=utf8 COLLATE=utf8_unicode_ci;

--
-- Data for table `craft_entrytypes`
--

INSERT INTO `craft_entrytypes` (`id`, `sectionId`, `fieldLayoutId`, `name`, `handle`, `hasTitleField`, `titleLabel`, `titleFormat`, `sortOrder`, `dateCreated`, `dateUpdated`, `uid`) VALUES
 ('1', '1', '61', 'Index', 'homepage', '0', NULL, '{section.name|raw}', '1', '2017-05-24 15:07:02', '2017-06-27 20:01:01', 'c3e6e18f-6862-47ce-97c5-39e722bad5a5'),
 ('2', '2', '42', 'Blog', 'blog', '1', 'Title', NULL, '1', '2017-05-25 21:23:40', '2017-06-26 18:24:03', '2f9b0893-0ba5-4daf-93a0-ac1908516acb'),
 ('4', '4', '8', 'About', 'about', '0', NULL, '{section.name|raw}', '1', '2017-05-30 20:15:30', '2017-05-30 20:15:30', '50ea30ae-1df4-4831-ad48-6544c3c966e9'),
 ('5', '5', '53', 'Rooms', 'rooms', '0', NULL, '{section.name|raw}', '1', '2017-05-31 19:14:53', '2017-06-27 16:25:14', '24dc43a7-7ae8-4a90-a856-ea07c3d346a0'),
 ('6', '6', '56', 'Now', 'now', '0', NULL, '{section.name|raw}', '1', '2017-05-31 19:31:58', '2017-06-27 19:44:13', 'f89c40d7-366b-46cb-9d7a-33c1e87983ea'),
 ('7', '7', '62', 'Lifestyle', 'lifestyle', '0', NULL, '{section.name|raw}', '1', '2017-05-31 19:32:19', '2017-06-27 20:01:34', 'aeddac97-f66d-42a5-ba76-322f560370ae'),
 ('8', '8', '55', 'Inspiration', 'inspiration', '0', NULL, '{section.name|raw}', '1', '2017-05-31 19:32:29', '2017-06-27 19:43:51', 'e4e20868-7690-42d5-8c42-fc4237d50eed'),
 ('9', '9', '58', 'Details', 'details', '0', NULL, '{section.name|raw}', '1', '2017-05-31 19:32:53', '2017-06-27 19:44:58', 'c6e02321-065a-4025-9a76-b508b1fe471b'),
 ('10', '10', '57', 'Press', 'press', '0', NULL, '{section.name|raw}', '1', '2017-05-31 19:34:45', '2017-06-27 19:44:38', '988cac08-fea7-4485-8c82-73eda99f0291'),
 ('11', '11', '15', 'Contact', 'contact', '0', NULL, '{section.name|raw}', '1', '2017-05-31 19:35:07', '2017-05-31 19:35:07', 'd9c534b5-5b9d-4f2f-9e09-9f2679f5b013'),
 ('13', '13', '74', 'Homepage Grid', 'homepageGrid', '1', 'Title', NULL, '1', '2017-06-27 20:51:13', '2017-06-27 21:43:03', '70ef5646-9249-4f63-ad46-d646a96a3cd6');



DROP TABLE IF EXISTS `craft_entryversions`;


--
-- Schema for table `craft_entryversions`
--
CREATE TABLE `craft_entryversions` (
  `id` int(11) NOT NULL AUTO_INCREMENT,
  `entryId` int(11) NOT NULL,
  `sectionId` int(11) NOT NULL,
  `creatorId` int(11) DEFAULT NULL,
  `locale` char(12) COLLATE utf8_unicode_ci NOT NULL,
  `num` smallint(6) unsigned NOT NULL,
  `notes` tinytext COLLATE utf8_unicode_ci,
  `data` mediumtext COLLATE utf8_unicode_ci NOT NULL,
  `dateCreated` datetime NOT NULL,
  `dateUpdated` datetime NOT NULL,
  `uid` char(36) COLLATE utf8_unicode_ci NOT NULL DEFAULT '0',
  PRIMARY KEY (`id`),
  KEY `craft_entryversions_entryId_locale_idx` (`entryId`,`locale`),
  KEY `craft_entryversions_sectionId_fk` (`sectionId`),
  KEY `craft_entryversions_creatorId_fk` (`creatorId`),
  KEY `craft_entryversions_locale_fk` (`locale`)
) ENGINE=InnoDB AUTO_INCREMENT=56 DEFAULT CHARSET=utf8 COLLATE=utf8_unicode_ci;

--
-- Data for table `craft_entryversions`
--

INSERT INTO `craft_entryversions` (`id`, `entryId`, `sectionId`, `creatorId`, `locale`, `num`, `notes`, `data`, `dateCreated`, `dateUpdated`, `uid`) VALUES
 ('1', '2', '1', '1', 'en_us', '1', NULL, '{\"typeId\":\"1\",\"authorId\":null,\"title\":\"Homepage\",\"slug\":\"homepage\",\"postDate\":1495638422,\"expiryDate\":null,\"enabled\":1,\"parentId\":null,\"fields\":[]}', '2017-05-24 15:07:02', '2017-05-24 15:07:02', '689686b1-57be-457c-81f0-cd1bc4e5824d'),
 ('2', '2', '1', '1', 'en_us', '2', '', '{\"typeId\":null,\"authorId\":null,\"title\":\"Homepage\",\"slug\":\"homepage\",\"postDate\":1495638422,\"expiryDate\":null,\"enabled\":1,\"parentId\":null,\"fields\":{\"1\":\"<p>Hello World<\\/p>\"}}', '2017-05-25 13:52:41', '2017-05-25 13:52:41', '3ba2815a-faec-493f-b6e1-bce26f8e4a09'),
 ('4', '4', '4', '1', 'en_us', '1', NULL, '{\"typeId\":\"4\",\"authorId\":null,\"title\":\"About\",\"slug\":\"about\",\"postDate\":1496175330,\"expiryDate\":null,\"enabled\":1,\"parentId\":null,\"fields\":[]}', '2017-05-30 20:15:30', '2017-05-30 20:15:30', '27a8a639-1e14-4d83-b431-8a72b6388c27'),
 ('5', '5', '5', '1', 'en_us', '1', NULL, '{\"typeId\":\"5\",\"authorId\":null,\"title\":\"Rooms\",\"slug\":\"rooms\",\"postDate\":1496258093,\"expiryDate\":null,\"enabled\":1,\"parentId\":null,\"fields\":[]}', '2017-05-31 19:14:53', '2017-05-31 19:14:53', '7056fe55-ce6f-4aeb-a690-45dc96649187'),
 ('6', '6', '6', '1', 'en_us', '1', NULL, '{\"typeId\":\"6\",\"authorId\":null,\"title\":\"Now\",\"slug\":\"now\",\"postDate\":1496259118,\"expiryDate\":null,\"enabled\":1,\"parentId\":null,\"fields\":[]}', '2017-05-31 19:31:58', '2017-05-31 19:31:58', 'd25ed096-517e-4046-a7e0-262edef59da2'),
 ('7', '7', '7', '1', 'en_us', '1', NULL, '{\"typeId\":\"7\",\"authorId\":null,\"title\":\"Lifestyle\",\"slug\":\"lifestyle\",\"postDate\":1496259139,\"expiryDate\":null,\"enabled\":1,\"parentId\":null,\"fields\":[]}', '2017-05-31 19:32:19', '2017-05-31 19:32:19', '32c83a41-a48a-47a0-9611-5ed25dbe7d09'),
 ('8', '8', '8', '1', 'en_us', '1', NULL, '{\"typeId\":\"8\",\"authorId\":null,\"title\":\"Inspiration\",\"slug\":\"inspiration\",\"postDate\":1496259149,\"expiryDate\":null,\"enabled\":1,\"parentId\":null,\"fields\":[]}', '2017-05-31 19:32:29', '2017-05-31 19:32:29', 'bcdba3b3-bb39-4036-b7d8-677809b7b40c'),
 ('9', '12', '2', '1', 'en_us', '1', '', '{\"typeId\":null,\"authorId\":\"1\",\"title\":\"First Blog Post\",\"slug\":\"test-post\",\"postDate\":1496244600,\"expiryDate\":1496941200,\"enabled\":1,\"parentId\":null,\"fields\":[]}', '2017-05-31 20:20:08', '2017-05-31 20:20:08', 'c5cef1b4-141c-475c-b131-b162fba88e55'),
 ('10', '12', '2', '1', 'en_us', '2', '', '{\"typeId\":\"2\",\"authorId\":\"1\",\"title\":\"First Blog Post\",\"slug\":\"test-post\",\"postDate\":1496244600,\"expiryDate\":1496941200,\"enabled\":1,\"parentId\":null,\"fields\":[]}', '2017-06-01 14:57:51', '2017-06-01 14:57:51', 'a1aa0402-8889-407f-9015-4e0208f4978d'),
 ('17', '12', '2', '1', 'en_us', '3', '', '{\"typeId\":\"2\",\"authorId\":\"1\",\"title\":\"First Blog Post\",\"slug\":\"test-post\",\"postDate\":1496244600,\"expiryDate\":1496941200,\"enabled\":1,\"parentId\":null,\"fields\":{\"1\":\"\",\"4\":[\"yes\"],\"3\":\"brian\",\"2\":\"\"}}', '2017-06-01 19:57:53', '2017-06-01 19:57:53', '5bfc3b76-7571-4fb1-a162-ff79a5301b00'),
 ('18', '12', '2', '1', 'en_us', '4', '', '{\"typeId\":\"2\",\"authorId\":\"1\",\"title\":\"First Blog Post\",\"slug\":\"test-post\",\"postDate\":1496244600,\"expiryDate\":1496941200,\"enabled\":1,\"parentId\":null,\"fields\":{\"1\":\"<p>Lorem ipsum dolor sit amet, consectetur adipiscing elit. Aliquam mattis justo magna, bibendum finibus arcu vulputate sit amet. Nam laoreet felis non lectus elementum tempus. Mauris id pretium ex. Phasellus a lectus aliquam nisi dapibus convallis vel ut erat. Maecenas malesuada mi non velit imperdiet laoreet. Vivamus facilisis libero vitae velit porta, id sodales quam euismod. Vestibulum pharetra congue mattis. Nulla at ultrices nulla.<\\/p>\\r\\n<p>Fusce et vehicula purus. Sed tempor eros magna, vitae rhoncus nisi scelerisque vel. Aliquam luctus eget mi non iaculis. Interdum et malesuada fames ac ante ipsum primis in faucibus. Nullam magna sapien, consectetur eu iaculis eu, vestibulum sit amet libero. Nullam at ornare metus, laoreet aliquet eros. Proin faucibus, risus a suscipit hendrerit, turpis diam tempor libero, in blandit felis velit in mi. In est libero, pretium sit amet sagittis ultrices, varius eu velit. Vivamus sagittis tincidunt libero, vitae ullamcorper ante pretium ac. Donec euismod elit eu mi ultricies finibus. Fusce accumsan tellus vitae lacus sodales, eu lacinia ligula iaculis. Proin aliquam quam nibh, ac molestie nibh pretium ut. Cras convallis dolor purus, eget lacinia risus volutpat vitae. Nunc laoreet ac ipsum non mollis. Nunc non consequat lacus, a tristique quam. Proin eget aliquam lorem.<\\/p>\",\"4\":[\"yes\"],\"3\":\"brian\",\"2\":\"\"}}', '2017-06-01 20:41:55', '2017-06-01 20:41:55', '199bbed5-1fa0-4938-85fd-3beba20a32b0'),
 ('19', '12', '2', '1', 'en_us', '5', '', '{\"typeId\":\"2\",\"authorId\":\"1\",\"title\":\"First Blog Post\",\"slug\":\"test-post\",\"postDate\":1496244600,\"expiryDate\":1496941200,\"enabled\":1,\"parentId\":null,\"fields\":{\"1\":\"<p>Lorem ipsum dolor sit amet, consectetur adipiscing elit. Aliquam mattis justo magna, bibendum finibus arcu vulputate sit amet. Nam laoreet felis non lectus elementum tempus. Mauris id pretium ex. Phasellus a lectus aliquam nisi dapibus convallis vel ut erat. Maecenas malesuada mi non velit imperdiet laoreet. Vivamus facilisis libero vitae velit porta, id sodales quam euismod. Vestibulum pharetra congue mattis. Nulla at ultrices nulla.<\\/p>\\r\\n<p>Fusce et vehicula purus. Sed tempor eros magna, vitae rhoncus nisi scelerisque vel. Aliquam luctus eget mi non iaculis. Interdum et malesuada fames ac ante ipsum primis in faucibus. Nullam magna sapien, consectetur eu iaculis eu, vestibulum sit amet libero. Nullam at ornare metus, laoreet aliquet eros. Proin faucibus, risus a suscipit hendrerit, turpis diam tempor libero, in blandit felis velit in mi. In est libero, pretium sit amet sagittis ultrices, varius eu velit. Vivamus sagittis tincidunt libero, vitae ullamcorper ante pretium ac. Donec euismod elit eu mi ultricies finibus. Fusce accumsan tellus vitae lacus sodales, eu lacinia ligula iaculis. Proin aliquam quam nibh, ac molestie nibh pretium ut. Cras convallis dolor purus, eget lacinia risus volutpat vitae. Nunc laoreet ac ipsum non mollis. Nunc non consequat lacus, a tristique quam. Proin eget aliquam lorem.<\\/p>\",\"5\":{\"date\":\"6\\/1\\/2017\",\"time\":\"4:00 PM\"},\"2\":[\"20\"]}}', '2017-06-01 20:47:59', '2017-06-01 20:47:59', '80b8b6a3-b3bd-42c3-8ed7-28516cc407ff'),
 ('20', '21', '2', '1', 'en_us', '1', '', '{\"typeId\":null,\"authorId\":\"1\",\"title\":\"Post Number Two\",\"slug\":\"post-number-two\",\"postDate\":1496968200,\"expiryDate\":1498014000,\"enabled\":1,\"parentId\":null,\"fields\":{\"1\":\"<p>Lorem ipsum dolor sit amet, consectetur adipiscing elit. Integer at diam eu ante tristique commodo. Mauris volutpat, mauris et congue vestibulum, ligula lorem finibus turpis, ut tincidunt mi justo non nunc. Nam finibus tempus vehicula. In vulputate dictum dolor, sed mattis augue fringilla ut. Praesent odio est, commodo eu nisl at, aliquet imperdiet nisl. Nunc suscipit at ante in gravida. Aliquam sollicitudin erat augue, nec mattis lorem eleifend vel. Vestibulum ante ipsum primis in faucibus orci luctus et ultrices posuere cubilia Curae; Morbi faucibus nunc vel massa semper, non condimentum ligula viverra. In tincidunt justo in malesuada cursus. Aliquam facilisis volutpat pretium. Curabitur eget massa ut odio semper semper. Morbi vel orci venenatis, congue eros nec, gravida ipsum.<\\/p>\\r\\n<p>Vestibulum tempus, neque in semper vestibulum, arcu dui accumsan erat, et hendrerit massa dui nec metus. Sed sagittis varius tortor. Phasellus venenatis ultrices turpis, placerat accumsan orci ullamcorper a. Vestibulum quis ex sit amet odio tristique varius ac nec ligula. Nulla tristique nisi eget dolor vehicula, a pellentesque neque maximus. Pellentesque lorem sapien, bibendum non ex id, pellentesque finibus tellus. Sed vel congue lorem, nec facilisis lacus.<\\/p>\\r\\n<p>Pellentesque eleifend erat ut orci porta, suscipit mattis leo convallis. Mauris interdum feugiat tortor eget vestibulum. Pellentesque consectetur felis at orci luctus, eu facilisis sem ornare. Vivamus facilisis arcu tortor, tempor eleifend purus feugiat eu. Nunc fringilla neque fermentum leo iaculis, at pretium erat vehicula. Sed at nibh et elit venenatis porta. Praesent fermentum mauris at velit tincidunt, sagittis consectetur neque placerat. Ut faucibus ullamcorper ipsum a convallis.<\\/p>\",\"5\":{\"date\":\"6\\/21\\/2017\",\"time\":\"3:00 AM\"},\"2\":\"\"}}', '2017-06-01 20:49:05', '2017-06-01 20:49:05', '95dfaebe-b963-4e88-a088-e4729498294b'),
 ('21', '21', '2', '1', 'en_us', '2', '', '{\"typeId\":\"2\",\"authorId\":\"1\",\"title\":\"Post Number Two\",\"slug\":\"post-number-two\",\"postDate\":1496277000,\"expiryDate\":1498014000,\"enabled\":1,\"parentId\":null,\"fields\":{\"1\":\"<p>Lorem ipsum dolor sit amet, consectetur adipiscing elit. Integer at diam eu ante tristique commodo. Mauris volutpat, mauris et congue vestibulum, ligula lorem finibus turpis, ut tincidunt mi justo non nunc. Nam finibus tempus vehicula. In vulputate dictum dolor, sed mattis augue fringilla ut. Praesent odio est, commodo eu nisl at, aliquet imperdiet nisl. Nunc suscipit at ante in gravida. Aliquam sollicitudin erat augue, nec mattis lorem eleifend vel. Vestibulum ante ipsum primis in faucibus orci luctus et ultrices posuere cubilia Curae; Morbi faucibus nunc vel massa semper, non condimentum ligula viverra. In tincidunt justo in malesuada cursus. Aliquam facilisis volutpat pretium. Curabitur eget massa ut odio semper semper. Morbi vel orci venenatis, congue eros nec, gravida ipsum.<\\/p>\\r\\n<p>Vestibulum tempus, neque in semper vestibulum, arcu dui accumsan erat, et hendrerit massa dui nec metus. Sed sagittis varius tortor. Phasellus venenatis ultrices turpis, placerat accumsan orci ullamcorper a. Vestibulum quis ex sit amet odio tristique varius ac nec ligula. Nulla tristique nisi eget dolor vehicula, a pellentesque neque maximus. Pellentesque lorem sapien, bibendum non ex id, pellentesque finibus tellus. Sed vel congue lorem, nec facilisis lacus.<\\/p>\\r\\n<p>Pellentesque eleifend erat ut orci porta, suscipit mattis leo convallis. Mauris interdum feugiat tortor eget vestibulum. Pellentesque consectetur felis at orci luctus, eu facilisis sem ornare. Vivamus facilisis arcu tortor, tempor eleifend purus feugiat eu. Nunc fringilla neque fermentum leo iaculis, at pretium erat vehicula. Sed at nibh et elit venenatis porta. Praesent fermentum mauris at velit tincidunt, sagittis consectetur neque placerat. Ut faucibus ullamcorper ipsum a convallis.<\\/p>\",\"2\":\"\"}}', '2017-06-01 21:18:27', '2017-06-01 21:18:27', '324c33ee-e29a-4f21-aad9-fab8e9e2b535'),
 ('22', '23', '2', '1', 'en_us', '1', '', '{\"typeId\":null,\"authorId\":\"1\",\"title\":\"Post 3\",\"slug\":\"post-3\",\"postDate\":1496313000,\"expiryDate\":null,\"enabled\":1,\"parentId\":null,\"fields\":{\"1\":\"<p>Lorem ipsum dolor sit amet, consectetur adipiscing elit. Integer at diam eu ante tristique commodo. Mauris volutpat, mauris et congue vestibulum, ligula lorem finibus turpis, ut tincidunt mi justo non nunc. Nam finibus tempus vehicula. In vulputate dictum dolor, sed mattis augue fringilla ut. Praesent odio est, commodo eu nisl at, aliquet imperdiet nisl. Nunc suscipit at ante in gravida. Aliquam sollicitudin erat augue, nec mattis lorem eleifend vel. Vestibulum ante ipsum primis in faucibus orci luctus et ultrices posuere cubilia Curae; Morbi faucibus nunc vel massa semper, non condimentum ligula viverra. In tincidunt justo in malesuada cursus. Aliquam facilisis volutpat pretium. Curabitur eget massa ut odio semper semper. Morbi vel orci venenatis, congue eros nec, gravida ipsum.<\\/p>\",\"2\":[\"22\"]}}', '2017-06-01 21:47:29', '2017-06-01 21:47:29', '6e2da98c-123a-44fa-8a1b-3749473975df'),
 ('23', '21', '2', '1', 'en_us', '3', '', '{\"typeId\":\"2\",\"authorId\":\"1\",\"title\":\"Post Number Two\",\"slug\":\"post-number-two\",\"postDate\":1496277000,\"expiryDate\":1498014000,\"enabled\":1,\"parentId\":null,\"fields\":{\"1\":\"<p>Lorem ipsum dolor sit amet, consectetur adipiscing elit. Integer at diam eu ante tristique commodo. Mauris volutpat, mauris et congue vestibulum, ligula lorem finibus turpis, ut tincidunt mi justo non nunc. Nam finibus tempus vehicula. In vulputate dictum dolor, sed mattis augue fringilla ut. Praesent odio est, commodo eu nisl at, aliquet imperdiet nisl. Nunc suscipit at ante in gravida. Aliquam sollicitudin erat augue, nec mattis lorem eleifend vel. Vestibulum ante ipsum primis in faucibus orci luctus et ultrices posuere cubilia Curae; Morbi faucibus nunc vel massa semper, non condimentum ligula viverra. In tincidunt justo in malesuada cursus. Aliquam facilisis volutpat pretium. Curabitur eget massa ut odio semper semper. Morbi vel orci venenatis, congue eros nec, gravida ipsum.<\\/p>\\r\\n<p>This is a title<span><\\/span><\\/p>\\r\\n<p>Vestibulum tempus, neque in semper vestibulum, arcu dui accumsan erat, et hendrerit massa dui nec metus. Sed sagittis varius tortor. Phasellus venenatis ultrices turpis, placerat accumsan orci ullamcorper a. Vestibulum quis ex sit amet odio tristique varius ac nec ligula. Nulla tristique nisi eget dolor vehicula, a pellentesque neque maximus. Pellentesque lorem sapien, bibendum non ex id, pellentesque finibus tellus. Sed vel congue lorem, nec facilisis lacus.<\\/p>\\r\\n<p>Pellentesque eleifend erat ut orci porta, suscipit mattis leo convallis. Mauris interdum feugiat tortor eget vestibulum. Pellentesque consectetur felis at orci luctus, eu facilisis sem ornare. Vivamus facilisis arcu tortor, tempor eleifend purus feugiat eu. Nunc fringilla neque fermentum leo iaculis, at pretium erat vehicula. Sed at nibh et elit venenatis porta. Praesent fermentum mauris at velit tincidunt, sagittis consectetur neque placerat. Ut faucibus ullamcorper ipsum a convallis.<\\/p>\\r\\n\",\"2\":\"\"}}', '2017-06-15 15:45:00', '2017-06-15 15:45:00', 'e25f4959-eb42-4d45-ac30-96fc44a11d20'),
 ('24', '12', '2', '1', 'en_us', '6', '', '{\"typeId\":\"2\",\"authorId\":\"1\",\"title\":\"First Blog Post\",\"slug\":\"test-post\",\"postDate\":1496244600,\"expiryDate\":1502816400,\"enabled\":1,\"parentId\":null,\"fields\":{\"1\":\"<p>Lorem ipsum dolor sit amet, consectetur adipiscing elit. Aliquam mattis justo magna, bibendum finibus arcu vulputate sit amet. Nam laoreet felis non lectus elementum tempus. Mauris id pretium ex. Phasellus a lectus aliquam nisi dapibus convallis vel ut erat. Maecenas malesuada mi non velit imperdiet laoreet. Vivamus facilisis libero vitae velit porta, id sodales quam euismod. Vestibulum pharetra congue mattis. Nulla at ultrices nulla.<\\/p>\\r\\n<p>Fusce et vehicula purus. Sed tempor eros magna, vitae rhoncus nisi scelerisque vel. Aliquam luctus eget mi non iaculis. Interdum et malesuada fames ac ante ipsum primis in faucibus. Nullam magna sapien, consectetur eu iaculis eu, vestibulum sit amet libero. Nullam at ornare metus, laoreet aliquet eros. Proin faucibus, risus a suscipit hendrerit, turpis diam tempor libero, in blandit felis velit in mi. In est libero, pretium sit amet sagittis ultrices, varius eu velit. Vivamus sagittis tincidunt libero, vitae ullamcorper ante pretium ac. Donec euismod elit eu mi ultricies finibus. Fusce accumsan tellus vitae lacus sodales, eu lacinia ligula iaculis. Proin aliquam quam nibh, ac molestie nibh pretium ut. Cras convallis dolor purus, eget lacinia risus volutpat vitae. Nunc laoreet ac ipsum non mollis. Nunc non consequat lacus, a tristique quam. Proin eget aliquam lorem.<\\/p>\",\"2\":[\"20\"]}}', '2017-06-15 20:57:58', '2017-06-15 20:57:58', '9b0ef9a5-ad58-49b1-92fb-45914df6e6fb'),
 ('25', '23', '2', '1', 'en_us', '2', '', '{\"typeId\":\"2\",\"authorId\":\"1\",\"title\":\"Post 3\",\"slug\":\"post-3\",\"postDate\":1496313000,\"expiryDate\":null,\"enabled\":1,\"parentId\":null,\"fields\":{\"1\":\"<p>Lorem ipsum dolor sit amet, consectetur adipiscing elit. Integer at diam eu ante tristique commodo. Mauris volutpat, mauris et congue vestibulum, ligula lorem finibus turpis, ut tincidunt mi justo non nunc. Nam finibus tempus vehicula. In vulputate dictum dolor, sed mattis augue fringilla ut. Praesent odio est, commodo eu nisl at, aliquet imperdiet nisl. Nunc suscipit at ante in gravida. Aliquam sollicitudin erat augue, nec mattis lorem eleifend vel. Vestibulum ante ipsum primis in faucibus orci luctus et ultrices posuere cubilia Curae; Morbi faucibus nunc vel massa semper, non condimentum ligula viverra. In tincidunt justo in malesuada cursus. Aliquam facilisis volutpat pretium. Curabitur eget massa ut odio semper semper. Morbi vel orci venenatis, congue eros nec, gravida ipsum.<\\/p>\",\"6\":[\"24\"],\"2\":[\"22\"]}}', '2017-06-19 16:02:21', '2017-06-19 16:02:21', 'f84e1916-36e4-4c32-92c3-dcc8b990b2f9'),
 ('26', '23', '2', '1', 'en_us', '3', '', '{\"typeId\":\"2\",\"authorId\":\"1\",\"title\":\"Post 3\",\"slug\":\"post-3\",\"postDate\":1496313000,\"expiryDate\":null,\"enabled\":1,\"parentId\":null,\"fields\":{\"1\":\"<figure><img src=\\\"http:\\/\\/shelleyjohnstone.tecture.net\\/images\\/detailsTile.jpg#asset:79\\\"><\\/figure>\\r\\n<p>Lorem ipsum dolor sit amet, consectetur adipiscing elit. Integer at diam eu ante tristique commodo. Mauris volutpat, mauris et congue vestibulum, ligula lorem finibus turpis, ut tincidunt mi justo non nunc. Nam finibus tempus vehicula. In vulputate dictum dolor, sed mattis augue fringilla ut. Praesent odio est, commodo eu nisl at, aliquet imperdiet nisl. Nunc suscipit at ante in gravida. Aliquam sollicitudin erat augue, nec mattis lorem eleifend vel. Vestibulum ante ipsum primis in faucibus orci luctus et ultrices posuere cubilia Curae; Morbi faucibus nunc vel massa semper, non condimentum ligula viverra. In tincidunt justo in malesuada cursus. Aliquam facilisis volutpat pretium. Curabitur eget massa ut odio semper semper. Morbi vel orci venenatis, congue eros nec, gravida ipsum.<\\/p>\",\"6\":[\"24\"],\"2\":[\"22\"]}}', '2017-06-19 18:36:01', '2017-06-19 18:36:01', 'f8d63c01-80e9-4bd8-b609-430c270fe5f3'),
 ('27', '23', '2', '1', 'en_us', '4', '', '{\"typeId\":\"2\",\"authorId\":\"1\",\"title\":\"Post 3\",\"slug\":\"post-3\",\"postDate\":1496313000,\"expiryDate\":null,\"enabled\":1,\"parentId\":null,\"fields\":{\"1\":\"<hr><p><img src=\\\"http:\\/\\/shelleyjohnstone.tecture.net\\/images\\/detailsTile.jpg#asset:79:url\\\" alt=\\\"This is my picture\\\" title=\\\"This is my picture\\\"><\\/p><figcaption>I love this vase<\\/figcaption><br><p>Lorem ipsum dolor sit amet, consectetur adipiscing elit. Integer at diam eu ante tristique commodo. Mauris volutpat, mauris et congue vestibulum, ligula lorem finibus turpis, ut tincidunt mi justo non nunc. Nam finibus tempus vehicula. In vulputate dictum dolor, sed mattis augue fringilla ut. Praesent odio est, commodo eu nisl at, aliquet imperdiet nisl. Nunc suscipit at ante in gravida. Aliquam sollicitudin erat augue, nec mattis lorem eleifend vel. Vestibulum ante ipsum primis in faucibus orci luctus et ultrices posuere cubilia Curae; Morbi faucibus nunc vel massa semper, non condimentum ligula viverra. In tincidunt justo in malesuada cursus. Aliquam facilisis volutpat pretium. Curabitur eget massa ut odio semper semper. Morbi vel orci venenatis, congue eros nec, gravida ipsum.<\\/p>\",\"6\":[\"24\"],\"2\":[\"22\"]}}', '2017-06-19 18:36:56', '2017-06-19 18:36:56', '5bd7e4cc-edba-41ca-ba34-d3dd9af6cbe5'),
 ('28', '23', '2', '1', 'en_us', '5', '', '{\"typeId\":\"2\",\"authorId\":\"1\",\"title\":\"Post 3\",\"slug\":\"post-3\",\"postDate\":1496313000,\"expiryDate\":null,\"enabled\":1,\"parentId\":null,\"fields\":{\"1\":\"<figure><img src=\\\"http:\\/\\/shelleyjohnstone.tecture.net\\/images\\/detailsTile.jpg#asset:79:url\\\" alt=\\\"This is my picture\\\" title=\\\"This is my picture\\\"><figcaption>I love this vase<\\/figcaption><\\/figure>\\r\\n<p><br><\\/p>\\r\\n<p>Lorem ipsum dolor sit amet, consectetur adipiscing elit. Integer at diam eu ante tristique commodo. Mauris volutpat, mauris et congue vestibulum, ligula lorem finibus turpis, ut tincidunt mi justo non nunc. Nam finibus tempus vehicula. In vulputate dictum dolor, sed mattis augue fringilla ut. Praesent odio est, commodo eu nisl at, aliquet imperdiet nisl. Nunc suscipit at ante in gravida. Aliquam sollicitudin erat augue, nec mattis lorem eleifend vel. Vestibulum ante ipsum primis in faucibus orci luctus et ultrices posuere cubilia Curae; Morbi faucibus nunc vel massa semper, non condimentum ligula viverra. In tincidunt justo in malesuada cursus. Aliquam facilisis volutpat pretium. Curabitur eget massa ut odio semper semper. Morbi vel orci venenatis, congue eros nec, gravida ipsum.<\\/p>\",\"6\":[\"24\"],\"2\":[\"22\"]}}', '2017-06-19 18:43:32', '2017-06-19 18:43:32', '101a422b-caff-414f-85b8-86c0667e75e2'),
 ('29', '23', '2', '1', 'en_us', '6', '', '{\"typeId\":\"2\",\"authorId\":\"1\",\"title\":\"Post 3\",\"slug\":\"post-3\",\"postDate\":1496313000,\"expiryDate\":null,\"enabled\":1,\"parentId\":null,\"fields\":{\"1\":\"<p><img src=\\\"http:\\/\\/shelleyjohnstone.tecture.net\\/images\\/detailsTile.jpg#asset:79:url\\\" alt=\\\"This is my picture\\\" title=\\\"This is my picture\\\">I love this vase<br><\\/p><p><br><\\/p>\\r\\n<p>Lorem ipsum dolor sit amet, consectetur adipiscing elit. Integer at diam eu ante tristique commodo. Mauris volutpat, mauris et congue vestibulum, ligula lorem finibus turpis, ut tincidunt mi justo non nunc. Nam finibus tempus vehicula. In vulputate dictum dolor, sed mattis augue fringilla ut. Praesent odio est, commodo eu nisl at, aliquet imperdiet nisl. Nunc suscipit at ante in gravida. Aliquam sollicitudin erat augue, nec mattis lorem eleifend vel. Vestibulum ante ipsum primis in faucibus orci luctus et ultrices posuere cubilia Curae; Morbi faucibus nunc vel massa semper, non condimentum ligula viverra. In tincidunt justo in malesuada cursus. Aliquam facilisis volutpat pretium. Curabitur eget massa ut odio semper semper. Morbi vel orci venenatis, congue eros nec, gravida ipsum.<\\/p>\",\"6\":[\"24\",\"53\"],\"2\":[\"22\"]}}', '2017-06-19 18:45:26', '2017-06-19 18:45:26', '99779bf0-660e-4d6d-aa2b-c1f184598fa2'),
 ('30', '23', '2', '1', 'en_us', '7', '', '{\"typeId\":\"2\",\"authorId\":\"1\",\"title\":\"Post 3\",\"slug\":\"post-3\",\"postDate\":1496313000,\"expiryDate\":null,\"enabled\":1,\"parentId\":null,\"fields\":{\"1\":\"<p><img src=\\\"http:\\/\\/shelleyjohnstone.tecture.net\\/images\\/detailsTile.jpg#asset:79:url\\\" alt=\\\"This is my picture\\\" title=\\\"This is my picture\\\"><\\/p>\\r\\n<p>I love this vase<br><\\/p>\\r\\n<p><br><\\/p>\\r\\n<p>Lorem ipsum dolor sit amet, consectetur adipiscing elit. Integer at diam eu ante tristique commodo. Mauris volutpat, mauris et congue vestibulum, ligula lorem finibus turpis, ut tincidunt mi justo non nunc. Nam finibus tempus vehicula. In vulputate dictum dolor, sed mattis augue fringilla ut. Praesent odio est, commodo eu nisl at, aliquet imperdiet nisl. Nunc suscipit at ante in gravida. Aliquam sollicitudin erat augue, nec mattis lorem eleifend vel. Vesti<\\/p>\\r\\n<figure><img src=\\\"http:\\/\\/shelleyjohnstone.tecture.net\\/images\\/colorTile.jpg#asset:53\\\"><\\/figure>\\r\\n<p><br><\\/p>\\r\\n<p>bulum ante ipsum primis in faucibus orci luctus et ultrices posuere cubilia Curae; Morbi faucibus nunc vel massa semper, non condimentum ligula viverra. In tincidunt justo in malesuada cursus. Aliquam facilisis volutpat pretium. Curabitur eget massa ut odio semper semper. Morbi vel orci venenatis, congue eros nec, gravida ipsum.<\\/p>\",\"6\":[\"24\",\"104\"],\"2\":[\"22\"]}}', '2017-06-19 18:46:34', '2017-06-19 18:46:34', '85478b8d-7faf-4c86-8638-fded1a7777ad'),
 ('31', '23', '2', '1', 'en_us', '8', '', '{\"typeId\":\"2\",\"authorId\":\"1\",\"title\":\"Post 3\",\"slug\":\"post-3\",\"postDate\":1496313000,\"expiryDate\":null,\"enabled\":1,\"parentId\":null,\"fields\":{\"1\":\"<p><img src=\\\"http:\\/\\/shelleyjohnstone.tecture.net\\/images\\/detailsTile.jpg#asset:79:url\\\" alt=\\\"This is my picture\\\" title=\\\"This is my picture\\\"><\\/p>\\r\\n<p>I love this vase<br><\\/p>\\r\\n<p><br><\\/p>\\r\\n<p>Lorem ipsum dolor sit amet, consectetur adipiscing elit. Integer at diam eu ante tristique commodo. Mauris volutpat, mauris et congue vestibulum, ligula lorem finibus turpis, ut tincidunt mi justo non nunc. Nam finibus tempus vehicula. In vulputate dictum dolor, sed mattis augue fringilla ut. Praesent odio est, commodo eu nisl at, aliquet imperdiet nisl. Nunc suscipit at ante in gravida. Aliquam sollicitudin erat augue, nec mattis lorem eleifend vel. Vesti<\\/p>\\r\\n<p><img src=\\\"http:\\/\\/shelleyjohnstone.tecture.net\\/images\\/colorTile.jpg#asset:53:url\\\" alt=\\\"colorTile.jpg#asset:53\\\"><br><\\/p><p><br><\\/p>\\r\\n<p>bulum ante ipsum primis in faucibus orci luctus et ultrices posuere cubilia Curae; Morbi faucibus nunc vel massa semper, non condimentum ligula viverra. In tincidunt justo in malesuada cursus. Aliquam facilisis volutpat pretium. Curabitur eget massa ut odio semper semper. Morbi vel orci venenatis, congue eros nec, gravida ipsum.<\\/p>\",\"6\":\"\",\"2\":[\"22\"]}}', '2017-06-19 18:48:08', '2017-06-19 18:48:08', '12c87429-5f10-47f7-a9bf-17de4897035d'),
 ('32', '23', '2', '1', 'en_us', '9', '', '{\"typeId\":\"2\",\"authorId\":\"1\",\"title\":\"Post 3\",\"slug\":\"post-3\",\"postDate\":1496313000,\"expiryDate\":null,\"enabled\":1,\"parentId\":null,\"fields\":{\"1\":\"<p><img src=\\\"http:\\/\\/shelleyjohnstone.tecture.net\\/images\\/detailsTile.jpg#asset:79:url\\\" alt=\\\"This is my picture\\\" title=\\\"This is my picture\\\"><\\/p>\\r\\n<p>I love this vase<br><\\/p>\\r\\n<p><br><\\/p>\\r\\n<p><strong>Lorem ipsum<\\/strong>&nbsp;<\\/p><p>dolor sit amet, consectetur adipiscing elit. Integer at diam eu ante tristique commodo. Mauris volutpat, mauris et congue vestibulum, ligula lorem finibus turpis, ut tincidunt mi justo non nunc. Nam finibus tempus vehicula. In vulputate dictum dolor, sed mattis augue fringilla ut. Praesent odio est, commodo eu nisl at, aliquet imperdiet nisl. Nunc suscipit at ante in gravida. Aliquam sollicitudin erat augue, nec mattis lorem eleifend vel. Vesti<\\/p>\\r\\n<p><img src=\\\"http:\\/\\/shelleyjohnstone.tecture.net\\/images\\/colorTile.jpg#asset:53:url\\\" alt=\\\"colorTile.jpg#asset:53\\\"><br><\\/p>\\r\\n<p><br><\\/p>\\r\\n<p><strong>bulum ante<\\/strong>&nbsp;<\\/p><p>ipsum primis in faucibus orci luctus et ultrices posuere cubilia Curae; Morbi faucibus nunc vel massa semper, non condimentum ligula viverra. In tincidunt justo in malesuada cursus. Aliquam facilisis volutpat pretium. Curabitur eget massa ut odio semper semper. Morbi vel orci venenatis, congue eros nec, gravida ipsum.<\\/p>\",\"6\":\"\",\"8\":\"This is my house design\",\"7\":\"This is my chair design\",\"2\":[\"22\"]}}', '2017-06-19 19:13:03', '2017-06-19 19:13:03', 'fbca542d-0a6b-45f1-87ab-127ea1a4e1a5'),
 ('33', '23', '2', '1', 'en_us', '10', '', '{\"typeId\":\"2\",\"authorId\":\"1\",\"title\":\"Post 3\",\"slug\":\"post-3\",\"postDate\":1496313000,\"expiryDate\":null,\"enabled\":1,\"parentId\":null,\"fields\":{\"1\":\"<p><img src=\\\"http:\\/\\/shelleyjohnstone.tecture.net\\/images\\/detailsTile.jpg#asset:79:url\\\" alt=\\\"This is my picture\\\" title=\\\"This is my picture\\\"><\\/p>\\r\\n<p>I love this vase<br><\\/p>\\r\\n<p><br><\\/p>\\r\\n<p><strong>Lorem ipsum<\\/strong>&nbsp;<\\/p>\\r\\n<p>dolor sit amet, consectetur adipiscing elit. Integer at diam eu ante tristique commodo. Mauris volutpat, mauris et congue vestibulum, ligula lorem finibus turpis, ut tincidunt mi justo non nunc. Nam finibus tempus vehicula. In vulputate dictum dolor, sed mattis augue fringilla ut. Praesent odio est, commodo eu nisl at, aliquet imperdiet nisl. Nunc suscipit at ante in gravida. Aliquam sollicitudin erat augue, nec mattis lorem eleifend vel. Vesti<\\/p>\\r\\n<p><img src=\\\"http:\\/\\/shelleyjohnstone.tecture.net\\/images\\/colorTile.jpg#asset:53:url\\\" alt=\\\"colorTile.jpg#asset:53\\\"><br><\\/p>\\r\\n<p><br><\\/p>\\r\\n<p><strong>bulum ante<\\/strong>&nbsp;<\\/p>\\r\\n<p>ipsum primis in faucibus orci luctus et ultrices posuere cubilia Curae; Morbi faucibus nunc vel massa semper, non condimentum ligula viverra. In tincidunt justo in malesuada cursus. Aliquam facilisis volutpat pretium. Curabitur eget massa ut odio semper semper. Morbi vel orci venenatis, congue eros nec, gravida ipsum.<\\/p>\",\"6\":\"\",\"8\":\"This is my house design\",\"7\":\"This is my chair design\",\"2\":[\"22\"]}}', '2017-06-19 20:16:07', '2017-06-19 20:16:07', 'bf210005-de83-4596-af0a-b032113063cb'),
 ('34', '23', '2', '1', 'en_us', '11', '', '{\"typeId\":\"2\",\"authorId\":\"1\",\"title\":\"Post 3\",\"slug\":\"post-3\",\"postDate\":1496313000,\"expiryDate\":null,\"enabled\":1,\"parentId\":null,\"fields\":{\"1\":\"<p><img src=\\\"http:\\/\\/shelleyjohnstone.tecture.net\\/images\\/detailsTile.jpg#asset:79:url\\\" alt=\\\"This is my picture\\\" title=\\\"This is my picture\\\"><\\/p>\\r\\n<p>I love this vase<br><\\/p>\\r\\n<p><br><\\/p>\\r\\n<p><strong>Lorem ipsum<\\/strong>&nbsp;<\\/p>\\r\\n<p>dolor sit amet, consectetur adipiscing elit. Integer at diam eu ante tristique commodo. Mauris volutpat, mauris et congue vestibulum, ligula lorem finibus turpis, ut tincidunt mi justo non nunc. Nam finibus tempus vehicula. In vulputate dictum dolor, sed mattis augue fringilla ut. Praesent odio est, commodo eu nisl at, aliquet imperdiet nisl. Nunc suscipit at ante in gravida. Aliquam sollicitudin erat augue, nec mattis lorem eleifend vel. <a href=\\\"http:\\/\\/www.google.com\\\">Vesti<\\/a><\\/p>\\r\\n<p><img src=\\\"http:\\/\\/shelleyjohnstone.tecture.net\\/images\\/colorTile.jpg#asset:53:url\\\" alt=\\\"colorTile.jpg#asset:53\\\"><br><\\/p>\\r\\n<p><br><\\/p>\\r\\n<p><strong>bulum ante<\\/strong>&nbsp;<\\/p>\\r\\n<p>ipsum primis in faucibus orci luctus et ultrices posuere cubilia Curae; Morbi faucibus nunc vel massa semper, non condimentum ligula viverra. In tincidunt justo in malesuada cursus. Aliquam facilisis volutpat pretium. Curabitur eget massa ut odio semper semper. Morbi vel orci venenatis, congue eros nec, gravida ipsum.<\\/p>\",\"6\":\"\",\"8\":\"This is my house design\",\"7\":\"This is my chair design\",\"2\":[\"22\"]}}', '2017-06-19 20:19:35', '2017-06-19 20:19:35', 'abd0bf88-66f7-489f-952b-ca3219c32c89'),
 ('35', '23', '2', '1', 'en_us', '12', '', '{\"typeId\":\"2\",\"authorId\":\"1\",\"title\":\"Post 3\",\"slug\":\"post-3\",\"postDate\":1496313000,\"expiryDate\":null,\"enabled\":1,\"parentId\":null,\"fields\":{\"1\":\"<p><img src=\\\"http:\\/\\/shelleyjohnstone.tecture.net\\/images\\/detailsTile.jpg#asset:79:url\\\" alt=\\\"This is my picture\\\" title=\\\"This is my picture\\\"><\\/p>\\r\\n<p>I love this vase<br><\\/p>\\r\\n<p><br><\\/p>\\r\\n<h2>Lorem ipsum&nbsp;<\\/h2>\\r\\n<h3>Lorem ipsum<\\/h3>\\r\\n<h4>Lorem ipsum<\\/h4>\\r\\n<h5>Lorem ipsum<\\/h5>\\r\\n<p>dolor sit amet, consectetur adipiscing elit. Integer at diam eu ante tristique commodo. Mauris volutpat, mauris et congue vestibulum, ligula lorem finibus turpis, ut tincidunt mi justo non nunc. Nam finibus tempus vehicula. In vulputate dictum dolor, sed mattis augue fringilla ut. Praesent odio est, commodo eu nisl at, aliquet imperdiet nisl. Nunc suscipit at ante in gravida. Aliquam sollicitudin erat augue, nec mattis lorem eleifend vel. <a href=\\\"http:\\/\\/www.google.com\\\">Vesti<\\/a><\\/p>\\r\\n<p><img src=\\\"http:\\/\\/shelleyjohnstone.tecture.net\\/images\\/colorTile.jpg#asset:53:url\\\" alt=\\\"colorTile.jpg#asset:53\\\"><br><\\/p>\\r\\n<p><br><\\/p>\\r\\n<p><strong>bulum ante<\\/strong>&nbsp;<\\/p>\\r\\n<p>ipsum primis in faucibus orci luctus et ultrices posuere cubilia Curae; Morbi faucibus nunc vel massa semper, non condimentum ligula viverra. In tincidunt justo in malesuada cursus. Aliquam facilisis volutpat pretium. Curabitur eget massa ut odio semper semper. Morbi vel orci venenatis, congue eros nec, gravida ipsum.<\\/p>\",\"6\":\"\",\"8\":\"This is my house design\",\"7\":\"This is my chair design\",\"2\":[\"22\"]}}', '2017-06-19 20:59:32', '2017-06-19 20:59:32', 'a26d152f-4cfc-44e7-8cce-2301513cbe15'),
 ('36', '23', '2', '1', 'en_us', '13', '', '{\"typeId\":\"2\",\"authorId\":\"1\",\"title\":\"Post 3\",\"slug\":\"post-3\",\"postDate\":1496313000,\"expiryDate\":null,\"enabled\":1,\"parentId\":null,\"fields\":{\"1\":\"<p><img src=\\\"http:\\/\\/shelleyjohnstone.tecture.net\\/images\\/detailsTile.jpg#asset:79:url\\\" alt=\\\"This is my picture\\\" title=\\\"This is my picture\\\"><\\/p>\\r\\n<p>I love this vase<br><\\/p>\\r\\n<p><br><\\/p>\\r\\n<h2>Lorem ipsum&nbsp;<\\/h2>\\r\\n<h3>Lorem ipsum<\\/h3>\\r\\n<h4>Lorem ipsum<\\/h4>\\r\\n<h5>Lorem ipsum<\\/h5>\\r\\n<p>dolor sit amet, consectetur adipiscing elit. Integer at diam eu ante tristique commodo. Mauris volutpat, mauris et congue vestibulum, ligula lorem finibus turpis, ut tincidunt mi justo non nunc. Nam finibus tempus vehicula. In vulputate dictum dolor, sed mattis augue fringilla ut. Praesent odio est, commodo eu nisl at, aliquet imperdiet nisl. Nunc suscipit at ante in gravida. Aliquam sollicitudin erat augue, nec mattis lorem eleifend vel. <a href=\\\"http:\\/\\/www.google.com\\\">Vesti<\\/a><\\/p>\\r\\n<p><img src=\\\"http:\\/\\/shelleyjohnstone.tecture.net\\/images\\/colorTile.jpg#asset:53:url\\\" alt=\\\"colorTile.jpg#asset:53\\\"><br><\\/p>\\r\\n<p><br><\\/p>\\r\\n<p><strong>bulum ante<\\/strong>&nbsp;<\\/p>\\r\\n<p>ipsum primis in faucibus orci luctus et ultrices posuere cubilia Curae; Morbi faucibus nunc vel massa semper, non condimentum ligula viverra. In tincidunt justo in malesuada cursus. Aliquam facilisis volutpat pretium. Curabitur eget massa ut odio semper semper. Morbi vel orci venenatis, congue eros nec, gravida ipsum.<\\/p>\",\"6\":\"\",\"9\":\"<h3>This should be a side column<\\/h3>\",\"2\":[\"22\"]}}', '2017-06-19 21:39:35', '2017-06-19 21:39:35', '0d78b58f-633e-41dd-ac40-aa16b31bdd9c'),
 ('37', '23', '2', '1', 'en_us', '14', '', '{\"typeId\":\"2\",\"authorId\":\"1\",\"title\":\"Post 3\",\"slug\":\"post-3\",\"postDate\":1496313000,\"expiryDate\":null,\"enabled\":1,\"parentId\":null,\"fields\":{\"1\":\"<p><img src=\\\"http:\\/\\/shelleyjohnstone.tecture.net\\/images\\/detailsTile.jpg#asset:79:url\\\" alt=\\\"This is my picture\\\" title=\\\"This is my picture\\\"><\\/p>\\r\\n<p>I love this vase<br><\\/p>\\r\\n<p><br><\\/p>\\r\\n<h2>Lorem ipsum&nbsp;<\\/h2>\\r\\n<h3>Lorem ipsum<\\/h3>\\r\\n<h4>Lorem ipsum<\\/h4>\\r\\n<h5>Lorem ipsum<\\/h5>\\r\\n<p>dolor sit amet, consectetur adipiscing elit. Integer at diam eu ante tristique commodo. Mauris volutpat, mauris et congue vestibulum, ligula lorem finibus turpis, ut tincidunt mi justo non nunc. Nam finibus tempus vehicula. In vulputate dictum dolor, sed mattis augue fringilla ut. Praesent odio est, commodo eu nisl at, aliquet imperdiet nisl. Nunc suscipit at ante in gravida. Aliquam sollicitudin erat augue, nec mattis lorem eleifend vel. <a href=\\\"http:\\/\\/www.google.com\\\">Vesti<\\/a><\\/p>\\r\\n<p><img src=\\\"http:\\/\\/shelleyjohnstone.tecture.net\\/images\\/colorTile.jpg#asset:53:url\\\" alt=\\\"colorTile.jpg#asset:53\\\"><br><\\/p>\\r\\n<p><br><\\/p>\\r\\n<p><strong>bulum ante<\\/strong>&nbsp;<\\/p>\\r\\n<p>ipsum primis in faucibus orci luctus et ultrices posuere cubilia Curae; Morbi faucibus nunc vel massa semper, non condimentum ligula viverra. In tincidunt justo in malesuada cursus. Aliquam facilisis volutpat pretium. Curabitur eget massa ut odio semper semper. Morbi vel orci venenatis, congue eros nec, gravida ipsum.<\\/p>\",\"6\":\"\",\"9\":\"<h3>This should be a side column<\\/h3>\",\"2\":[\"22\"]}}', '2017-06-19 21:51:35', '2017-06-19 21:51:35', '547fffcc-8f49-40d0-b5f2-8940ef4ed58c'),
 ('38', '23', '2', '1', 'en_us', '15', '', '{\"typeId\":\"2\",\"authorId\":\"1\",\"title\":\"Post 3\",\"slug\":\"post-3\",\"postDate\":1496313000,\"expiryDate\":null,\"enabled\":1,\"parentId\":null,\"fields\":{\"1\":\"<p><img src=\\\"http:\\/\\/shelleyjohnstone.tecture.net\\/images\\/detailsTile.jpg#asset:79:url\\\" alt=\\\"This is my picture\\\" title=\\\"This is my picture\\\"><\\/p>\\r\\n<p>I love this vase<br><\\/p>\\r\\n<p><br><\\/p>\\r\\n<h2>Lorem ipsum&nbsp;<\\/h2>\\r\\n<h3>Lorem ipsum<\\/h3>\\r\\n<h4>Lorem ipsum<\\/h4>\\r\\n<h5>Lorem ipsum<\\/h5>\\r\\n<p>dolor sit amet, consectetur adipiscing elit. Integer at diam eu ante tristique commodo. Mauris volutpat, mauris et congue vestibulum, ligula lorem finibus turpis, ut tincidunt mi justo non nunc. Nam finibus tempus vehicula. In vulputate dictum dolor, sed mattis augue fringilla ut. Praesent odio est, commodo eu nisl at, aliquet imperdiet nisl. Nunc suscipit at ante in gravida. Aliquam sollicitudin erat augue, nec mattis lorem eleifend vel. <a href=\\\"http:\\/\\/www.google.com\\\">Vesti<\\/a><\\/p>\\r\\n<p><img src=\\\"http:\\/\\/shelleyjohnstone.tecture.net\\/images\\/colorTile.jpg#asset:53:url\\\" alt=\\\"colorTile.jpg#asset:53\\\"><br><\\/p>\\r\\n<p><br><\\/p>\\r\\n<p><strong>bulum ante<\\/strong>&nbsp;<\\/p>\\r\\n<p><br><\\/p>\",\"6\":\"\",\"10\":{\"new3\":{\"type\":\"image\",\"enabled\":\"1\",\"fields\":{\"myImage\":[\"285\"],\"align\":\"center\",\"myTags\":[\"286\",\"287\",\"288\",\"289\"]}},\"new1\":{\"type\":\"text\",\"enabled\":\"1\",\"fields\":{\"myText\":\"<h3>This is a title<\\/h3><p>ipsum primis in faucibus orci luctus et ultrices posuere cubilia Curae; Morbi faucibus nunc vel massa semper, non condimentum ligula viverra. In tincidunt justo in malesuada cursus. Aliquam facilisis volutpat pretium. Curabitur eget massa ut odio semper semper. Morbi vel orci venenatis, congue eros nec, gravida ipsum.<\\/p>\",\"align\":\"left\"}},\"new2\":{\"type\":\"image\",\"enabled\":\"1\",\"fields\":{\"myImage\":\"\",\"align\":\"left\",\"myTags\":\"\"}}},\"2\":[\"22\"]}}', '2017-06-21 14:22:16', '2017-06-21 14:22:16', 'ae3b3672-e743-49c3-96a6-02121828166f'),
 ('39', '23', '2', '1', 'en_us', '16', '', '{\"typeId\":\"2\",\"authorId\":\"1\",\"title\":\"Post 3\",\"slug\":\"post-3\",\"postDate\":1496313000,\"expiryDate\":null,\"enabled\":1,\"parentId\":null,\"fields\":{\"1\":\"<p><img src=\\\"http:\\/\\/shelleyjohnstone.tecture.net\\/images\\/detailsTile.jpg#asset:79:url\\\" alt=\\\"This is my picture\\\" title=\\\"This is my picture\\\"><\\/p>\\r\\n<p>I love this vase<br><\\/p>\\r\\n<p><br><\\/p>\\r\\n<h2>Lorem ipsum&nbsp;<\\/h2>\\r\\n<h3>Lorem ipsum<\\/h3>\\r\\n<h4>Lorem ipsum<\\/h4>\\r\\n<h5>Lorem ipsum<\\/h5>\\r\\n<p>dolor sit amet, consectetur adipiscing elit. Integer at diam eu ante tristique commodo. Mauris volutpat, mauris et congue vestibulum, ligula lorem finibus turpis, ut tincidunt mi justo non nunc. Nam finibus tempus vehicula. In vulputate dictum dolor, sed mattis augue fringilla ut. Praesent odio est, commodo eu nisl at, aliquet imperdiet nisl. Nunc suscipit at ante in gravida. Aliquam sollicitudin erat augue, nec mattis lorem eleifend vel. <a href=\\\"http:\\/\\/www.google.com\\\">Vesti<\\/a><\\/p>\\r\\n<p><img src=\\\"http:\\/\\/shelleyjohnstone.tecture.net\\/images\\/colorTile.jpg#asset:53:url\\\" alt=\\\"colorTile.jpg#asset:53\\\"><br><\\/p>\\r\\n<p><br><\\/p>\\r\\n<p><strong>bulum ante<\\/strong>&nbsp;<\\/p>\\r\\n<p><br><\\/p>\",\"6\":\"\",\"10\":{\"290\":{\"type\":\"image\",\"enabled\":\"1\",\"fields\":{\"myImage\":[\"285\"],\"align\":\"center\",\"myTags\":[\"286\",\"287\",\"288\",\"289\"]}},\"291\":{\"type\":\"text\",\"enabled\":\"1\",\"fields\":{\"myText\":\"<h3>This is a title<\\/h3>\\r\\n<p>ipsum primis in faucibus orci luctus et ultrices posuere cubilia Curae; Morbi faucibus nunc vel massa semper, non condimentum ligula viverra. In tincidunt justo in malesuada cursus. Aliquam facilisis volutpat pretium. Curabitur eget massa ut odio semper semper. Morbi vel orci venenatis, congue eros nec, gravida ipsum.<\\/p>\",\"align\":\"left\"}},\"292\":{\"type\":\"image\",\"enabled\":\"1\",\"fields\":{\"myImage\":[\"293\"],\"align\":\"right\",\"myTags\":[\"294\"]}}},\"2\":[\"22\"]}}', '2017-06-21 15:38:11', '2017-06-21 15:38:11', 'd09dae2b-4597-42d7-bf7c-2de9bb6ecb89'),
 ('40', '23', '2', '1', 'en_us', '17', '', '{\"typeId\":\"2\",\"authorId\":\"1\",\"title\":\"Post 3\",\"slug\":\"post-3\",\"postDate\":1496313000,\"expiryDate\":null,\"enabled\":1,\"parentId\":null,\"fields\":{\"1\":\"<p><img src=\\\"http:\\/\\/shelleyjohnstone.tecture.net\\/images\\/detailsTile.jpg#asset:79:url\\\" alt=\\\"This is my picture\\\" title=\\\"This is my picture\\\"><\\/p>\\r\\n<p>I love this vase<br><\\/p>\\r\\n<p><br><\\/p>\\r\\n<h2>Lorem ipsum&nbsp;<\\/h2>\\r\\n<h3>Lorem ipsum<\\/h3>\\r\\n<h4>Lorem ipsum<\\/h4>\\r\\n<h5>Lorem ipsum<\\/h5>\\r\\n<p>dolor sit amet, consectetur adipiscing elit. Integer at diam eu ante tristique commodo. Mauris volutpat, mauris et congue vestibulum, ligula lorem finibus turpis, ut tincidunt mi justo non nunc. Nam finibus tempus vehicula. In vulputate dictum dolor, sed mattis augue fringilla ut. Praesent odio est, commodo eu nisl at, aliquet imperdiet nisl. Nunc suscipit at ante in gravida. Aliquam sollicitudin erat augue, nec mattis lorem eleifend vel. <a href=\\\"http:\\/\\/www.google.com\\\">Vesti<\\/a><\\/p>\\r\\n<p><img src=\\\"http:\\/\\/shelleyjohnstone.tecture.net\\/images\\/colorTile.jpg#asset:53:url\\\" alt=\\\"colorTile.jpg#asset:53\\\"><br><\\/p>\\r\\n<p><br><\\/p>\\r\\n<p><strong>bulum ante<\\/strong>&nbsp;<\\/p>\\r\\n<p><br><\\/p>\",\"6\":\"\",\"10\":{\"290\":{\"type\":\"image\",\"enabled\":\"1\",\"fields\":{\"myImage\":[\"285\"],\"align\":\"center\",\"myTags\":[\"286\",\"287\",\"288\",\"289\"]}},\"291\":{\"type\":\"text\",\"enabled\":\"1\",\"fields\":{\"myText\":\"<h3>This is a title<\\/h3>\\r\\n<p>ipsum primis in faucibus orci luctus et ultrices posuere cubilia Curae; Morbi faucibus nunc vel massa semper, non condimentum ligula viverra. In tincidunt justo in malesuada cursus. Aliquam facilisis volutpat pretium. Curabitur eget massa ut odio semper semper. Morbi vel orci venenatis, congue eros nec, gravida ipsum.<\\/p>\",\"align\":\"left\"}},\"292\":{\"type\":\"image\",\"enabled\":\"1\",\"fields\":{\"myImage\":[\"293\"],\"align\":\"right\",\"myTags\":[\"294\"]}}},\"2\":[\"22\"]}}', '2017-06-21 15:40:39', '2017-06-21 15:40:39', '46ca4ad4-0eef-43ec-b6c1-12770bfdb345'),
 ('41', '23', '2', '1', 'en_us', '18', '', '{\"typeId\":\"2\",\"authorId\":\"1\",\"title\":\"Post 3\",\"slug\":\"post-3\",\"postDate\":1496313000,\"expiryDate\":null,\"enabled\":1,\"parentId\":null,\"fields\":{\"1\":\"<p><img src=\\\"http:\\/\\/shelleyjohnstone.tecture.net\\/images\\/detailsTile.jpg#asset:79:url\\\" alt=\\\"This is my picture\\\" title=\\\"This is my picture\\\"><\\/p>\\r\\n<p>I love this vase<br><\\/p>\\r\\n<p><br><\\/p>\\r\\n<h2>Lorem ipsum&nbsp;<\\/h2>\\r\\n<h3>Lorem ipsum<\\/h3>\\r\\n<h4>Lorem ipsum<\\/h4>\\r\\n<h5>Lorem ipsum<\\/h5>\\r\\n<p>dolor sit amet, consectetur adipiscing elit. Integer at diam eu ante tristique commodo. Mauris volutpat, mauris et congue vestibulum, ligula lorem finibus turpis, ut tincidunt mi justo non nunc. Nam finibus tempus vehicula. In vulputate dictum dolor, sed mattis augue fringilla ut. Praesent odio est, commodo eu nisl at, aliquet imperdiet nisl. Nunc suscipit at ante in gravida. Aliquam sollicitudin erat augue, nec mattis lorem eleifend vel. <a href=\\\"http:\\/\\/www.google.com\\\">Vesti<\\/a><\\/p>\\r\\n<p><img src=\\\"http:\\/\\/shelleyjohnstone.tecture.net\\/images\\/colorTile.jpg#asset:53:url\\\" alt=\\\"colorTile.jpg#asset:53\\\"><br><\\/p>\\r\\n<p><br><\\/p>\\r\\n<p><strong>bulum ante<\\/strong>&nbsp;<\\/p>\\r\\n<p><br><\\/p>\",\"6\":\"\",\"10\":{\"290\":{\"type\":\"image\",\"enabled\":\"1\",\"fields\":{\"myImage\":[\"285\"],\"align\":\"center\",\"myTags\":[\"286\",\"287\",\"288\",\"289\"]}},\"291\":{\"type\":\"text\",\"enabled\":\"1\",\"fields\":{\"myText\":\"<h3>This is a title<\\/h3>\\r\\n<p>ipsum primis in faucibus orci luctus et ultrices posuere cubilia Curae; Morbi faucibus nunc vel massa semper, non condimentum ligula viverra. In tincidunt justo in malesuada cursus. Aliquam facilisis volutpat pretium. Curabitur eget massa ut odio semper semper. Morbi vel orci venenatis, congue eros nec, gravida ipsum.<\\/p>\",\"align\":\"left\"}},\"292\":{\"type\":\"image\",\"enabled\":\"1\",\"fields\":{\"myImage\":[\"293\"],\"align\":\"right\",\"myTags\":[\"294\"]}}},\"2\":[\"22\"]}}', '2017-06-21 15:51:13', '2017-06-21 15:51:13', 'e5fdc639-0699-4e0c-97df-0070602fdb10'),
 ('42', '23', '2', '1', 'en_us', '19', '', '{\"typeId\":\"2\",\"authorId\":\"1\",\"title\":\"Title of blog post goes here\",\"slug\":\"post-3\",\"postDate\":1496313000,\"expiryDate\":null,\"enabled\":1,\"parentId\":null,\"fields\":{\"1\":\"<p><img src=\\\"http:\\/\\/shelleyjohnstone.tecture.net\\/images\\/detailsTile.jpg#asset:79:url\\\" alt=\\\"This is my picture\\\" title=\\\"This is my picture\\\"><\\/p>\\r\\n<p>I love this vase<br><\\/p>\\r\\n<p><br><\\/p>\\r\\n<h2>Lorem ipsum&nbsp;<\\/h2>\\r\\n<h3>Lorem ipsum<\\/h3>\\r\\n<h4>Lorem ipsum<\\/h4>\\r\\n<h5>Lorem ipsum<\\/h5>\\r\\n<p>dolor sit amet, consectetur adipiscing elit. Integer at diam eu ante tristique commodo. Mauris volutpat, mauris et congue vestibulum, ligula lorem finibus turpis, ut tincidunt mi justo non nunc. Nam finibus tempus vehicula. In vulputate dictum dolor, sed mattis augue fringilla ut. Praesent odio est, commodo eu nisl at, aliquet imperdiet nisl. Nunc suscipit at ante in gravida. Aliquam sollicitudin erat augue, nec mattis lorem eleifend vel. <a href=\\\"http:\\/\\/www.google.com\\\">Vesti<\\/a><\\/p>\\r\\n<p><img src=\\\"http:\\/\\/shelleyjohnstone.tecture.net\\/images\\/colorTile.jpg#asset:53:url\\\" alt=\\\"colorTile.jpg#asset:53\\\"><br><\\/p>\\r\\n<p><br><\\/p>\\r\\n<p><strong>bulum ante<\\/strong>&nbsp;<\\/p>\\r\\n<p><br><\\/p>\",\"6\":\"\",\"10\":{\"290\":{\"type\":\"image\",\"enabled\":\"1\",\"fields\":{\"myImage\":[\"285\"],\"align\":\"center\",\"myTags\":[\"286\",\"287\",\"288\",\"289\"]}},\"291\":{\"type\":\"text\",\"enabled\":\"1\",\"fields\":{\"myText\":\"<h3>This is a title<\\/h3>\\r\\n<p>ipsum primis in faucibus orci luctus et ultrices posuere cubilia Curae; Morbi faucibus nunc vel massa semper, non condimentum ligula viverra. In tincidunt justo in malesuada cursus. Aliquam facilisis volutpat pretium. Curabitur eget massa ut odio semper semper. Morbi vel orci venenatis, congue eros nec, gravida ipsum.<\\/p>\",\"align\":\"left\"}},\"292\":{\"type\":\"image\",\"enabled\":\"1\",\"fields\":{\"myImage\":[\"293\"],\"align\":\"right\",\"myTags\":[\"294\"]}}},\"2\":[\"22\"]}}', '2017-06-21 16:32:15', '2017-06-21 16:32:15', '910e1ad9-e575-413e-a165-1abde9087e81'),
 ('43', '23', '2', '1', 'en_us', '20', '', '{\"typeId\":\"2\",\"authorId\":\"1\",\"title\":\"Title of blog post goes here\",\"slug\":\"post-3\",\"postDate\":1496313000,\"expiryDate\":null,\"enabled\":1,\"parentId\":null,\"fields\":{\"1\":\"<p><img src=\\\"http:\\/\\/shelleyjohnstone.tecture.net\\/images\\/detailsTile.jpg#asset:79:url\\\" alt=\\\"This is my picture\\\" title=\\\"This is my picture\\\"><\\/p>\\r\\n<p>I love this vase<br><\\/p>\\r\\n<p><br><\\/p>\\r\\n<h2>Lorem ipsum&nbsp;<\\/h2>\\r\\n<h3>Lorem ipsum<\\/h3>\\r\\n<h4>Lorem ipsum<\\/h4>\\r\\n<h5>Lorem ipsum<\\/h5>\\r\\n<p>dolor sit amet, consectetur adipiscing elit. Integer at diam eu ante tristique commodo. Mauris volutpat, mauris et congue vestibulum, ligula lorem finibus turpis, ut tincidunt mi justo non nunc. Nam finibus tempus vehicula. In vulputate dictum dolor, sed mattis augue fringilla ut. Praesent odio est, commodo eu nisl at, aliquet imperdiet nisl. Nunc suscipit at ante in gravida. Aliquam sollicitudin erat augue, nec mattis lorem eleifend vel. <a href=\\\"http:\\/\\/www.google.com\\\">Vesti<\\/a><\\/p>\\r\\n<p><img src=\\\"http:\\/\\/shelleyjohnstone.tecture.net\\/images\\/colorTile.jpg#asset:53:url\\\" alt=\\\"colorTile.jpg#asset:53\\\"><br><\\/p>\\r\\n<p><br><\\/p>\\r\\n<p><strong>bulum ante<\\/strong>&nbsp;<\\/p>\\r\\n<p><br><\\/p>\",\"6\":\"\",\"10\":{\"290\":{\"type\":\"image\",\"enabled\":\"1\",\"fields\":{\"myImage\":[\"285\"],\"align\":\"center\",\"myTags\":[\"286\",\"287\",\"288\",\"289\"]}},\"291\":{\"type\":\"text\",\"enabled\":\"1\",\"fields\":{\"myText\":\"<h3>This is a title<\\/h3>\\r\\n<p>ipsum primis in faucibus orci luctus et ultrices posuere cubilia Curae; Morbi faucibus nunc vel massa semper, non condimentum ligula viverra. In tincidunt justo in malesuada cursus. Aliquam facilisis volutpat pretium. Curabitur eget massa ut odio semper semper. Morbi vel orci venenatis, congue eros nec, gravida ipsum.<\\/p>\",\"align\":\"left\"}},\"292\":{\"type\":\"image\",\"enabled\":\"1\",\"fields\":{\"myImage\":[\"293\"],\"align\":\"right\",\"myTags\":[\"294\"]}}},\"2\":[\"22\"]}}', '2017-06-21 16:32:49', '2017-06-21 16:32:49', 'cc07f462-8010-40e7-8209-b30ba69f6b6f'),
 ('44', '23', '2', '1', 'en_us', '21', '', '{\"typeId\":\"2\",\"authorId\":\"1\",\"title\":\"Title of blog post goes here\",\"slug\":\"post-3\",\"postDate\":1496313000,\"expiryDate\":null,\"enabled\":1,\"parentId\":null,\"fields\":{\"1\":\"<p><img src=\\\"http:\\/\\/shelleyjohnstone.tecture.net\\/images\\/detailsTile.jpg#asset:79:url\\\" alt=\\\"This is my picture\\\" title=\\\"This is my picture\\\"><\\/p>\\r\\n<p>I love this vase<br><\\/p>\\r\\n<p><br><\\/p>\\r\\n<h2>Lorem ipsum&nbsp;<\\/h2>\\r\\n<h3>Lorem ipsum<\\/h3>\\r\\n<h4>Lorem ipsum<\\/h4>\\r\\n<h5>Lorem ipsum<\\/h5>\\r\\n<p>dolor sit amet, consectetur adipiscing elit. Integer at diam eu ante tristique commodo. Mauris volutpat, mauris et congue vestibulum, ligula lorem finibus turpis, ut tincidunt mi justo non nunc. Nam finibus tempus vehicula. In vulputate dictum dolor, sed mattis augue fringilla ut. Praesent odio est, commodo eu nisl at, aliquet imperdiet nisl. Nunc suscipit at ante in gravida. Aliquam sollicitudin erat augue, nec mattis lorem eleifend vel. <a href=\\\"http:\\/\\/www.google.com\\\">Vesti<\\/a><\\/p>\\r\\n<p><img src=\\\"http:\\/\\/shelleyjohnstone.tecture.net\\/images\\/colorTile.jpg#asset:53:url\\\" alt=\\\"colorTile.jpg#asset:53\\\"><br><\\/p>\\r\\n<p><br><\\/p>\\r\\n<p><strong>bulum ante<\\/strong>&nbsp;<\\/p>\\r\\n<p><br><\\/p>\",\"6\":\"\",\"10\":{\"290\":{\"type\":\"image\",\"enabled\":\"1\",\"fields\":{\"myImage\":[\"285\"],\"align\":\"center\",\"myTags\":[\"286\",\"287\",\"288\",\"289\"]}},\"291\":{\"type\":\"text\",\"enabled\":\"1\",\"fields\":{\"myText\":\"<figure><img src=\\\"http:\\/\\/shelleyjohnstone.tecture.net\\/images\\/_column\\/about_karen.jpg#asset:27:column\\\"><\\/figure><h3>This is a title<\\/h3>\\r\\n<p>ipsum primis in faucibus orci luctus et ultrices posuere cubilia Curae; Morbi faucibus nunc vel massa semper, non condimentum ligula viverra. In tincidunt justo in malesuada cursus. Aliquam facilisis volutpat pretium. Curabitur eget massa ut odio semper semper. Morbi vel orci venenatis, congue eros nec, gravida ipsum.<\\/p>\",\"align\":\"left\"}},\"292\":{\"type\":\"image\",\"enabled\":\"1\",\"fields\":{\"myImage\":[\"293\"],\"align\":\"right\",\"myTags\":[\"294\"]}},\"new1\":{\"type\":\"image\",\"enabled\":\"1\",\"fields\":{\"myImage\":\"\",\"align\":\"left\",\"myTags\":\"\"}}},\"2\":[\"22\"]}}', '2017-06-26 14:43:12', '2017-06-26 14:43:12', '95a07420-eade-4741-8178-3b6ab5a3f467'),
 ('45', '23', '2', '1', 'en_us', '22', '', '{\"typeId\":\"2\",\"authorId\":\"1\",\"title\":\"Title of blog post goes here\",\"slug\":\"post-3\",\"postDate\":1496313000,\"expiryDate\":null,\"enabled\":1,\"parentId\":null,\"fields\":{\"1\":\"<p><img src=\\\"http:\\/\\/shelleyjohnstone.tecture.net\\/images\\/detailsTile.jpg#asset:79:url\\\" alt=\\\"This is my picture\\\" title=\\\"This is my picture\\\"><\\/p>\\r\\n<p>I love this vase<br><\\/p>\\r\\n<p><br><\\/p>\\r\\n<h2>Lorem ipsum&nbsp;<\\/h2>\\r\\n<h3>Lorem ipsum<\\/h3>\\r\\n<h4>Lorem ipsum<\\/h4>\\r\\n<h5>Lorem ipsum<\\/h5>\\r\\n<p>dolor sit amet, consectetur adipiscing elit. Integer at diam eu ante tristique commodo. Mauris volutpat, mauris et congue vestibulum, ligula lorem finibus turpis, ut tincidunt mi justo non nunc. Nam finibus tempus vehicula. In vulputate dictum dolor, sed mattis augue fringilla ut. Praesent odio est, commodo eu nisl at, aliquet imperdiet nisl. Nunc suscipit at ante in gravida. Aliquam sollicitudin erat augue, nec mattis lorem eleifend vel. <a href=\\\"http:\\/\\/www.google.com\\\">Vesti<\\/a><\\/p>\\r\\n<p><img src=\\\"http:\\/\\/shelleyjohnstone.tecture.net\\/images\\/colorTile.jpg#asset:53:url\\\" alt=\\\"colorTile.jpg#asset:53\\\"><br><\\/p>\\r\\n<p><br><\\/p>\\r\\n<p><strong>bulum ante<\\/strong>&nbsp;<\\/p>\\r\\n<p><br><\\/p>\",\"6\":\"\",\"10\":{\"290\":{\"type\":\"image\",\"enabled\":\"1\",\"fields\":{\"myImage\":[\"285\"],\"align\":\"center\",\"myTags\":[\"286\",\"287\",\"288\",\"289\"]}},\"291\":{\"type\":\"text\",\"enabled\":\"1\",\"fields\":{\"myText\":\"<p><br><\\/p><h3>This is a title<\\/h3>\\r\\n<p>ipsum primis in faucibus orci luctus et ultrices posuere cubilia Curae; Morbi faucibus nunc vel massa semper, non condimentum ligula viverra. In tincidunt justo in malesuada cursus. Aliquam facilisis volutpat pretium. Curabitur eget massa ut odio semper semper. Morbi vel orci venenatis, congue eros nec, gravida ipsum.<\\/p><p><br><\\/p><figure><img src=\\\"http:\\/\\/shelleyjohnstone.tecture.net\\/images\\/_column\\/tablesetting_full.jpg#asset:285:column\\\"><\\/figure><p><br><\\/p>\",\"align\":\"left\"}},\"292\":{\"type\":\"image\",\"enabled\":\"1\",\"fields\":{\"myImage\":[\"293\"],\"align\":\"right\",\"myTags\":[\"294\"]}},\"295\":{\"type\":\"image\",\"enabled\":\"1\",\"fields\":{\"myImage\":\"\",\"align\":\"left\",\"myTags\":\"\"}}},\"2\":[\"22\"]}}', '2017-06-26 14:45:14', '2017-06-26 14:45:14', 'c56aa666-2dda-468a-aca9-6dcd216ca6b1'),
 ('46', '23', '2', '1', 'en_us', '23', '', '{\"typeId\":\"2\",\"authorId\":\"1\",\"title\":\"Title of blog post goes here\",\"slug\":\"post-3\",\"postDate\":1496313000,\"expiryDate\":null,\"enabled\":1,\"parentId\":null,\"fields\":{\"1\":\"<p><img src=\\\"http:\\/\\/shelleyjohnstone.tecture.net\\/images\\/detailsTile.jpg#asset:79:url\\\" alt=\\\"This is my picture\\\" title=\\\"This is my picture\\\"><\\/p>\\r\\n<p>I love this vase<br><\\/p>\\r\\n<p><br><\\/p>\\r\\n<h2>Lorem ipsum&nbsp;<\\/h2>\\r\\n<h3>Lorem ipsum<\\/h3>\\r\\n<h4>Lorem ipsum<\\/h4>\\r\\n<h5>Lorem ipsum<\\/h5>\\r\\n<p>dolor sit amet, consectetur adipiscing elit. Integer at diam eu ante tristique commodo. Mauris volutpat, mauris et congue vestibulum, ligula lorem finibus turpis, ut tincidunt mi justo non nunc. Nam finibus tempus vehicula. In vulputate dictum dolor, sed mattis augue fringilla ut. Praesent odio est, commodo eu nisl at, aliquet imperdiet nisl. Nunc suscipit at ante in gravida. Aliquam sollicitudin erat augue, nec mattis lorem eleifend vel. <a href=\\\"http:\\/\\/www.google.com\\\">Vesti<\\/a><\\/p>\\r\\n<p><img src=\\\"http:\\/\\/shelleyjohnstone.tecture.net\\/images\\/colorTile.jpg#asset:53:url\\\" alt=\\\"colorTile.jpg#asset:53\\\"><br><\\/p>\\r\\n<p><br><\\/p>\\r\\n<p><strong>bulum ante<\\/strong>&nbsp;<\\/p>\\r\\n<p><br><\\/p>\",\"6\":\"\",\"10\":{\"290\":{\"type\":\"image\",\"enabled\":\"1\",\"fields\":{\"myImage\":[\"285\"],\"align\":\"center\",\"myTags\":[\"286\",\"287\",\"288\",\"289\"]}},\"291\":{\"type\":\"text\",\"enabled\":\"1\",\"fields\":{\"myText\":\"<p><br><\\/p>\\r\\n<h3>This is a title<\\/h3>\\r\\n<p>ipsum primis in faucibus orci luctus et ultrices posuere cubilia Curae; Morbi faucibus nunc vel massa semper, non condimentum ligula viverra. In tincidunt justo in malesuada cursus. Aliquam facilisis volutpat pretium. Curabitur eget massa ut odio semper semper. Morbi vel orci venenatis, congue eros nec, gravida ipsum.<\\/p>\",\"align\":\"left\"}},\"292\":{\"type\":\"image\",\"enabled\":\"1\",\"fields\":{\"myImage\":[\"293\"],\"align\":\"right\",\"myTags\":[\"294\"]}},\"295\":{\"type\":\"image\",\"enabled\":\"1\",\"fields\":{\"myImage\":\"\",\"align\":\"left\",\"myTags\":\"\"}}},\"2\":[\"22\"]}}', '2017-06-26 14:45:47', '2017-06-26 14:45:47', 'ffe0fddd-7ad8-498f-b6e5-64ab064efeb7'),
 ('47', '23', '2', '1', 'en_us', '24', '', '{\"typeId\":\"2\",\"authorId\":\"1\",\"title\":\"Title of blog post goes here\",\"slug\":\"post-3\",\"postDate\":1496313000,\"expiryDate\":null,\"enabled\":1,\"parentId\":null,\"fields\":{\"1\":\"<p><img src=\\\"http:\\/\\/shelleyjohnstone.tecture.net\\/images\\/detailsTile.jpg#asset:79:url\\\" alt=\\\"This is my picture\\\" title=\\\"This is my picture\\\"><\\/p>\\r\\n<p>I love this vase<br><\\/p>\\r\\n<p><br><\\/p>\\r\\n<h2>Lorem ipsum&nbsp;<\\/h2>\\r\\n<h3>Lorem ipsum<\\/h3>\\r\\n<h4>Lorem ipsum<\\/h4>\\r\\n<h5>Lorem ipsum<\\/h5>\\r\\n<p>dolor sit amet, consectetur adipiscing elit. Integer at diam eu ante tristique commodo. Mauris volutpat, mauris et congue vestibulum, ligula lorem finibus turpis, ut tincidunt mi justo non nunc. Nam finibus tempus vehicula. In vulputate dictum dolor, sed mattis augue fringilla ut. Praesent odio est, commodo eu nisl at, aliquet imperdiet nisl. Nunc suscipit at ante in gravida. Aliquam sollicitudin erat augue, nec mattis lorem eleifend vel. <a href=\\\"http:\\/\\/www.google.com\\\">Vesti<\\/a><\\/p>\\r\\n<p><img src=\\\"http:\\/\\/shelleyjohnstone.tecture.net\\/images\\/colorTile.jpg#asset:53:url\\\" alt=\\\"colorTile.jpg#asset:53\\\"><br><\\/p>\\r\\n<p><br><\\/p>\\r\\n<p><strong>bulum ante<\\/strong>&nbsp;<\\/p>\\r\\n<p><br><\\/p>\",\"6\":\"\",\"10\":{\"290\":{\"type\":\"image\",\"enabled\":\"1\",\"fields\":{\"myImage\":[\"285\"],\"align\":\"center\",\"myTags\":[\"286\",\"287\",\"288\",\"289\"]}},\"291\":{\"type\":\"text\",\"enabled\":\"1\",\"fields\":{\"myText\":\"<p><br><\\/p>\\r\\n<h3>This is a title<\\/h3>\\r\\n<p>ipsum primis in faucibus orci luctus et ultrices posuere cubilia Curae; Morbi faucibus nunc vel massa semper, non condimentum ligula viverra. In tincidunt justo in malesuada cursus. Aliquam facilisis volutpat pretium. Curabitur eget massa ut odio semper semper. Morbi vel orci venenatis, congue eros nec, gravida ipsum.<\\/p>\",\"align\":\"left\"}},\"292\":{\"type\":\"image\",\"enabled\":\"1\",\"fields\":{\"myImage\":[\"293\"],\"align\":\"right\",\"myTags\":[\"294\"]}},\"295\":{\"type\":\"image\",\"enabled\":\"1\",\"fields\":{\"myImage\":\"\",\"align\":\"left\",\"myTags\":\"\"}},\"new1\":{\"type\":\"text\",\"enabled\":\"1\",\"fields\":{\"myText\":\"<h3>INSPIRATION<\\/h3><p><strong>Lorem ipsum dolor sit amet consectetuer adipiscing&nbsp;<\\/strong><\\/p><p>sed diam nonummy nibh euismod tincidunt ut laoreet dolore magna aliquam erat volutpat. Ut wisi enim ad minim veniam, quis nostrud exerci tation ullamcorper suscipit lobLorem ipsum dolor sit amet, consectetuer adipiscing sed diam nonummy nibh euismod tincidunt ut laoreet dolore magna aliquam erat volutpat. Ut wisi enim ad minim veniam, quis nostrud exerci tation ullamcorper suscipit lob<\\/p>\",\"align\":\"center\"}}},\"2\":[\"22\"]}}', '2017-06-26 14:47:43', '2017-06-26 14:47:43', '6ada6622-b881-43e0-833b-e9d161a6774c'),
 ('48', '23', '2', '1', 'en_us', '25', '', '{\"typeId\":\"2\",\"authorId\":\"1\",\"title\":\"Title of blog post goes here\",\"slug\":\"post-3\",\"postDate\":1496313000,\"expiryDate\":null,\"enabled\":1,\"parentId\":null,\"fields\":{\"1\":\"<p><img src=\\\"http:\\/\\/shelleyjohnstone.tecture.net\\/images\\/detailsTile.jpg#asset:79:url\\\" alt=\\\"This is my picture\\\" title=\\\"This is my picture\\\"><\\/p>\\r\\n<p>I love this vase<br><\\/p>\\r\\n<p><br><\\/p>\\r\\n<h2>Lorem ipsum&nbsp;<\\/h2>\\r\\n<h3>Lorem ipsum<\\/h3>\\r\\n<h4>Lorem ipsum<\\/h4>\\r\\n<h5>Lorem ipsum<\\/h5>\\r\\n<p>dolor sit amet, consectetur adipiscing elit. Integer at diam eu ante tristique commodo. Mauris volutpat, mauris et congue vestibulum, ligula lorem finibus turpis, ut tincidunt mi justo non nunc. Nam finibus tempus vehicula. In vulputate dictum dolor, sed mattis augue fringilla ut. Praesent odio est, commodo eu nisl at, aliquet imperdiet nisl. Nunc suscipit at ante in gravida. Aliquam sollicitudin erat augue, nec mattis lorem eleifend vel. <a href=\\\"http:\\/\\/www.google.com\\\">Vesti<\\/a><\\/p>\\r\\n<p><img src=\\\"http:\\/\\/shelleyjohnstone.tecture.net\\/images\\/colorTile.jpg#asset:53:url\\\" alt=\\\"colorTile.jpg#asset:53\\\"><br><\\/p>\\r\\n<p><br><\\/p>\\r\\n<p><strong>bulum ante<\\/strong>&nbsp;<\\/p>\\r\\n<p><br><\\/p>\",\"6\":\"\",\"10\":{\"290\":{\"type\":\"image\",\"enabled\":\"1\",\"fields\":{\"myImage\":[\"285\"],\"align\":\"center\",\"myTags\":[\"286\",\"287\",\"288\",\"289\"]}},\"291\":{\"type\":\"text\",\"enabled\":\"1\",\"fields\":{\"myText\":\"<p><br><\\/p>\\r\\n<h3>This is a title<\\/h3>\\r\\n<p>ipsum primis in faucibus orci luctus et ultrices posuere cubilia Curae; Morbi faucibus nunc vel massa semper, non condimentum ligula viverra. In tincidunt justo in malesuada cursus. Aliquam facilisis volutpat pretium. Curabitur eget massa ut odio semper semper. Morbi vel orci venenatis, congue eros nec, gravida ipsum.<\\/p>\",\"align\":\"left\"}},\"292\":{\"type\":\"image\",\"enabled\":\"1\",\"fields\":{\"myImage\":[\"53\"],\"align\":\"right\",\"myTags\":[\"294\"]}},\"295\":{\"type\":\"image\",\"enabled\":\"1\",\"fields\":{\"myImage\":\"\",\"align\":\"left\",\"myTags\":\"\"}},\"296\":{\"type\":\"text\",\"enabled\":\"1\",\"fields\":{\"myText\":\"<h3>INSPIRATION<\\/h3>\\r\\n<p><strong>Lorem ipsum dolor sit amet consectetuer adipiscing&nbsp;<\\/strong><\\/p>\\r\\n<p>sed diam nonummy nibh euismod tincidunt ut laoreet dolore magna aliquam erat volutpat. Ut wisi enim ad minim veniam, quis nostrud exerci tation ullamcorper suscipit lobLorem ipsum dolor sit amet, consectetuer adipiscing sed diam nonummy nibh euismod tincidunt ut laoreet dolore magna aliquam erat volutpat. Ut wisi enim ad minim veniam, quis nostrud exerci tation ullamcorper suscipit lob<\\/p>\",\"align\":\"center\"}}},\"2\":[\"22\"]}}', '2017-06-26 18:04:26', '2017-06-26 18:04:26', 'cfd95cda-e8e6-44dd-a241-f4c34fb5c0f7'),
 ('49', '23', '2', '1', 'en_us', '26', '', '{\"typeId\":\"2\",\"authorId\":\"1\",\"title\":\"Title of blog post goes here\",\"slug\":\"post-3\",\"postDate\":1496313000,\"expiryDate\":null,\"enabled\":1,\"parentId\":null,\"fields\":{\"1\":\"<p><img src=\\\"http:\\/\\/shelleyjohnstone.tecture.net\\/images\\/detailsTile.jpg#asset:79:url\\\" alt=\\\"This is my picture\\\" title=\\\"This is my picture\\\"><\\/p>\\r\\n<p>I love this vase<br><\\/p>\\r\\n<p><br><\\/p>\\r\\n<h2>Lorem ipsum&nbsp;<\\/h2>\\r\\n<h3>Lorem ipsum<\\/h3>\\r\\n<h4>Lorem ipsum<\\/h4>\\r\\n<h5>Lorem ipsum<\\/h5>\\r\\n<p>dolor sit amet, consectetur adipiscing elit. Integer at diam eu ante tristique commodo. Mauris volutpat, mauris et congue vestibulum, ligula lorem finibus turpis, ut tincidunt mi justo non nunc. Nam finibus tempus vehicula. In vulputate dictum dolor, sed mattis augue fringilla ut. Praesent odio est, commodo eu nisl at, aliquet imperdiet nisl. Nunc suscipit at ante in gravida. Aliquam sollicitudin erat augue, nec mattis lorem eleifend vel. <a href=\\\"http:\\/\\/www.google.com\\\">Vesti<\\/a><\\/p>\\r\\n<p><img src=\\\"http:\\/\\/shelleyjohnstone.tecture.net\\/images\\/colorTile.jpg#asset:53:url\\\" alt=\\\"colorTile.jpg#asset:53\\\"><br><\\/p>\\r\\n<p><br><\\/p>\\r\\n<p><strong>bulum ante<\\/strong>&nbsp;<\\/p>\\r\\n<p><br><\\/p>\",\"6\":\"\",\"10\":{\"290\":{\"type\":\"image\",\"enabled\":\"1\",\"fields\":{\"myImage\":[\"285\"],\"align\":\"center\",\"myTags\":[\"286\",\"287\",\"288\",\"289\"]}},\"291\":{\"type\":\"text\",\"enabled\":\"1\",\"fields\":{\"myText\":\"<p><br><\\/p>\\r\\n<h3>This is a title<\\/h3>\\r\\n<p>ipsum primis in faucibus orci luctus et ultrices posuere cubilia Curae; Morbi faucibus nunc vel massa semper, non condimentum ligula viverra. In tincidunt justo in malesuada cursus. Aliquam facilisis volutpat pretium. Curabitur eget massa ut odio semper semper. Morbi vel orci venenatis, congue eros nec, gravida ipsum.<\\/p>\",\"align\":\"left\"}},\"292\":{\"type\":\"image\",\"enabled\":\"1\",\"fields\":{\"myImage\":[\"26\"],\"align\":\"right\",\"myTags\":[\"294\"]}},\"295\":{\"type\":\"image\",\"enabled\":\"1\",\"fields\":{\"myImage\":\"\",\"align\":\"left\",\"myTags\":\"\"}},\"296\":{\"type\":\"text\",\"enabled\":\"1\",\"fields\":{\"myText\":\"<h3>INSPIRATION<\\/h3>\\r\\n<p><strong>Lorem ipsum dolor sit amet consectetuer adipiscing&nbsp;<\\/strong><\\/p>\\r\\n<p>sed diam nonummy nibh euismod tincidunt ut laoreet dolore magna aliquam erat volutpat. Ut wisi enim ad minim veniam, quis nostrud exerci tation ullamcorper suscipit lobLorem ipsum dolor sit amet, consectetuer adipiscing sed diam nonummy nibh euismod tincidunt ut laoreet dolore magna aliquam erat volutpat. Ut wisi enim ad minim veniam, quis nostrud exerci tation ullamcorper suscipit lob<\\/p>\",\"align\":\"center\"}}},\"2\":[\"22\"]}}', '2017-06-26 18:05:09', '2017-06-26 18:05:09', 'cd8f7598-a43f-4c2c-ac80-d2ca895f4131'),
 ('50', '23', '2', '1', 'en_us', '27', '', '{\"typeId\":\"2\",\"authorId\":\"1\",\"title\":\"Title of blog post goes here\",\"slug\":\"post-3\",\"postDate\":1496313000,\"expiryDate\":null,\"enabled\":1,\"parentId\":null,\"fields\":{\"1\":\"<p><img src=\\\"http:\\/\\/shelleyjohnstone.tecture.net\\/images\\/detailsTile.jpg#asset:79:url\\\" alt=\\\"This is my picture\\\" title=\\\"This is my picture\\\"><\\/p>\\r\\n<p>I love this vase<br><\\/p>\\r\\n<p><br><\\/p>\\r\\n<h2>Lorem ipsum&nbsp;<\\/h2>\\r\\n<h3>Lorem ipsum<\\/h3>\\r\\n<h4>Lorem ipsum<\\/h4>\\r\\n<h5>Lorem ipsum<\\/h5>\\r\\n<p>dolor sit amet, consectetur adipiscing elit. Integer at diam eu ante tristique commodo. Mauris volutpat, mauris et congue vestibulum, ligula lorem finibus turpis, ut tincidunt mi justo non nunc. Nam finibus tempus vehicula. In vulputate dictum dolor, sed mattis augue fringilla ut. Praesent odio est, commodo eu nisl at, aliquet imperdiet nisl. Nunc suscipit at ante in gravida. Aliquam sollicitudin erat augue, nec mattis lorem eleifend vel. <a href=\\\"http:\\/\\/www.google.com\\\">Vesti<\\/a><\\/p>\\r\\n<p><img src=\\\"http:\\/\\/shelleyjohnstone.tecture.net\\/images\\/colorTile.jpg#asset:53:url\\\" alt=\\\"colorTile.jpg#asset:53\\\"><br><\\/p>\\r\\n<p><br><\\/p>\\r\\n<p><strong>bulum ante<\\/strong>&nbsp;<\\/p>\\r\\n<p><br><\\/p>\",\"6\":\"\",\"10\":{\"290\":{\"type\":\"image\",\"enabled\":\"1\",\"fields\":{\"myImage\":[\"285\"],\"align\":\"center\",\"myTags\":[\"286\",\"287\",\"288\",\"289\"]}},\"291\":{\"type\":\"text\",\"enabled\":\"1\",\"fields\":{\"myText\":\"<p><br><\\/p>\\r\\n<h3>This is a title<\\/h3>\\r\\n<p>ipsum primis in faucibus orci luctus et ultrices posuere cubilia Curae; Morbi faucibus nunc vel massa semper, non condimentum ligula viverra. In tincidunt justo in malesuada cursus. Aliquam facilisis volutpat pretium. Curabitur eget massa ut odio semper semper. Morbi vel orci venenatis, congue eros nec, gravida ipsum.<\\/p>\",\"align\":\"left\"}},\"292\":{\"type\":\"image\",\"enabled\":\"1\",\"fields\":{\"myImage\":[\"293\"],\"align\":\"right\",\"myTags\":[\"294\"]}},\"295\":{\"type\":\"image\",\"enabled\":\"1\",\"fields\":{\"myImage\":\"\",\"align\":\"left\",\"myTags\":\"\"}},\"296\":{\"type\":\"text\",\"enabled\":\"1\",\"fields\":{\"myText\":\"<h3>INSPIRATION<\\/h3>\\r\\n<p><strong>Lorem ipsum dolor sit amet consectetuer adipiscing&nbsp;<\\/strong><\\/p>\\r\\n<p>sed diam nonummy nibh euismod tincidunt ut laoreet dolore magna aliquam erat volutpat. Ut wisi enim ad minim veniam, quis nostrud exerci tation ullamcorper suscipit lobLorem ipsum dolor sit amet, consectetuer adipiscing sed diam nonummy nibh euismod tincidunt ut laoreet dolore magna aliquam erat volutpat. Ut wisi enim ad minim veniam, quis nostrud exerci tation ullamcorper suscipit lob<\\/p>\",\"align\":\"center\"}},\"new1\":{\"type\":\"image\",\"enabled\":\"1\",\"fields\":{\"myImage\":[\"24\"],\"align\":\"left\",\"myTags\":\"\"}}},\"2\":[\"22\"]}}', '2017-06-26 18:07:41', '2017-06-26 18:07:41', 'd636302a-7238-42c1-9e1d-55a2e3810a1f'),
 ('51', '23', '2', '1', 'en_us', '28', '', '{\"typeId\":\"2\",\"authorId\":\"1\",\"title\":\"Title of blog post goes here\",\"slug\":\"post-3\",\"postDate\":1496313000,\"expiryDate\":null,\"enabled\":1,\"parentId\":null,\"fields\":{\"1\":\"<p><img src=\\\"http:\\/\\/shelleyjohnstone.tecture.net\\/images\\/detailsTile.jpg#asset:79:url\\\" alt=\\\"This is my picture\\\" title=\\\"This is my picture\\\"><\\/p>\\r\\n<p>I love this vase<br><\\/p>\\r\\n<p><br><\\/p>\\r\\n<h2>Lorem ipsum&nbsp;<\\/h2>\\r\\n<h3>Lorem ipsum<\\/h3>\\r\\n<h4>Lorem ipsum<\\/h4>\\r\\n<h5>Lorem ipsum<\\/h5>\\r\\n<p>dolor sit amet, consectetur adipiscing elit. Integer at diam eu ante tristique commodo. Mauris volutpat, mauris et congue vestibulum, ligula lorem finibus turpis, ut tincidunt mi justo non nunc. Nam finibus tempus vehicula. In vulputate dictum dolor, sed mattis augue fringilla ut. Praesent odio est, commodo eu nisl at, aliquet imperdiet nisl. Nunc suscipit at ante in gravida. Aliquam sollicitudin erat augue, nec mattis lorem eleifend vel. <a href=\\\"http:\\/\\/www.google.com\\\">Vesti<\\/a><\\/p>\\r\\n<p><img src=\\\"http:\\/\\/shelleyjohnstone.tecture.net\\/images\\/colorTile.jpg#asset:53:url\\\" alt=\\\"colorTile.jpg#asset:53\\\"><br><\\/p>\\r\\n<p><br><\\/p>\\r\\n<p><strong>bulum ante<\\/strong>&nbsp;<\\/p>\\r\\n<p><br><\\/p>\",\"6\":\"\",\"10\":{\"290\":{\"type\":\"image\",\"enabled\":\"1\",\"fields\":{\"myImage\":[\"285\"],\"align\":\"center\",\"myTags\":[\"286\",\"287\",\"288\",\"289\"]}},\"291\":{\"type\":\"text\",\"enabled\":\"1\",\"fields\":{\"myText\":\"<p><br><\\/p>\\r\\n<h3>This is a title<\\/h3>\\r\\n<p>ipsum primis in faucibus orci luctus et ultrices posuere cubilia Curae; Morbi faucibus nunc vel massa semper, non condimentum ligula viverra. In tincidunt justo in malesuada cursus. Aliquam facilisis volutpat pretium. Curabitur eget massa ut odio semper semper. Morbi vel orci venenatis, congue eros nec, gravida ipsum.<\\/p>\",\"align\":\"left\"}},\"292\":{\"type\":\"image\",\"enabled\":\"1\",\"fields\":{\"myImage\":[\"293\"],\"align\":\"right\",\"myTags\":[\"294\"]}},\"296\":{\"type\":\"text\",\"enabled\":\"1\",\"fields\":{\"myText\":\"<h3>INSPIRATION<\\/h3>\\r\\n<p><strong>Lorem ipsum dolor sit amet consectetuer adipiscing&nbsp;<\\/strong><\\/p>\\r\\n<p>sed diam nonummy nibh euismod tincidunt ut laoreet dolore magna aliquam erat volutpat. Ut wisi enim ad minim veniam, quis nostrud exerci tation ullamcorper suscipit lobLorem ipsum dolor sit amet, consectetuer adipiscing sed diam nonummy nibh euismod tincidunt ut laoreet dolore magna aliquam erat volutpat. Ut wisi enim ad minim veniam, quis nostrud exerci tation ullamcorper suscipit lob<\\/p>\",\"align\":\"center\"}},\"297\":{\"type\":\"image\",\"enabled\":\"1\",\"fields\":{\"myImage\":[\"24\"],\"align\":\"center\",\"myTags\":\"\"}}},\"2\":[\"22\"]}}', '2017-06-26 18:23:32', '2017-06-26 18:23:32', '78a73203-7df1-468e-b8ab-99dc1ca26a55'),
 ('52', '688', '13', '1', 'en_us', '1', '', '{\"typeId\":\"13\",\"authorId\":\"1\",\"title\":\"About\",\"slug\":\"about\",\"postDate\":1498597570,\"expiryDate\":null,\"enabled\":1,\"parentId\":\"\",\"fields\":{\"20\":\"\",\"19\":\"Learn more about Shelley Johnstone\",\"6\":[\"570\"]}}', '2017-06-27 21:06:10', '2017-06-27 21:06:10', 'e22c7878-fd4b-419e-9ede-85f516408754'),
 ('53', '688', '13', '1', 'en_us', '2', '', '{\"typeId\":\"13\",\"authorId\":\"1\",\"title\":\"About\",\"slug\":\"about\",\"postDate\":1498597560,\"expiryDate\":null,\"enabled\":1,\"parentId\":\"\",\"fields\":{\"20\":\"\",\"19\":\"Learn more about Shelley Johnstone\",\"21\":\"\\/about\",\"6\":[\"570\"]}}', '2017-06-27 21:13:09', '2017-06-27 21:13:09', 'fb099acb-b47f-4152-a0ff-26e9394e03b1'),
 ('54', '689', '13', '1', 'en_us', '1', '', '{\"typeId\":\"13\",\"authorId\":\"1\",\"title\":\"Rooms\",\"slug\":\"rooms\",\"postDate\":1498598038,\"expiryDate\":null,\"enabled\":1,\"parentId\":\"\",\"fields\":{\"20\":\"\",\"19\":\"Learn about various room styles\",\"21\":\"\\/rooms\",\"6\":[\"591\"]}}', '2017-06-27 21:13:58', '2017-06-27 21:13:58', '039ace82-6aae-45cb-8c18-8990a8095cb2'),
 ('55', '690', '13', '1', 'en_us', '1', '', '{\"typeId\":\"13\",\"authorId\":\"1\",\"title\":\"Child Test\",\"slug\":\"child-test\",\"postDate\":1498599108,\"expiryDate\":null,\"enabled\":1,\"parentId\":\"688\",\"fields\":{\"20\":\"\",\"19\":\"BNlah\",\"21\":\"\",\"6\":[\"570\"]}}', '2017-06-27 21:31:48', '2017-06-27 21:31:48', 'a20eede5-d304-4a0a-bf6f-268a7c5df640');



DROP TABLE IF EXISTS `craft_fieldgroups`;


--
-- Schema for table `craft_fieldgroups`
--
CREATE TABLE `craft_fieldgroups` (
  `id` int(11) NOT NULL AUTO_INCREMENT,
  `name` varchar(255) COLLATE utf8_unicode_ci NOT NULL,
  `dateCreated` datetime NOT NULL,
  `dateUpdated` datetime NOT NULL,
  `uid` char(36) COLLATE utf8_unicode_ci NOT NULL DEFAULT '0',
  PRIMARY KEY (`id`),
  UNIQUE KEY `craft_fieldgroups_name_unq_idx` (`name`)
) ENGINE=InnoDB AUTO_INCREMENT=5 DEFAULT CHARSET=utf8 COLLATE=utf8_unicode_ci;

--
-- Data for table `craft_fieldgroups`
--

INSERT INTO `craft_fieldgroups` (`id`, `name`, `dateCreated`, `dateUpdated`, `uid`) VALUES
 ('1', 'Default', '2017-05-24 15:07:02', '2017-05-24 15:07:02', '01db42d3-30d1-41ba-b03b-e00a610e687a'),
 ('3', 'Blog', '2017-06-01 20:45:30', '2017-06-01 20:45:30', '1f09ae9f-9e68-4ac7-89cb-5e4783441e5e'),
 ('4', 'Home Page', '2017-06-27 21:07:11', '2017-06-27 21:07:11', '359a46f8-e250-4f04-9b73-c8de613e2e08');



DROP TABLE IF EXISTS `craft_fieldlayoutfields`;


--
-- Schema for table `craft_fieldlayoutfields`
--
CREATE TABLE `craft_fieldlayoutfields` (
  `id` int(11) NOT NULL AUTO_INCREMENT,
  `layoutId` int(11) NOT NULL,
  `tabId` int(11) NOT NULL,
  `fieldId` int(11) NOT NULL,
  `required` tinyint(1) unsigned NOT NULL DEFAULT '0',
  `sortOrder` smallint(6) unsigned DEFAULT NULL,
  `dateCreated` datetime NOT NULL,
  `dateUpdated` datetime NOT NULL,
  `uid` char(36) COLLATE utf8_unicode_ci NOT NULL DEFAULT '0',
  PRIMARY KEY (`id`),
  UNIQUE KEY `craft_fieldlayoutfields_layoutId_fieldId_unq_idx` (`layoutId`,`fieldId`),
  KEY `craft_fieldlayoutfields_sortOrder_idx` (`sortOrder`),
  KEY `craft_fieldlayoutfields_tabId_fk` (`tabId`),
  KEY `craft_fieldlayoutfields_fieldId_fk` (`fieldId`)
) ENGINE=InnoDB AUTO_INCREMENT=100 DEFAULT CHARSET=utf8 COLLATE=utf8_unicode_ci;

--
-- Data for table `craft_fieldlayoutfields`
--

INSERT INTO `craft_fieldlayoutfields` (`id`, `layoutId`, `tabId`, `fieldId`, `required`, `sortOrder`, `dateCreated`, `dateUpdated`, `uid`) VALUES
 ('26', '27', '9', '1', '0', '1', '2017-06-01 21:16:36', '2017-06-01 21:16:36', 'cd4999cc-a2d7-44d7-a2bf-27c63636c105'),
 ('27', '27', '9', '2', '0', '2', '2017-06-01 21:16:36', '2017-06-01 21:16:36', '9e379256-7611-477d-947e-b5d7313c4d27'),
 ('60', '42', '21', '10', '0', '1', '2017-06-26 18:24:03', '2017-06-26 18:24:03', '22697c5c-1724-430e-88b9-001415675164'),
 ('61', '42', '21', '6', '0', '2', '2017-06-26 18:24:03', '2017-06-26 18:24:03', 'd4b64e11-7335-4406-9e18-2d6ecde8a603'),
 ('62', '42', '21', '2', '0', '3', '2017-06-26 18:24:03', '2017-06-26 18:24:03', '7dfdbc9a-d6b1-4324-89ef-1151565c1705'),
 ('63', '53', '22', '10', '0', '1', '2017-06-27 16:25:14', '2017-06-27 16:25:14', '99ad82af-32a8-4242-95e0-14e1c2ef9463'),
 ('65', '55', '24', '10', '0', '1', '2017-06-27 19:43:51', '2017-06-27 19:43:51', 'ba593e08-50c2-4add-b939-e5212848713b'),
 ('66', '56', '25', '10', '0', '1', '2017-06-27 19:44:13', '2017-06-27 19:44:13', 'da9363f8-050d-49fc-82d4-51f34e51e21c'),
 ('67', '57', '26', '10', '0', '1', '2017-06-27 19:44:38', '2017-06-27 19:44:38', 'adfb251c-8b33-4591-9a7c-c67c05973824'),
 ('68', '58', '27', '10', '0', '1', '2017-06-27 19:44:58', '2017-06-27 19:44:58', 'e33d1d34-c9ee-42b6-8421-2995336dbd0a'),
 ('71', '61', '30', '10', '0', '1', '2017-06-27 20:01:01', '2017-06-27 20:01:01', '0cef7198-2927-4dfd-9d72-177d44f9255b'),
 ('72', '62', '31', '10', '0', '1', '2017-06-27 20:01:34', '2017-06-27 20:01:34', '7b7ca2fe-e387-477c-ab08-5e1a470b28bf'),
 ('79', '66', '35', '13', '0', '1', '2017-06-27 20:34:06', '2017-06-27 20:34:06', 'a3ea69cb-6425-4519-b710-93fed7698632'),
 ('80', '66', '35', '14', '0', '2', '2017-06-27 20:34:06', '2017-06-27 20:34:06', '36b6dfbe-6d86-47aa-87ce-1a9e5d301088'),
 ('81', '66', '35', '15', '0', '3', '2017-06-27 20:34:06', '2017-06-27 20:34:06', '30eaf62a-05b5-49e8-bade-8d80ee8ede10'),
 ('82', '67', '36', '16', '0', '1', '2017-06-27 20:34:06', '2017-06-27 20:34:06', '7ab952f9-3348-4490-b3ee-25487463dbb1'),
 ('83', '67', '36', '17', '0', '2', '2017-06-27 20:34:06', '2017-06-27 20:34:06', '7b68c392-61ed-44e6-8152-72b3997aaf93'),
 ('84', '68', '37', '18', '0', '1', '2017-06-27 20:34:06', '2017-06-27 20:34:06', '6275e1c0-bbaa-4bf2-a82c-de1a9582beea'),
 ('96', '74', '41', '6', '0', '1', '2017-06-27 21:43:03', '2017-06-27 21:43:03', '7ba29a52-b54c-4b05-8af1-b3d89df8d419'),
 ('97', '74', '41', '19', '0', '2', '2017-06-27 21:43:03', '2017-06-27 21:43:03', '6cb2df52-6313-41e2-964b-9406b9bdd1ed'),
 ('98', '74', '41', '20', '0', '3', '2017-06-27 21:43:03', '2017-06-27 21:43:03', 'fc60a0d8-210e-42f0-9b0f-2be6281ce5ba'),
 ('99', '74', '41', '21', '0', '4', '2017-06-27 21:43:03', '2017-06-27 21:43:03', '5fd5cd18-b49f-44eb-a205-122e658b3415');



DROP TABLE IF EXISTS `craft_fieldlayouts`;


--
-- Schema for table `craft_fieldlayouts`
--
CREATE TABLE `craft_fieldlayouts` (
  `id` int(11) NOT NULL AUTO_INCREMENT,
  `type` varchar(150) COLLATE utf8_unicode_ci NOT NULL,
  `dateCreated` datetime NOT NULL,
  `dateUpdated` datetime NOT NULL,
  `uid` char(36) COLLATE utf8_unicode_ci NOT NULL DEFAULT '0',
  PRIMARY KEY (`id`),
  KEY `craft_fieldlayouts_type_idx` (`type`)
) ENGINE=InnoDB AUTO_INCREMENT=75 DEFAULT CHARSET=utf8 COLLATE=utf8_unicode_ci;

--
-- Data for table `craft_fieldlayouts`
--

INSERT INTO `craft_fieldlayouts` (`id`, `type`, `dateCreated`, `dateUpdated`, `uid`) VALUES
 ('8', 'Entry', '2017-05-30 20:15:30', '2017-05-30 20:15:30', '8dcb3e14-b7e7-4d45-9a09-85431f2d5778'),
 ('15', 'Entry', '2017-05-31 19:35:07', '2017-05-31 19:35:07', '7acd4eec-3066-4fb1-9c9c-df57597d8c19'),
 ('27', 'Tag', '2017-06-01 21:16:36', '2017-06-01 21:16:36', 'cc6cf545-a495-49fc-9d1d-f5430e8df5fa'),
 ('42', 'Entry', '2017-06-26 18:24:03', '2017-06-26 18:24:03', '87fa7954-af67-497a-8b18-10a208e24262'),
 ('46', 'Asset', '2017-06-27 16:02:34', '2017-06-27 16:02:34', '41d1aa13-36bb-42f0-96ad-516ecc18d8de'),
 ('47', 'Asset', '2017-06-27 16:02:50', '2017-06-27 16:02:50', '0eafd849-f1e6-4848-a477-3a786f48a12e'),
 ('48', 'Asset', '2017-06-27 16:02:58', '2017-06-27 16:02:58', '0e185fbf-57d6-4cbf-81cf-00351f5e12f0'),
 ('49', 'Asset', '2017-06-27 16:03:01', '2017-06-27 16:03:01', '7449743b-88c4-40f6-86a5-f8b514515498'),
 ('50', 'Asset', '2017-06-27 16:03:08', '2017-06-27 16:03:08', 'f49c2b28-181b-4660-b092-385c51709fc0'),
 ('51', 'Asset', '2017-06-27 16:03:33', '2017-06-27 16:03:33', '599c580c-7b78-46bf-8033-a6d5a81d2076'),
 ('52', 'Asset', '2017-06-27 16:03:48', '2017-06-27 16:03:48', '0088a370-c39e-464b-be3a-f5b988fac3ff'),
 ('53', 'Entry', '2017-06-27 16:25:14', '2017-06-27 16:25:14', '58dc38e7-b2eb-40a3-a0d1-02b3eaa9f288'),
 ('55', 'Entry', '2017-06-27 19:43:51', '2017-06-27 19:43:51', '722de235-c310-4965-9b1e-58cfa1d01fab'),
 ('56', 'Entry', '2017-06-27 19:44:13', '2017-06-27 19:44:13', 'd10c27ad-be78-476b-981e-7d18a5353739'),
 ('57', 'Entry', '2017-06-27 19:44:38', '2017-06-27 19:44:38', 'cb1c8b73-ae93-42cb-bf9c-62451f923b69'),
 ('58', 'Entry', '2017-06-27 19:44:58', '2017-06-27 19:44:58', 'a8f857fd-964e-4ec3-ae6c-739bc45e195a'),
 ('61', 'Entry', '2017-06-27 20:01:01', '2017-06-27 20:01:01', 'c65275b4-ae20-4ad5-b9ca-abb8fdf54cbd'),
 ('62', 'Entry', '2017-06-27 20:01:34', '2017-06-27 20:01:34', 'fcfe66eb-a546-4355-8151-55dadc259767'),
 ('66', 'MatrixBlock', '2017-06-27 20:34:06', '2017-06-27 20:34:06', 'ba4acf43-3c71-496f-b7fb-27fafd9d0ed5'),
 ('67', 'MatrixBlock', '2017-06-27 20:34:06', '2017-06-27 20:34:06', '8e769ac8-a79c-43d4-bcba-73978c633d88'),
 ('68', 'MatrixBlock', '2017-06-27 20:34:06', '2017-06-27 20:34:06', '73195d5f-50af-4a85-b204-aa1b00dea885'),
 ('74', 'Entry', '2017-06-27 21:43:03', '2017-06-27 21:43:03', '208498a3-bb3d-4987-bcf2-41e64f49bee0');



DROP TABLE IF EXISTS `craft_fieldlayouttabs`;


--
-- Schema for table `craft_fieldlayouttabs`
--
CREATE TABLE `craft_fieldlayouttabs` (
  `id` int(11) NOT NULL AUTO_INCREMENT,
  `layoutId` int(11) NOT NULL,
  `name` varchar(255) COLLATE utf8_unicode_ci NOT NULL,
  `sortOrder` smallint(6) unsigned DEFAULT NULL,
  `dateCreated` datetime NOT NULL,
  `dateUpdated` datetime NOT NULL,
  `uid` char(36) COLLATE utf8_unicode_ci NOT NULL DEFAULT '0',
  PRIMARY KEY (`id`),
  KEY `craft_fieldlayouttabs_sortOrder_idx` (`sortOrder`),
  KEY `craft_fieldlayouttabs_layoutId_fk` (`layoutId`)
) ENGINE=InnoDB AUTO_INCREMENT=42 DEFAULT CHARSET=utf8 COLLATE=utf8_unicode_ci;

--
-- Data for table `craft_fieldlayouttabs`
--

INSERT INTO `craft_fieldlayouttabs` (`id`, `layoutId`, `name`, `sortOrder`, `dateCreated`, `dateUpdated`, `uid`) VALUES
 ('9', '27', 'Content', '1', '2017-06-01 21:16:36', '2017-06-01 21:16:36', '68c83ce5-2d16-4f4b-820b-12c9645f140c'),
 ('21', '42', 'Default', '1', '2017-06-26 18:24:03', '2017-06-26 18:24:03', '9d353aba-e266-41f6-9aeb-414bf05b5710'),
 ('22', '53', 'Tab 1', '1', '2017-06-27 16:25:14', '2017-06-27 16:25:14', 'de2884f5-818f-477e-a259-7f8d7faf72d6'),
 ('24', '55', 'Tab 1', '1', '2017-06-27 19:43:51', '2017-06-27 19:43:51', 'dc808c48-8f4e-4091-8b20-36e890119c24'),
 ('25', '56', 'Tab 1', '1', '2017-06-27 19:44:13', '2017-06-27 19:44:13', 'fdce6947-75f0-4bd7-b119-52eb7063fa90'),
 ('26', '57', 'Tab 1', '1', '2017-06-27 19:44:38', '2017-06-27 19:44:38', '9ec6127b-2f9e-4c92-a368-0450048f5506'),
 ('27', '58', 'Tab 1', '1', '2017-06-27 19:44:58', '2017-06-27 19:44:58', '96f1c233-8b3b-442e-a87a-ee7f646297d8'),
 ('30', '61', 'Content', '1', '2017-06-27 20:01:01', '2017-06-27 20:01:01', 'dc130648-e8dc-4b08-8473-98001c1e39f7'),
 ('31', '62', 'Tab 1', '1', '2017-06-27 20:01:34', '2017-06-27 20:01:34', '1a2e24bc-d20b-45c1-880e-2e4577f2203b'),
 ('35', '66', 'Content', '1', '2017-06-27 20:34:06', '2017-06-27 20:34:06', '462ecb41-6fa7-4050-8fe0-c57aaad6c2ff'),
 ('36', '67', 'Content', '1', '2017-06-27 20:34:06', '2017-06-27 20:34:06', '8591eb52-b488-464e-9ba3-d859eef2de78'),
 ('37', '68', 'Content', '1', '2017-06-27 20:34:06', '2017-06-27 20:34:06', '9ec959d8-e3cd-4054-ad52-7a9795bb3d7b'),
 ('41', '74', 'Tab 1', '1', '2017-06-27 21:43:03', '2017-06-27 21:43:03', 'ec367bd2-b5dc-4bec-a3a1-c295434c761c');



DROP TABLE IF EXISTS `craft_fields`;


--
-- Schema for table `craft_fields`
--
CREATE TABLE `craft_fields` (
  `id` int(11) NOT NULL AUTO_INCREMENT,
  `groupId` int(11) DEFAULT NULL,
  `name` varchar(255) COLLATE utf8_unicode_ci NOT NULL,
  `handle` varchar(58) COLLATE utf8_unicode_ci NOT NULL,
  `context` varchar(255) COLLATE utf8_unicode_ci NOT NULL DEFAULT 'global',
  `instructions` text COLLATE utf8_unicode_ci,
  `translatable` tinyint(1) unsigned NOT NULL DEFAULT '0',
  `type` varchar(150) COLLATE utf8_unicode_ci NOT NULL,
  `settings` text COLLATE utf8_unicode_ci,
  `dateCreated` datetime NOT NULL,
  `dateUpdated` datetime NOT NULL,
  `uid` char(36) COLLATE utf8_unicode_ci NOT NULL DEFAULT '0',
  PRIMARY KEY (`id`),
  UNIQUE KEY `craft_fields_handle_context_unq_idx` (`handle`,`context`),
  KEY `craft_fields_context_idx` (`context`),
  KEY `craft_fields_groupId_fk` (`groupId`)
) ENGINE=InnoDB AUTO_INCREMENT=22 DEFAULT CHARSET=utf8 COLLATE=utf8_unicode_ci;

--
-- Data for table `craft_fields`
--

INSERT INTO `craft_fields` (`id`, `groupId`, `name`, `handle`, `context`, `instructions`, `translatable`, `type`, `settings`, `dateCreated`, `dateUpdated`, `uid`) VALUES
 ('1', '3', 'Body', 'body', 'global', '', '0', 'RichText', '{\"configFile\":\"Standard.json\",\"availableAssetSources\":\"*\",\"availableTransforms\":\"*\",\"cleanupHtml\":\"1\",\"purifyHtml\":\"1\",\"purifierConfig\":\"\",\"columnType\":\"text\"}', '2017-05-24 15:07:02', '2017-06-01 20:45:50', '17dbd276-7d96-4a0d-b0d4-fe5712dcb01a'),
 ('2', '3', 'Tags', 'tags', 'global', '', '0', 'Tags', '{\"source\":\"taggroup:1\",\"selectionLabel\":\"\"}', '2017-05-24 15:07:02', '2017-06-01 20:46:00', 'b2f81903-7068-4729-9b71-0a73c9c863ee'),
 ('6', '1', 'Images', 'images', 'global', '', '0', 'Assets', '{\"useSingleFolder\":\"\",\"sources\":\"*\",\"defaultUploadLocationSource\":\"1\",\"defaultUploadLocationSubpath\":\"\",\"singleUploadLocationSource\":\"1\",\"singleUploadLocationSubpath\":\"\",\"restrictFiles\":\"\",\"limit\":\"\",\"viewMode\":\"large\",\"selectionLabel\":\"\"}', '2017-06-19 15:59:20', '2017-06-27 21:07:46', '33ae686a-daa7-49d9-946c-c66afdc77707'),
 ('9', '3', 'Side Column', 'sideColumn', 'global', '', '0', 'RichText', '{\"configFile\":\"\",\"availableAssetSources\":\"*\",\"availableTransforms\":\"*\",\"cleanupHtml\":\"1\",\"purifyHtml\":\"1\",\"purifierConfig\":\"\",\"columnType\":\"text\"}', '2017-06-19 21:38:13', '2017-06-19 21:38:13', '2f7bb343-9d50-41c7-8e7e-caba1055ccfb'),
 ('10', '3', 'My Matrix', 'myMatrix', 'global', '', '0', 'Matrix', '{\"maxBlocks\":null}', '2017-06-21 14:08:19', '2017-06-27 20:34:06', 'bd269aaa-ca1b-4ae5-9984-cbe01718983b'),
 ('13', NULL, 'My Image', 'myImage', 'matrixBlockType:3', '', '0', 'Assets', '{\"useSingleFolder\":\"\",\"sources\":\"*\",\"defaultUploadLocationSource\":\"1\",\"defaultUploadLocationSubpath\":\"\\/Images\",\"singleUploadLocationSource\":\"1\",\"singleUploadLocationSubpath\":\"\",\"restrictFiles\":\"\",\"limit\":\"\",\"viewMode\":\"large\",\"selectionLabel\":\"\"}', '2017-06-21 14:17:02', '2017-06-27 20:34:06', 'ca82ab9c-6d82-48ef-a7e9-30e0251b8ba3'),
 ('14', NULL, 'Align', 'align', 'matrixBlockType:3', '', '0', 'PositionSelect', '{\"options\":[\"left\",\"center\",\"right\",\"full\",\"drop-left\",\"drop-right\"]}', '2017-06-21 14:17:02', '2017-06-27 20:34:06', 'a8183b06-4a80-4b1c-8e02-f2e535e34cc9'),
 ('15', NULL, 'My Tags', 'myTags', 'matrixBlockType:3', '', '0', 'Tags', '{\"source\":\"taggroup:1\",\"selectionLabel\":\"\"}', '2017-06-21 14:17:02', '2017-06-27 20:34:06', '7597c62f-c808-4815-861d-fdaf522fce6b'),
 ('16', NULL, 'My text', 'myText', 'matrixBlockType:4', '', '0', 'RichText', '{\"configFile\":\"\",\"availableAssetSources\":\"*\",\"availableTransforms\":\"*\",\"cleanupHtml\":\"1\",\"purifyHtml\":\"1\",\"purifierConfig\":\"\",\"columnType\":\"text\"}', '2017-06-21 14:17:02', '2017-06-27 20:34:06', '3d046d57-baa2-4736-8dca-5f23f37e8e48'),
 ('17', NULL, 'Align', 'align', 'matrixBlockType:4', '', '0', 'PositionSelect', '{\"options\":[\"left\",\"center\",\"right\",\"full\",\"drop-left\",\"drop-right\"]}', '2017-06-21 14:17:02', '2017-06-27 20:34:06', '854d3e66-751a-4998-bcdc-e387be36640a'),
 ('18', NULL, 'Caption', 'caption', 'matrixBlockType:5', '', '0', 'PlainText', '{\"placeholder\":\"\",\"maxLength\":\"\",\"multiline\":\"\",\"initialRows\":\"4\"}', '2017-06-27 20:32:03', '2017-06-27 20:34:06', '4c2c6a42-465c-4aef-82ce-82b7a73264f7'),
 ('19', '4', 'Caption', 'caption', 'global', '', '0', 'PlainText', '{\"placeholder\":\"Enter a caption\",\"maxLength\":\"\",\"multiline\":\"\",\"initialRows\":\"4\"}', '2017-06-27 21:01:47', '2017-06-27 21:07:24', 'ee99cb22-c4d3-41bd-a7d1-d4fcd7919aac'),
 ('20', '3', 'Alt Tag', 'altTag', 'global', '', '0', 'PlainText', '{\"placeholder\":\"\",\"maxLength\":\"\",\"multiline\":\"\",\"initialRows\":\"4\"}', '2017-06-27 21:02:35', '2017-06-27 21:02:35', '44439648-e176-4feb-927a-3c06fdf57738'),
 ('21', '4', 'Image Link', 'imageLink', 'global', '', '0', 'PlainText', '{\"placeholder\":\"\",\"maxLength\":\"\",\"multiline\":\"\",\"initialRows\":\"4\"}', '2017-06-27 21:08:57', '2017-06-27 21:08:57', 'cd18a017-08fb-4496-86e1-154e984b8ddb');



DROP TABLE IF EXISTS `craft_globalsets`;


--
-- Schema for table `craft_globalsets`
--
CREATE TABLE `craft_globalsets` (
  `id` int(11) NOT NULL,
  `name` varchar(255) COLLATE utf8_unicode_ci NOT NULL,
  `handle` varchar(255) COLLATE utf8_unicode_ci NOT NULL,
  `fieldLayoutId` int(10) DEFAULT NULL,
  `dateCreated` datetime NOT NULL,
  `dateUpdated` datetime NOT NULL,
  `uid` char(36) COLLATE utf8_unicode_ci NOT NULL DEFAULT '0',
  PRIMARY KEY (`id`),
  UNIQUE KEY `craft_globalsets_name_unq_idx` (`name`),
  UNIQUE KEY `craft_globalsets_handle_unq_idx` (`handle`),
  KEY `craft_globalsets_fieldLayoutId_fk` (`fieldLayoutId`)
) ENGINE=InnoDB DEFAULT CHARSET=utf8 COLLATE=utf8_unicode_ci;

DROP TABLE IF EXISTS `craft_info`;


--
-- Schema for table `craft_info`
--
CREATE TABLE `craft_info` (
  `id` int(11) NOT NULL AUTO_INCREMENT,
  `version` varchar(50) COLLATE utf8_unicode_ci NOT NULL,
  `schemaVersion` varchar(15) COLLATE utf8_unicode_ci NOT NULL,
  `edition` tinyint(1) unsigned NOT NULL DEFAULT '0',
  `siteName` varchar(100) COLLATE utf8_unicode_ci NOT NULL,
  `siteUrl` varchar(255) COLLATE utf8_unicode_ci NOT NULL,
  `timezone` varchar(30) COLLATE utf8_unicode_ci DEFAULT NULL,
  `on` tinyint(1) unsigned NOT NULL DEFAULT '0',
  `maintenance` tinyint(1) unsigned NOT NULL DEFAULT '0',
  `dateCreated` datetime NOT NULL,
  `dateUpdated` datetime NOT NULL,
  `uid` char(36) COLLATE utf8_unicode_ci NOT NULL DEFAULT '0',
  PRIMARY KEY (`id`)
) ENGINE=InnoDB AUTO_INCREMENT=2 DEFAULT CHARSET=utf8 COLLATE=utf8_unicode_ci;

--
-- Data for table `craft_info`
--

INSERT INTO `craft_info` (`id`, `version`, `schemaVersion`, `edition`, `siteName`, `siteUrl`, `timezone`, `on`, `maintenance`, `dateCreated`, `dateUpdated`, `uid`) VALUES
 ('1', '2.6.2984', '2.6.10', '0', 'Shelley Design', 'http://shelleyjohnstone.tecture.net/', 'UTC', '1', '1', '2017-05-24 15:06:59', '2017-07-05 14:22:43', 'bb6edfa9-9986-44be-86bc-04c0799930f2');



DROP TABLE IF EXISTS `craft_locales`;


--
-- Schema for table `craft_locales`
--
CREATE TABLE `craft_locales` (
  `locale` char(12) COLLATE utf8_unicode_ci NOT NULL,
  `sortOrder` smallint(6) unsigned DEFAULT NULL,
  `dateCreated` datetime NOT NULL,
  `dateUpdated` datetime NOT NULL,
  `uid` char(36) COLLATE utf8_unicode_ci NOT NULL DEFAULT '0',
  PRIMARY KEY (`locale`),
  KEY `craft_locales_sortOrder_idx` (`sortOrder`)
) ENGINE=InnoDB DEFAULT CHARSET=utf8 COLLATE=utf8_unicode_ci;

--
-- Data for table `craft_locales`
--

INSERT INTO `craft_locales` (`locale`, `sortOrder`, `dateCreated`, `dateUpdated`, `uid`) VALUES
 ('en_us', '1', '2017-05-24 15:06:59', '2017-05-24 15:06:59', '2b3290a5-9961-45a1-87cb-32d7671352ae');



DROP TABLE IF EXISTS `craft_matrixblocks`;


--
-- Schema for table `craft_matrixblocks`
--
CREATE TABLE `craft_matrixblocks` (
  `id` int(11) NOT NULL,
  `ownerId` int(11) NOT NULL,
  `fieldId` int(11) NOT NULL,
  `typeId` int(11) DEFAULT NULL,
  `sortOrder` smallint(6) unsigned DEFAULT NULL,
  `ownerLocale` char(12) COLLATE utf8_unicode_ci DEFAULT NULL,
  `dateCreated` datetime NOT NULL,
  `dateUpdated` datetime NOT NULL,
  `uid` char(36) COLLATE utf8_unicode_ci NOT NULL DEFAULT '0',
  PRIMARY KEY (`id`),
  KEY `craft_matrixblocks_ownerId_idx` (`ownerId`),
  KEY `craft_matrixblocks_fieldId_idx` (`fieldId`),
  KEY `craft_matrixblocks_typeId_idx` (`typeId`),
  KEY `craft_matrixblocks_sortOrder_idx` (`sortOrder`),
  KEY `craft_matrixblocks_ownerLocale_fk` (`ownerLocale`)
) ENGINE=InnoDB DEFAULT CHARSET=utf8 COLLATE=utf8_unicode_ci;

--
-- Data for table `craft_matrixblocks`
--

INSERT INTO `craft_matrixblocks` (`id`, `ownerId`, `fieldId`, `typeId`, `sortOrder`, `ownerLocale`, `dateCreated`, `dateUpdated`, `uid`) VALUES
 ('290', '23', '10', '3', '1', NULL, '2017-06-21 14:22:16', '2017-06-26 18:23:32', 'cd1b4982-d1e0-4a0c-9e58-b98a738338c0'),
 ('291', '23', '10', '4', '2', NULL, '2017-06-21 14:22:16', '2017-06-26 18:23:32', 'c6ed6e16-5258-4212-818f-ad3f1ecaf26d'),
 ('292', '23', '10', '3', '3', NULL, '2017-06-21 14:22:16', '2017-06-26 18:23:32', '04648230-1ff4-4685-bd08-6ce7ffb3c3a7'),
 ('296', '23', '10', '4', '4', NULL, '2017-06-26 14:47:43', '2017-06-26 18:23:32', '0e5707c1-abf7-4949-93fe-fe749cd346bf'),
 ('297', '23', '10', '3', '5', NULL, '2017-06-26 18:07:41', '2017-06-26 18:23:32', 'a56e6fc1-4e07-41b8-9f41-cc8aefa3bb0c'),
 ('608', '5', '10', '3', '1', NULL, '2017-06-27 16:27:16', '2017-06-27 19:13:30', '821d40bb-8683-4d28-a5e6-59d298ba7648'),
 ('682', '9', '10', '3', '1', NULL, '2017-06-27 19:54:37', '2017-06-27 19:54:37', '54b97dd5-76ad-43ba-9dba-e95607e7b95e'),
 ('684', '8', '10', '3', '1', NULL, '2017-06-27 20:02:34', '2017-06-27 20:02:34', '2f9c4fa7-318f-4ecb-b03c-05134f7cf6f0'),
 ('685', '7', '10', '3', '1', NULL, '2017-06-27 20:03:29', '2017-06-27 20:03:29', 'b8ee1da4-a07e-4009-9434-f37630ae56df'),
 ('686', '6', '10', '3', '1', NULL, '2017-06-27 20:03:47', '2017-06-27 20:03:47', '7db881ed-a4b5-4a12-9df8-4a408fc7a1df'),
 ('687', '10', '10', '3', '1', NULL, '2017-06-27 20:04:03', '2017-06-27 20:04:03', '9216eb1b-7170-41f5-9077-0b910f066a85');



DROP TABLE IF EXISTS `craft_matrixblocktypes`;


--
-- Schema for table `craft_matrixblocktypes`
--
CREATE TABLE `craft_matrixblocktypes` (
  `id` int(11) NOT NULL AUTO_INCREMENT,
  `fieldId` int(11) NOT NULL,
  `fieldLayoutId` int(11) DEFAULT NULL,
  `name` varchar(255) COLLATE utf8_unicode_ci NOT NULL,
  `handle` varchar(255) COLLATE utf8_unicode_ci NOT NULL,
  `sortOrder` smallint(6) unsigned DEFAULT NULL,
  `dateCreated` datetime NOT NULL,
  `dateUpdated` datetime NOT NULL,
  `uid` char(36) COLLATE utf8_unicode_ci NOT NULL DEFAULT '0',
  PRIMARY KEY (`id`),
  UNIQUE KEY `craft_matrixblocktypes_name_fieldId_unq_idx` (`name`,`fieldId`),
  UNIQUE KEY `craft_matrixblocktypes_handle_fieldId_unq_idx` (`handle`,`fieldId`),
  KEY `craft_matrixblocktypes_fieldId_fk` (`fieldId`),
  KEY `craft_matrixblocktypes_fieldLayoutId_fk` (`fieldLayoutId`)
) ENGINE=InnoDB AUTO_INCREMENT=6 DEFAULT CHARSET=utf8 COLLATE=utf8_unicode_ci;

--
-- Data for table `craft_matrixblocktypes`
--

INSERT INTO `craft_matrixblocktypes` (`id`, `fieldId`, `fieldLayoutId`, `name`, `handle`, `sortOrder`, `dateCreated`, `dateUpdated`, `uid`) VALUES
 ('3', '10', '66', 'Image', 'image', '1', '2017-06-21 14:17:02', '2017-06-27 20:34:06', '1b1d1938-598d-4560-8cc4-6c874ddf9e3c'),
 ('4', '10', '67', 'Text', 'text', '2', '2017-06-21 14:17:02', '2017-06-27 20:34:06', '79bc38ce-45c6-4163-8f9d-e9aab3c88a95'),
 ('5', '10', '68', 'Caption', 'caption', '3', '2017-06-27 20:32:03', '2017-06-27 20:34:06', '33ec90fe-e021-4a17-b7d2-723b7873872c');



DROP TABLE IF EXISTS `craft_matrixcontent_mymatrix`;


--
-- Schema for table `craft_matrixcontent_mymatrix`
--
CREATE TABLE `craft_matrixcontent_mymatrix` (
  `id` int(11) NOT NULL AUTO_INCREMENT,
  `elementId` int(11) NOT NULL,
  `locale` char(12) COLLATE utf8_unicode_ci NOT NULL,
  `field_image_align` varchar(255) COLLATE utf8_unicode_ci DEFAULT NULL,
  `field_text_myText` text COLLATE utf8_unicode_ci,
  `field_text_align` varchar(255) COLLATE utf8_unicode_ci DEFAULT NULL,
  `field_caption_caption` text COLLATE utf8_unicode_ci,
  `dateCreated` datetime NOT NULL,
  `dateUpdated` datetime NOT NULL,
  `uid` char(36) COLLATE utf8_unicode_ci NOT NULL DEFAULT '0',
  PRIMARY KEY (`id`),
  UNIQUE KEY `craft_matrixcontent_mymatrix_elementId_locale_unq_idx` (`elementId`,`locale`),
  KEY `craft_matrixcontent_mymatrix_locale_fk` (`locale`)
) ENGINE=InnoDB AUTO_INCREMENT=14 DEFAULT CHARSET=utf8 COLLATE=utf8_unicode_ci;

--
-- Data for table `craft_matrixcontent_mymatrix`
--

INSERT INTO `craft_matrixcontent_mymatrix` (`id`, `elementId`, `locale`, `field_image_align`, `field_text_myText`, `field_text_align`, `field_caption_caption`, `dateCreated`, `dateUpdated`, `uid`) VALUES
 ('1', '290', 'en_us', 'center', NULL, NULL, NULL, '2017-06-21 14:22:16', '2017-06-26 18:23:32', 'd443be37-74e5-4820-a9f6-a76632e6e636'),
 ('2', '291', 'en_us', NULL, '<p><br /></p>\n<h3>This is a title</h3>\n<p>ipsum primis in faucibus orci luctus et ultrices posuere cubilia Curae; Morbi faucibus nunc vel massa semper, non condimentum ligula viverra. In tincidunt justo in malesuada cursus. Aliquam facilisis volutpat pretium. Curabitur eget massa ut odio semper semper. Morbi vel orci venenatis, congue eros nec, gravida ipsum.</p>', 'left', NULL, '2017-06-21 14:22:16', '2017-06-26 18:23:32', '850a711b-092c-4eea-9252-6b4d44b15855'),
 ('3', '292', 'en_us', 'right', NULL, NULL, NULL, '2017-06-21 14:22:16', '2017-06-26 18:23:32', '93e93c9e-5193-43a5-9aef-4699b258dc7e'),
 ('5', '296', 'en_us', NULL, '<h3>INSPIRATION</h3>\n<p><strong>Lorem ipsum dolor sit amet consectetuer adipiscing </strong></p>\n<p>sed diam nonummy nibh euismod tincidunt ut laoreet dolore magna aliquam erat volutpat. Ut wisi enim ad minim veniam, quis nostrud exerci tation ullamcorper suscipit lobLorem ipsum dolor sit amet, consectetuer adipiscing sed diam nonummy nibh euismod tincidunt ut laoreet dolore magna aliquam erat volutpat. Ut wisi enim ad minim veniam, quis nostrud exerci tation ullamcorper suscipit lob</p>', 'center', NULL, '2017-06-26 14:47:43', '2017-06-26 18:23:32', 'c00b3dc3-db85-4478-b2b3-fe829523a7e8'),
 ('6', '297', 'en_us', 'center', NULL, NULL, NULL, '2017-06-26 18:07:41', '2017-06-26 18:23:32', '33c52469-8001-4628-ab69-1607f3732edc'),
 ('7', '608', 'en_us', 'left', NULL, NULL, NULL, '2017-06-27 16:27:16', '2017-06-27 19:13:30', '00984071-af50-476e-8095-566bb09ea233'),
 ('8', '682', 'en_us', 'left', NULL, NULL, NULL, '2017-06-27 19:54:37', '2017-06-27 19:54:37', '742ffdfa-8f0d-41ab-97b1-82dc5f9b45c6'),
 ('10', '684', 'en_us', 'left', NULL, NULL, NULL, '2017-06-27 20:02:34', '2017-06-27 20:02:34', 'c1d0bb91-5ecb-47f6-9b71-c1752fadb183'),
 ('11', '685', 'en_us', 'left', NULL, NULL, NULL, '2017-06-27 20:03:29', '2017-06-27 20:03:29', 'f0a899ba-672d-492a-b0ed-c00e5ad1da5b'),
 ('12', '686', 'en_us', 'left', NULL, NULL, NULL, '2017-06-27 20:03:47', '2017-06-27 20:03:47', '0e2d0652-199b-4210-8efa-7552a8ad64e0'),
 ('13', '687', 'en_us', 'left', NULL, NULL, NULL, '2017-06-27 20:04:03', '2017-06-27 20:04:03', '61e03b93-b227-4162-bd59-378ec2e342b6');



DROP TABLE IF EXISTS `craft_migrations`;


--
-- Schema for table `craft_migrations`
--
CREATE TABLE `craft_migrations` (
  `id` int(11) NOT NULL AUTO_INCREMENT,
  `pluginId` int(11) DEFAULT NULL,
  `version` varchar(255) COLLATE utf8_unicode_ci NOT NULL,
  `applyTime` datetime NOT NULL,
  `dateCreated` datetime NOT NULL,
  `dateUpdated` datetime NOT NULL,
  `uid` char(36) COLLATE utf8_unicode_ci NOT NULL DEFAULT '0',
  PRIMARY KEY (`id`),
  UNIQUE KEY `craft_migrations_version_unq_idx` (`version`),
  KEY `craft_migrations_pluginId_fk` (`pluginId`)
) ENGINE=InnoDB AUTO_INCREMENT=40 DEFAULT CHARSET=utf8 COLLATE=utf8_unicode_ci;

--
-- Data for table `craft_migrations`
--

INSERT INTO `craft_migrations` (`id`, `pluginId`, `version`, `applyTime`, `dateCreated`, `dateUpdated`, `uid`) VALUES
 ('1', NULL, 'm000000_000000_base', '2017-05-24 15:06:59', '2017-05-24 15:06:59', '2017-05-24 15:06:59', '6d8b7928-d743-45c1-bff8-b1f5b1aa4dd1'),
 ('2', NULL, 'm140730_000001_add_filename_and_format_to_transformindex', '2017-05-24 15:06:59', '2017-05-24 15:06:59', '2017-05-24 15:06:59', '2f40be58-9dfc-4858-b40f-9020160a1eb6'),
 ('3', NULL, 'm140815_000001_add_format_to_transforms', '2017-05-24 15:06:59', '2017-05-24 15:06:59', '2017-05-24 15:06:59', 'cdabf7ce-2938-4b0f-97f1-e9993355bc77'),
 ('4', NULL, 'm140822_000001_allow_more_than_128_items_per_field', '2017-05-24 15:06:59', '2017-05-24 15:06:59', '2017-05-24 15:06:59', '1fd33952-097c-4671-a639-1561378106d9'),
 ('5', NULL, 'm140829_000001_single_title_formats', '2017-05-24 15:06:59', '2017-05-24 15:06:59', '2017-05-24 15:06:59', '5a87bb93-3f13-4158-a6ff-9f84563cf772'),
 ('6', NULL, 'm140831_000001_extended_cache_keys', '2017-05-24 15:06:59', '2017-05-24 15:06:59', '2017-05-24 15:06:59', '87bce831-7c5b-4b4d-8fc9-02defb6213e9'),
 ('7', NULL, 'm140922_000001_delete_orphaned_matrix_blocks', '2017-05-24 15:06:59', '2017-05-24 15:06:59', '2017-05-24 15:06:59', '61a7d3c5-d008-44d7-96c0-85d27b80cd76'),
 ('8', NULL, 'm141008_000001_elements_index_tune', '2017-05-24 15:06:59', '2017-05-24 15:06:59', '2017-05-24 15:06:59', 'f4fca12f-4b5e-43f5-83a9-7ced604011cd'),
 ('9', NULL, 'm141009_000001_assets_source_handle', '2017-05-24 15:06:59', '2017-05-24 15:06:59', '2017-05-24 15:06:59', 'b50a597e-b21a-4297-985c-08b09bab4f53'),
 ('10', NULL, 'm141024_000001_field_layout_tabs', '2017-05-24 15:06:59', '2017-05-24 15:06:59', '2017-05-24 15:06:59', '8cdf7536-9d78-4ac7-99a8-38da63a88938'),
 ('11', NULL, 'm141030_000000_plugin_schema_versions', '2017-05-24 15:06:59', '2017-05-24 15:06:59', '2017-05-24 15:06:59', 'f65c8d44-f2d2-4fa7-930c-054d8850e5ed'),
 ('12', NULL, 'm141030_000001_drop_structure_move_permission', '2017-05-24 15:06:59', '2017-05-24 15:06:59', '2017-05-24 15:06:59', '02d54f2d-a300-4b0f-bc78-1dbdf01f8d0b'),
 ('13', NULL, 'm141103_000001_tag_titles', '2017-05-24 15:06:59', '2017-05-24 15:06:59', '2017-05-24 15:06:59', 'bfcddd8c-0f51-4de1-8670-75d98937f2e4'),
 ('14', NULL, 'm141109_000001_user_status_shuffle', '2017-05-24 15:06:59', '2017-05-24 15:06:59', '2017-05-24 15:06:59', '7f4e4a57-9228-48bb-87fa-e55fe77390df'),
 ('15', NULL, 'm141126_000001_user_week_start_day', '2017-05-24 15:06:59', '2017-05-24 15:06:59', '2017-05-24 15:06:59', '09b21a3e-8327-4762-b026-480ac0318937'),
 ('16', NULL, 'm150210_000001_adjust_user_photo_size', '2017-05-24 15:06:59', '2017-05-24 15:06:59', '2017-05-24 15:06:59', 'a5114f30-eb92-47bf-96f4-04bf0d3c6e66'),
 ('17', NULL, 'm150724_000001_adjust_quality_settings', '2017-05-24 15:06:59', '2017-05-24 15:06:59', '2017-05-24 15:06:59', 'e81ac482-346c-4f0a-8b8e-856bd6949170'),
 ('18', NULL, 'm150827_000000_element_index_settings', '2017-05-24 15:06:59', '2017-05-24 15:06:59', '2017-05-24 15:06:59', 'ddbef87e-9ab4-4c04-985f-97693cf4bcc7'),
 ('19', NULL, 'm150918_000001_add_colspan_to_widgets', '2017-05-24 15:06:59', '2017-05-24 15:06:59', '2017-05-24 15:06:59', '7ed9f8e8-06d6-405c-8aae-fe65e54ca399'),
 ('20', NULL, 'm151007_000000_clear_asset_caches', '2017-05-24 15:06:59', '2017-05-24 15:06:59', '2017-05-24 15:06:59', '5970da23-0aec-462d-8bdc-a87f7552dd60'),
 ('21', NULL, 'm151109_000000_text_url_formats', '2017-05-24 15:06:59', '2017-05-24 15:06:59', '2017-05-24 15:06:59', '1e51a4bd-0f2b-4dad-bada-109920fda805'),
 ('22', NULL, 'm151110_000000_move_logo', '2017-05-24 15:06:59', '2017-05-24 15:06:59', '2017-05-24 15:06:59', 'd45537aa-5dfb-48b7-b9f2-98a153024fc4'),
 ('23', NULL, 'm151117_000000_adjust_image_widthheight', '2017-05-24 15:06:59', '2017-05-24 15:06:59', '2017-05-24 15:06:59', '508e8263-a82f-4e6e-82a9-ec694e21e6c1'),
 ('24', NULL, 'm151127_000000_clear_license_key_status', '2017-05-24 15:06:59', '2017-05-24 15:06:59', '2017-05-24 15:06:59', '3b186e44-8389-496e-9404-92c1d4603484'),
 ('25', NULL, 'm151127_000000_plugin_license_keys', '2017-05-24 15:06:59', '2017-05-24 15:06:59', '2017-05-24 15:06:59', 'ec578066-a221-438b-8acd-20ec8d5c7bc8'),
 ('26', NULL, 'm151130_000000_update_pt_widget_feeds', '2017-05-24 15:06:59', '2017-05-24 15:06:59', '2017-05-24 15:06:59', '67b2268a-f938-499d-8c48-6f8a199abc25'),
 ('27', NULL, 'm160114_000000_asset_sources_public_url_default_true', '2017-05-24 15:06:59', '2017-05-24 15:06:59', '2017-05-24 15:06:59', 'a70afd38-2669-4e9c-b4a6-9ec8df88fdd2'),
 ('28', NULL, 'm160223_000000_sortorder_to_smallint', '2017-05-24 15:06:59', '2017-05-24 15:06:59', '2017-05-24 15:06:59', '36069996-a792-4fd7-81c7-77f6ad947cf0'),
 ('29', NULL, 'm160229_000000_set_default_entry_statuses', '2017-05-24 15:06:59', '2017-05-24 15:06:59', '2017-05-24 15:06:59', 'fca29d4d-863f-4f85-af73-5dee78b75766'),
 ('30', NULL, 'm160304_000000_client_permissions', '2017-05-24 15:06:59', '2017-05-24 15:06:59', '2017-05-24 15:06:59', 'd8ffddaf-6a8b-4e8d-ba00-97e731c276fc'),
 ('31', NULL, 'm160322_000000_asset_filesize', '2017-05-24 15:06:59', '2017-05-24 15:06:59', '2017-05-24 15:06:59', 'ce1186a6-e9fc-4997-b8fe-9a595d2903a8'),
 ('32', NULL, 'm160503_000000_orphaned_fieldlayouts', '2017-05-24 15:06:59', '2017-05-24 15:06:59', '2017-05-24 15:06:59', 'd44098bd-6a6b-4346-b9c2-aa0d160602e8'),
 ('33', NULL, 'm160510_000000_tasksettings', '2017-05-24 15:06:59', '2017-05-24 15:06:59', '2017-05-24 15:06:59', '7946b661-6803-4c16-a0fb-c2bf364ccc5d'),
 ('34', NULL, 'm160829_000000_pending_user_content_cleanup', '2017-05-24 15:06:59', '2017-05-24 15:06:59', '2017-05-24 15:06:59', '47e051ab-42a1-4895-88a4-8ad1dcbde830'),
 ('35', NULL, 'm160830_000000_asset_index_uri_increase', '2017-05-24 15:06:59', '2017-05-24 15:06:59', '2017-05-24 15:06:59', '118b90e7-4cde-46ec-856d-bc369dd7859d'),
 ('36', NULL, 'm160919_000000_usergroup_handle_title_unique', '2017-05-24 15:06:59', '2017-05-24 15:06:59', '2017-05-24 15:06:59', '8a4f5015-20f5-4c26-b3be-d08391abd737'),
 ('37', NULL, 'm161108_000000_new_version_format', '2017-05-24 15:06:59', '2017-05-24 15:06:59', '2017-05-24 15:06:59', 'ef8d0322-a397-43a4-bd9d-514a23b188e6'),
 ('38', NULL, 'm161109_000000_index_shuffle', '2017-05-24 15:06:59', '2017-05-24 15:06:59', '2017-05-24 15:06:59', 'afb22bf9-483a-42ff-88a1-53c9590479ea'),
 ('39', NULL, 'm170612_000000_route_index_shuffle', '2017-06-27 20:09:34', '2017-06-27 20:09:34', '2017-06-27 20:09:34', '39221778-a4c8-4c0d-8e17-1e9842259e80');



DROP TABLE IF EXISTS `craft_plugins`;


--
-- Schema for table `craft_plugins`
--
CREATE TABLE `craft_plugins` (
  `id` int(11) NOT NULL AUTO_INCREMENT,
  `class` varchar(150) COLLATE utf8_unicode_ci NOT NULL,
  `version` varchar(15) COLLATE utf8_unicode_ci NOT NULL,
  `schemaVersion` varchar(15) COLLATE utf8_unicode_ci DEFAULT NULL,
  `licenseKey` char(24) COLLATE utf8_unicode_ci DEFAULT NULL,
  `licenseKeyStatus` enum('valid','invalid','mismatched','unknown') COLLATE utf8_unicode_ci NOT NULL DEFAULT 'unknown',
  `enabled` tinyint(1) unsigned NOT NULL DEFAULT '0',
  `settings` text COLLATE utf8_unicode_ci,
  `installDate` datetime NOT NULL,
  `dateCreated` datetime NOT NULL,
  `dateUpdated` datetime NOT NULL,
  `uid` char(36) COLLATE utf8_unicode_ci NOT NULL DEFAULT '0',
  PRIMARY KEY (`id`)
) ENGINE=InnoDB AUTO_INCREMENT=3 DEFAULT CHARSET=utf8 COLLATE=utf8_unicode_ci;

--
-- Data for table `craft_plugins`
--

INSERT INTO `craft_plugins` (`id`, `class`, `version`, `schemaVersion`, `licenseKey`, `licenseKeyStatus`, `enabled`, `settings`, `installDate`, `dateCreated`, `dateUpdated`, `uid`) VALUES
 ('1', 'Trimmer', '1.0', NULL, NULL, 'unknown', '0', NULL, '2017-06-02 14:18:51', '2017-06-02 14:18:51', '2017-06-19 21:56:38', '9a1b1d86-bd1c-417a-b6b4-2774907fb4f3'),
 ('2', 'redactorExtras', '1.3.2', NULL, NULL, 'unknown', '1', NULL, '2017-06-19 21:58:10', '2017-06-19 21:58:10', '2017-06-19 21:58:10', '4f23b701-c4b2-47df-9cd5-332c49882bed');



DROP TABLE IF EXISTS `craft_rackspaceaccess`;


--
-- Schema for table `craft_rackspaceaccess`
--
CREATE TABLE `craft_rackspaceaccess` (
  `id` int(11) NOT NULL AUTO_INCREMENT,
  `connectionKey` varchar(255) COLLATE utf8_unicode_ci NOT NULL,
  `token` varchar(255) COLLATE utf8_unicode_ci NOT NULL,
  `storageUrl` varchar(255) COLLATE utf8_unicode_ci NOT NULL,
  `cdnUrl` varchar(255) COLLATE utf8_unicode_ci NOT NULL,
  `dateCreated` datetime NOT NULL,
  `dateUpdated` datetime NOT NULL,
  `uid` char(36) COLLATE utf8_unicode_ci NOT NULL DEFAULT '0',
  PRIMARY KEY (`id`),
  UNIQUE KEY `craft_rackspaceaccess_connectionKey_unq_idx` (`connectionKey`)
) ENGINE=InnoDB DEFAULT CHARSET=utf8 COLLATE=utf8_unicode_ci;

DROP TABLE IF EXISTS `craft_relations`;


--
-- Schema for table `craft_relations`
--
CREATE TABLE `craft_relations` (
  `id` int(11) NOT NULL AUTO_INCREMENT,
  `fieldId` int(11) NOT NULL,
  `sourceId` int(11) NOT NULL,
  `sourceLocale` char(12) COLLATE utf8_unicode_ci DEFAULT NULL,
  `targetId` int(11) NOT NULL,
  `sortOrder` smallint(6) DEFAULT NULL,
  `dateCreated` datetime NOT NULL,
  `dateUpdated` datetime NOT NULL,
  `uid` char(36) COLLATE utf8_unicode_ci NOT NULL DEFAULT '0',
  PRIMARY KEY (`id`),
  UNIQUE KEY `craft_relations_fieldId_sourceId_sourceLocale_targetId_unq_idx` (`fieldId`,`sourceId`,`sourceLocale`,`targetId`),
  KEY `craft_relations_sourceId_fk` (`sourceId`),
  KEY `craft_relations_sourceLocale_fk` (`sourceLocale`),
  KEY `craft_relations_targetId_fk` (`targetId`)
) ENGINE=InnoDB AUTO_INCREMENT=343 DEFAULT CHARSET=utf8 COLLATE=utf8_unicode_ci;

--
-- Data for table `craft_relations`
--

INSERT INTO `craft_relations` (`id`, `fieldId`, `sourceId`, `sourceLocale`, `targetId`, `sortOrder`, `dateCreated`, `dateUpdated`, `uid`) VALUES
 ('11', '2', '12', NULL, '20', '1', '2017-06-15 20:57:58', '2017-06-15 20:57:58', 'c9ee5edc-6178-4664-9d82-cd712e2743e6'),
 ('137', '15', '290', NULL, '286', '1', '2017-06-26 18:23:32', '2017-06-26 18:23:32', '44538886-c8c7-4310-9176-0727c561369d'),
 ('138', '15', '290', NULL, '287', '2', '2017-06-26 18:23:32', '2017-06-26 18:23:32', 'f728cc81-030b-40a5-8d17-d734e442c4f5'),
 ('139', '15', '290', NULL, '288', '3', '2017-06-26 18:23:32', '2017-06-26 18:23:32', 'a4990c36-02d8-4cab-addf-e9eb03c01f6a'),
 ('140', '15', '290', NULL, '289', '4', '2017-06-26 18:23:32', '2017-06-26 18:23:32', 'a45a22c8-aeef-4e61-89da-e3ac84e07136'),
 ('142', '15', '292', NULL, '294', '1', '2017-06-26 18:23:32', '2017-06-26 18:23:32', '5f832037-ee68-4756-b303-217639ed8933'),
 ('144', '2', '23', NULL, '22', '1', '2017-06-26 18:23:32', '2017-06-26 18:23:32', '24c6dad7-09a1-48bf-880b-bbb100e81451'),
 ('241', '13', '608', NULL, '659', '1', '2017-06-27 19:13:30', '2017-06-27 19:13:30', 'd6091a86-dfb2-456a-b8b8-fd605c3f4514'),
 ('242', '13', '608', NULL, '660', '2', '2017-06-27 19:13:30', '2017-06-27 19:13:30', '39304b04-c321-4ed2-82c8-db1fe41ec90a'),
 ('243', '13', '608', NULL, '661', '3', '2017-06-27 19:13:30', '2017-06-27 19:13:30', '9424633c-be13-495f-a301-9673a797724f'),
 ('244', '13', '608', NULL, '663', '4', '2017-06-27 19:13:30', '2017-06-27 19:13:30', '57221119-1e40-429b-856c-4351ec3dbb45'),
 ('245', '13', '608', NULL, '662', '5', '2017-06-27 19:13:30', '2017-06-27 19:13:30', '497d2b77-5b11-4b66-9aa7-75fb92168043'),
 ('246', '13', '682', NULL, '603', '1', '2017-06-27 19:54:37', '2017-06-27 19:54:37', 'd81727b1-5334-4e78-be20-2cdd0901cfce'),
 ('247', '13', '682', NULL, '491', '2', '2017-06-27 19:54:37', '2017-06-27 19:54:37', '6defca1e-89be-42d7-be18-ee6dc2bab2d3'),
 ('248', '13', '682', NULL, '492', '3', '2017-06-27 19:54:37', '2017-06-27 19:54:37', '0144f7c5-6fb5-4f80-b57e-b2d5a5a6deed'),
 ('249', '13', '682', NULL, '493', '4', '2017-06-27 19:54:37', '2017-06-27 19:54:37', '3a910ec5-c4e9-4882-8a99-6d8788cfc7b0'),
 ('250', '13', '682', NULL, '494', '5', '2017-06-27 19:54:37', '2017-06-27 19:54:37', 'ef6bd076-79c6-4bd0-8284-896052379191'),
 ('251', '13', '682', NULL, '495', '6', '2017-06-27 19:54:37', '2017-06-27 19:54:37', '08574faf-e28d-4e36-ab9a-a88e0b6face6'),
 ('252', '13', '682', NULL, '496', '7', '2017-06-27 19:54:37', '2017-06-27 19:54:37', '1514cfe7-7cfc-403a-8b57-c09efc07dc0c'),
 ('253', '13', '682', NULL, '497', '8', '2017-06-27 19:54:37', '2017-06-27 19:54:37', '8b3b49e4-66bf-4a19-954d-13b3d96feaa3'),
 ('254', '13', '682', NULL, '498', '9', '2017-06-27 19:54:37', '2017-06-27 19:54:37', 'ebedd878-d585-405c-ab2b-d931d23f27ca'),
 ('255', '13', '682', NULL, '499', '10', '2017-06-27 19:54:37', '2017-06-27 19:54:37', 'c14899c4-279e-4c94-9a1f-818ac2978638'),
 ('256', '13', '682', NULL, '604', '11', '2017-06-27 19:54:37', '2017-06-27 19:54:37', 'ae5ce47a-0dc5-45a2-a387-f33585cd5444'),
 ('257', '13', '682', NULL, '605', '12', '2017-06-27 19:54:37', '2017-06-27 19:54:37', '2613ec38-36fd-46e9-bae9-a8ece9ab1e6d'),
 ('258', '13', '682', NULL, '500', '13', '2017-06-27 19:54:37', '2017-06-27 19:54:37', 'f3d267a0-e4da-4150-a63b-19dc00c93e67'),
 ('259', '13', '682', NULL, '501', '14', '2017-06-27 19:54:37', '2017-06-27 19:54:37', '1af9be9c-fec0-48ef-b76d-8d82468aa93d'),
 ('260', '13', '682', NULL, '502', '15', '2017-06-27 19:54:37', '2017-06-27 19:54:37', '95044249-c41d-423c-8f3a-1089d44955e7'),
 ('261', '13', '682', NULL, '503', '16', '2017-06-27 19:54:37', '2017-06-27 19:54:37', '31138681-21f3-4af6-8bb9-9919e76391b2'),
 ('262', '13', '682', NULL, '504', '17', '2017-06-27 19:54:37', '2017-06-27 19:54:37', '7e331532-a066-4b9a-82e6-ee040f9ecb71'),
 ('263', '13', '682', NULL, '512', '18', '2017-06-27 19:54:37', '2017-06-27 19:54:37', 'c27cc4d3-a70d-4c24-9169-870d56a8c8bc'),
 ('264', '13', '682', NULL, '513', '19', '2017-06-27 19:54:37', '2017-06-27 19:54:37', '1489f01c-9baf-4972-9c36-f05b101d2f6e'),
 ('265', '13', '682', NULL, '514', '20', '2017-06-27 19:54:37', '2017-06-27 19:54:37', 'fed150f5-87ad-419e-8c6e-61bd91d9d45e'),
 ('266', '13', '682', NULL, '606', '21', '2017-06-27 19:54:37', '2017-06-27 19:54:37', 'f01edffd-9508-4547-b050-5feeb25f1a37'),
 ('267', '13', '682', NULL, '607', '22', '2017-06-27 19:54:37', '2017-06-27 19:54:37', 'b21d8409-83aa-4b5a-a794-df9b1e0a8539'),
 ('268', '13', '682', NULL, '515', '23', '2017-06-27 19:54:37', '2017-06-27 19:54:37', 'fc415375-be2f-42db-b473-874a06c51b02'),
 ('269', '13', '682', NULL, '516', '24', '2017-06-27 19:54:37', '2017-06-27 19:54:37', '438db675-b428-4a97-8e0d-a38d0c2fd668'),
 ('270', '13', '682', NULL, '517', '25', '2017-06-27 19:54:37', '2017-06-27 19:54:37', 'f84e4cbe-0db8-4b01-abda-462ab792ffce'),
 ('271', '13', '682', NULL, '518', '26', '2017-06-27 19:54:37', '2017-06-27 19:54:37', '0e9885a3-78f2-4bb7-a97d-4b7db7cdbb5c'),
 ('272', '6', '2', NULL, '570', '1', '2017-06-27 19:57:50', '2017-06-27 19:57:50', 'f4fab2e7-b061-49ef-92f6-06188ed0dc1b'),
 ('273', '6', '2', NULL, '574', '2', '2017-06-27 19:57:50', '2017-06-27 19:57:50', 'f17708f6-de7d-497a-8f32-4829d4443b3c'),
 ('274', '6', '2', NULL, '575', '3', '2017-06-27 19:57:50', '2017-06-27 19:57:50', 'e49c1b00-1153-41a1-ad19-f79cc3cc83ca'),
 ('275', '6', '2', NULL, '576', '4', '2017-06-27 19:57:50', '2017-06-27 19:57:50', 'a3da7703-9b49-4453-accd-ab7baae13f18'),
 ('276', '6', '2', NULL, '589', '5', '2017-06-27 19:57:50', '2017-06-27 19:57:50', '3591afb6-3ff8-4059-ab45-9493fb4cc2de'),
 ('277', '6', '2', NULL, '591', '6', '2017-06-27 19:57:50', '2017-06-27 19:57:50', '5431df7b-3ca9-405c-b71c-a61a150c4397'),
 ('300', '13', '685', NULL, '482', '1', '2017-06-27 20:03:29', '2017-06-27 20:03:29', 'cb176fd6-50f0-438b-91f7-35c0cd2d7bdd'),
 ('301', '13', '685', NULL, '483', '2', '2017-06-27 20:03:29', '2017-06-27 20:03:29', '3c30e3fd-5501-4c59-bac9-6dc11b048197'),
 ('302', '13', '685', NULL, '484', '3', '2017-06-27 20:03:29', '2017-06-27 20:03:29', 'c61fb062-7b82-45a4-967f-fb305538aa54'),
 ('303', '13', '685', NULL, '485', '4', '2017-06-27 20:03:29', '2017-06-27 20:03:29', '3b5a32ec-a7db-4cd8-82fe-85d3c5f2c833'),
 ('304', '13', '685', NULL, '487', '5', '2017-06-27 20:03:29', '2017-06-27 20:03:29', '39723221-8da2-4a93-8faa-9896a5655691'),
 ('305', '13', '685', NULL, '486', '6', '2017-06-27 20:03:29', '2017-06-27 20:03:29', '8b00d506-a840-4d85-8e14-ecc1b01600e3'),
 ('306', '13', '685', NULL, '488', '7', '2017-06-27 20:03:29', '2017-06-27 20:03:29', '72516107-572d-4d0c-ac90-3127c06c653e'),
 ('307', '13', '685', NULL, '490', '8', '2017-06-27 20:03:29', '2017-06-27 20:03:29', 'a74d4bd8-a504-464e-8747-6cf408c1c4e1'),
 ('308', '13', '686', NULL, '469', '1', '2017-06-27 20:03:47', '2017-06-27 20:03:47', 'a8a21c43-9f3f-4569-af45-aaac65005fab'),
 ('309', '13', '686', NULL, '458', '2', '2017-06-27 20:03:47', '2017-06-27 20:03:47', 'cb8c05c4-ff12-4184-b191-44bda7524993'),
 ('310', '13', '686', NULL, '457', '3', '2017-06-27 20:03:47', '2017-06-27 20:03:47', 'd6e05fd2-3f0e-4ed5-ba0f-9c1a6da2011e'),
 ('311', '13', '686', NULL, '459', '4', '2017-06-27 20:03:47', '2017-06-27 20:03:47', 'c38c0055-2315-4048-bf15-0f91417defeb'),
 ('312', '13', '686', NULL, '460', '5', '2017-06-27 20:03:47', '2017-06-27 20:03:47', 'c684abb2-17bb-4e4b-9a99-b04a36194539'),
 ('313', '13', '686', NULL, '454', '6', '2017-06-27 20:03:47', '2017-06-27 20:03:47', 'c642a14d-57e7-4255-a994-06b52dc66604'),
 ('314', '13', '686', NULL, '456', '7', '2017-06-27 20:03:47', '2017-06-27 20:03:47', 'f31a0a21-4ae1-4c9b-b1f4-e6dc04e53924'),
 ('315', '13', '686', NULL, '455', '8', '2017-06-27 20:03:47', '2017-06-27 20:03:47', '3bcca215-173e-40f9-8043-cc29ef29aeeb'),
 ('316', '13', '686', NULL, '477', '9', '2017-06-27 20:03:47', '2017-06-27 20:03:47', 'c0897978-b340-4e3c-b162-fa053fc33c50'),
 ('317', '13', '686', NULL, '464', '10', '2017-06-27 20:03:47', '2017-06-27 20:03:47', '72dd12d7-f4c8-41e6-98d4-1db87b4e05f9'),
 ('318', '13', '686', NULL, '468', '11', '2017-06-27 20:03:47', '2017-06-27 20:03:47', 'd92dd3c8-cd6b-4c4a-a1ef-4ea093282459'),
 ('319', '13', '686', NULL, '466', '12', '2017-06-27 20:03:47', '2017-06-27 20:03:47', '39ea59ac-ce9c-48d3-8762-7e8e8e300f14'),
 ('320', '13', '686', NULL, '467', '13', '2017-06-27 20:03:47', '2017-06-27 20:03:47', '75faa74e-fe80-440e-89d2-cd9a3a1763be'),
 ('321', '13', '687', NULL, '519', '1', '2017-06-27 20:04:03', '2017-06-27 20:04:03', '555a1c7e-d315-425c-b35d-3c30161c72b2'),
 ('322', '13', '687', NULL, '520', '2', '2017-06-27 20:04:03', '2017-06-27 20:04:03', 'ac172405-39d3-40b1-ab57-c1c5042907ef'),
 ('323', '13', '687', NULL, '521', '3', '2017-06-27 20:04:03', '2017-06-27 20:04:03', '57c81b91-bef9-498f-b932-8456aec7f9a2'),
 ('324', '13', '687', NULL, '522', '4', '2017-06-27 20:04:03', '2017-06-27 20:04:03', '21824060-003b-4936-b42b-6d70cb6c876c'),
 ('325', '13', '687', NULL, '523', '5', '2017-06-27 20:04:03', '2017-06-27 20:04:03', '83eb72d3-480a-4109-9ce7-6c7ea5b64d07'),
 ('326', '13', '687', NULL, '524', '6', '2017-06-27 20:04:03', '2017-06-27 20:04:03', '44e37bef-bea4-43f3-aea4-b12ea7085d29'),
 ('327', '13', '687', NULL, '525', '7', '2017-06-27 20:04:03', '2017-06-27 20:04:03', 'aaee3129-5bb2-4a55-a1d8-1821dc5d4bbc'),
 ('328', '13', '687', NULL, '526', '8', '2017-06-27 20:04:03', '2017-06-27 20:04:03', '3a661d81-978d-4006-9059-84217025b794'),
 ('329', '13', '687', NULL, '527', '9', '2017-06-27 20:04:03', '2017-06-27 20:04:03', 'b2043cd8-b261-475e-9a04-e9fe5be80b80'),
 ('330', '13', '687', NULL, '528', '10', '2017-06-27 20:04:03', '2017-06-27 20:04:03', '253b80dd-086c-4b13-a2a9-e99bdc48c406'),
 ('331', '13', '687', NULL, '529', '11', '2017-06-27 20:04:03', '2017-06-27 20:04:03', '9f4ee84e-512a-4a42-86d8-fb7fe65072cc'),
 ('332', '13', '687', NULL, '530', '12', '2017-06-27 20:04:03', '2017-06-27 20:04:03', 'fa191b76-ad96-4258-84d8-962068758c47'),
 ('333', '13', '687', NULL, '531', '13', '2017-06-27 20:04:03', '2017-06-27 20:04:03', 'a2cebf85-cd5e-4cc8-a175-67a06787f1fd'),
 ('334', '13', '687', NULL, '532', '14', '2017-06-27 20:04:03', '2017-06-27 20:04:03', '8a95ea34-2f7f-40e4-bdf1-1b2397e1195b'),
 ('335', '13', '687', NULL, '533', '15', '2017-06-27 20:04:03', '2017-06-27 20:04:03', 'c4fdb160-9e4a-4327-aa14-33690badcec3'),
 ('336', '13', '687', NULL, '534', '16', '2017-06-27 20:04:03', '2017-06-27 20:04:03', '95aa7b4a-c06c-402c-8049-99b0344f9a19'),
 ('337', '13', '687', NULL, '535', '17', '2017-06-27 20:04:03', '2017-06-27 20:04:03', '18bd0ba2-08fa-4732-9d26-3e2922375c05'),
 ('338', '13', '687', NULL, '536', '18', '2017-06-27 20:04:03', '2017-06-27 20:04:03', 'ec568f87-1d51-42a2-b0d7-110450cf3000'),
 ('340', '6', '688', NULL, '570', '1', '2017-06-27 21:13:09', '2017-06-27 21:13:09', '97ecaf26-588e-4dda-b0a0-8c5b04b5d4bc'),
 ('341', '6', '689', NULL, '591', '1', '2017-06-27 21:13:58', '2017-06-27 21:13:58', 'c6d7c482-1b90-4f94-b6cf-7e9c935c75fa'),
 ('342', '6', '690', NULL, '570', '1', '2017-06-27 21:31:48', '2017-06-27 21:31:48', '1c1a2943-2c70-4004-8f7d-7556fb067f02');



DROP TABLE IF EXISTS `craft_routes`;


--
-- Schema for table `craft_routes`
--
CREATE TABLE `craft_routes` (
  `id` int(11) NOT NULL AUTO_INCREMENT,
  `locale` char(12) COLLATE utf8_unicode_ci DEFAULT NULL,
  `urlParts` varchar(255) COLLATE utf8_unicode_ci NOT NULL,
  `urlPattern` varchar(255) COLLATE utf8_unicode_ci NOT NULL,
  `template` varchar(255) COLLATE utf8_unicode_ci NOT NULL,
  `sortOrder` smallint(6) unsigned DEFAULT NULL,
  `dateCreated` datetime NOT NULL,
  `dateUpdated` datetime NOT NULL,
  `uid` char(36) COLLATE utf8_unicode_ci NOT NULL DEFAULT '0',
  PRIMARY KEY (`id`),
  KEY `craft_routes_locale_idx` (`locale`),
  KEY `craft_routes_urlPattern_idx` (`urlPattern`)
) ENGINE=InnoDB AUTO_INCREMENT=3 DEFAULT CHARSET=utf8 COLLATE=utf8_unicode_ci;

DROP TABLE IF EXISTS `craft_searchindex`;


--
-- Schema for table `craft_searchindex`
--
CREATE TABLE `craft_searchindex` (
  `elementId` int(11) NOT NULL,
  `attribute` varchar(25) COLLATE utf8_unicode_ci NOT NULL,
  `fieldId` int(11) NOT NULL,
  `locale` char(12) COLLATE utf8_unicode_ci NOT NULL,
  `keywords` text COLLATE utf8_unicode_ci NOT NULL,
  PRIMARY KEY (`elementId`,`attribute`,`fieldId`,`locale`),
  FULLTEXT KEY `craft_searchindex_keywords_idx` (`keywords`)
) ENGINE=MyISAM DEFAULT CHARSET=utf8 COLLATE=utf8_unicode_ci;

--
-- Data for table `craft_searchindex`
--

INSERT INTO `craft_searchindex` (`elementId`, `attribute`, `fieldId`, `locale`, `keywords`) VALUES
 ('1', 'username', '0', 'en_us', ' tecture_admin '),
 ('1', 'firstname', '0', 'en_us', ''),
 ('1', 'lastname', '0', 'en_us', ''),
 ('1', 'fullname', '0', 'en_us', ''),
 ('1', 'email', '0', 'en_us', ' bwilliams tecture com '),
 ('1', 'slug', '0', 'en_us', ''),
 ('2', 'slug', '0', 'en_us', ' homepage '),
 ('2', 'title', '0', 'en_us', ' index '),
 ('2', 'field', '1', 'en_us', ' hello world '),
 ('527', 'filename', '0', 'en_us', ' press_09 jpg '),
 ('526', 'title', '0', 'en_us', ' press 08 '),
 ('4', 'slug', '0', 'en_us', ' about '),
 ('4', 'title', '0', 'en_us', ' about '),
 ('5', 'slug', '0', 'en_us', ' rooms '),
 ('5', 'title', '0', 'en_us', ' rooms '),
 ('6', 'slug', '0', 'en_us', ' now '),
 ('6', 'title', '0', 'en_us', ' now '),
 ('7', 'slug', '0', 'en_us', ' lifestyle '),
 ('7', 'title', '0', 'en_us', ' lifestyle '),
 ('8', 'slug', '0', 'en_us', ' inspiration '),
 ('8', 'title', '0', 'en_us', ' inspiration '),
 ('9', 'slug', '0', 'en_us', ' details '),
 ('9', 'title', '0', 'en_us', ' details '),
 ('10', 'slug', '0', 'en_us', ' press '),
 ('10', 'title', '0', 'en_us', ' press '),
 ('11', 'slug', '0', 'en_us', ' contact '),
 ('11', 'title', '0', 'en_us', ' contact '),
 ('12', 'slug', '0', 'en_us', ' test post '),
 ('12', 'title', '0', 'en_us', ' first blog post '),
 ('525', 'kind', '0', 'en_us', ' image '),
 ('16', 'name', '0', 'en_us', ' stfff '),
 ('16', 'slug', '0', 'en_us', ' stfff '),
 ('16', 'title', '0', 'en_us', ' stfff '),
 ('526', 'slug', '0', 'en_us', ' press 08 '),
 ('17', 'name', '0', 'en_us', ' waerew '),
 ('17', 'slug', '0', 'en_us', ' waerew '),
 ('17', 'title', '0', 'en_us', ' waerew '),
 ('524', 'title', '0', 'en_us', ' press 06 '),
 ('525', 'filename', '0', 'en_us', ' press_07 jpg '),
 ('525', 'extension', '0', 'en_us', ' jpg '),
 ('18', 'name', '0', 'en_us', ' test '),
 ('18', 'slug', '0', 'en_us', ' test '),
 ('18', 'title', '0', 'en_us', ' test '),
 ('19', 'name', '0', 'en_us', ' tewe '),
 ('19', 'slug', '0', 'en_us', ' tewe '),
 ('19', 'title', '0', 'en_us', ' tewe '),
 ('526', 'filename', '0', 'en_us', ' press_08 jpg '),
 ('526', 'extension', '0', 'en_us', ' jpg '),
 ('526', 'kind', '0', 'en_us', ' image '),
 ('525', 'slug', '0', 'en_us', ' press 07 '),
 ('525', 'title', '0', 'en_us', ' press 07 '),
 ('12', 'field', '1', 'en_us', ' lorem ipsum dolor sit amet consectetur adipiscing elit aliquam mattis justo magna bibendum finibus arcu vulputate sit amet nam laoreet felis non lectus elementum tempus mauris id pretium ex phasellus a lectus aliquam nisi dapibus convallis vel ut erat maecenas malesuada mi non velit imperdiet laoreet vivamus facilisis libero vitae velit porta id sodales quam euismod vestibulum pharetra congue mattis nulla at ultrices nulla fusce et vehicula purus sed tempor eros magna vitae rhoncus nisi scelerisque vel aliquam luctus eget mi non iaculis interdum et malesuada fames ac ante ipsum primis in faucibus nullam magna sapien consectetur eu iaculis eu vestibulum sit amet libero nullam at ornare metus laoreet aliquet eros proin faucibus risus a suscipit hendrerit turpis diam tempor libero in blandit felis velit in mi in est libero pretium sit amet sagittis ultrices varius eu velit vivamus sagittis tincidunt libero vitae ullamcorper ante pretium ac donec euismod elit eu mi ultricies finibus fusce accumsan tellus vitae lacus sodales eu lacinia ligula iaculis proin aliquam quam nibh ac molestie nibh pretium ut cras convallis dolor purus eget lacinia risus volutpat vitae nunc laoreet ac ipsum non mollis nunc non consequat lacus a tristique quam proin eget aliquam lorem '),
 ('12', 'field', '4', 'en_us', ' yes '),
 ('12', 'field', '3', 'en_us', ' brian '),
 ('12', 'field', '2', 'en_us', ' design '),
 ('20', 'name', '0', 'en_us', ' design '),
 ('20', 'slug', '0', 'en_us', ' design '),
 ('20', 'title', '0', 'en_us', ' design '),
 ('12', 'field', '5', 'en_us', ' 2017 06 01 '),
 ('21', 'field', '1', 'en_us', ' lorem ipsum dolor sit amet consectetur adipiscing elit integer at diam eu ante tristique commodo mauris volutpat mauris et congue vestibulum ligula lorem finibus turpis ut tincidunt mi justo non nunc nam finibus tempus vehicula in vulputate dictum dolor sed mattis augue fringilla ut praesent odio est commodo eu nisl at aliquet imperdiet nisl nunc suscipit at ante in gravida aliquam sollicitudin erat augue nec mattis lorem eleifend vel vestibulum ante ipsum primis in faucibus orci luctus et ultrices posuere cubilia curae morbi faucibus nunc vel massa semper non condimentum ligula viverra in tincidunt justo in malesuada cursus aliquam facilisis volutpat pretium curabitur eget massa ut odio semper semper morbi vel orci venenatis congue eros nec gravida ipsum this is a title vestibulum tempus neque in semper vestibulum arcu dui accumsan erat et hendrerit massa dui nec metus sed sagittis varius tortor phasellus venenatis ultrices turpis placerat accumsan orci ullamcorper a vestibulum quis ex sit amet odio tristique varius ac nec ligula nulla tristique nisi eget dolor vehicula a pellentesque neque maximus pellentesque lorem sapien bibendum non ex id pellentesque finibus tellus sed vel congue lorem nec facilisis lacus pellentesque eleifend erat ut orci porta suscipit mattis leo convallis mauris interdum feugiat tortor eget vestibulum pellentesque consectetur felis at orci luctus eu facilisis sem ornare vivamus facilisis arcu tortor tempor eleifend purus feugiat eu nunc fringilla neque fermentum leo iaculis at pretium erat vehicula sed at nibh et elit venenatis porta praesent fermentum mauris at velit tincidunt sagittis consectetur neque placerat ut faucibus ullamcorper ipsum a convallis '),
 ('21', 'field', '5', 'en_us', ' 2017 06 21 '),
 ('21', 'field', '2', 'en_us', ''),
 ('21', 'slug', '0', 'en_us', ' post number two '),
 ('21', 'title', '0', 'en_us', ' post number two '),
 ('22', 'field', '1', 'en_us', ''),
 ('22', 'field', '2', 'en_us', ''),
 ('22', 'name', '0', 'en_us', ' 3rd post '),
 ('22', 'slug', '0', 'en_us', ' 3rd post '),
 ('22', 'title', '0', 'en_us', ' 3rd post '),
 ('23', 'field', '1', 'en_us', ' i love this vase lorem ipsum lorem ipsum lorem ipsum lorem ipsum dolor sit amet consectetur adipiscing elit integer at diam eu ante tristique commodo mauris volutpat mauris et congue vestibulum ligula lorem finibus turpis ut tincidunt mi justo non nunc nam finibus tempus vehicula in vulputate dictum dolor sed mattis augue fringilla ut praesent odio est commodo eu nisl at aliquet imperdiet nisl nunc suscipit at ante in gravida aliquam sollicitudin erat augue nec mattis lorem eleifend vel vesti bulum ante '),
 ('23', 'field', '2', 'en_us', ' 3rd post '),
 ('23', 'slug', '0', 'en_us', ' post 3 '),
 ('23', 'title', '0', 'en_us', ' title of blog post goes here '),
 ('524', 'slug', '0', 'en_us', ' press 06 '),
 ('524', 'kind', '0', 'en_us', ' image '),
 ('524', 'extension', '0', 'en_us', ' jpg '),
 ('524', 'filename', '0', 'en_us', ' press_06 jpg '),
 ('523', 'title', '0', 'en_us', ' press 05 '),
 ('523', 'slug', '0', 'en_us', ' press 05 '),
 ('28', 'filename', '0', 'en_us', ' goldstar png '),
 ('28', 'extension', '0', 'en_us', ' png '),
 ('28', 'kind', '0', 'en_us', ' image '),
 ('28', 'slug', '0', 'en_us', ' gold star '),
 ('28', 'title', '0', 'en_us', ' gold star '),
 ('29', 'filename', '0', 'en_us', ' goldstar svg '),
 ('29', 'extension', '0', 'en_us', ' svg '),
 ('29', 'kind', '0', 'en_us', ' image '),
 ('29', 'slug', '0', 'en_us', ' gold star '),
 ('29', 'title', '0', 'en_us', ' gold star '),
 ('30', 'filename', '0', 'en_us', ' goldstar 2x png '),
 ('30', 'extension', '0', 'en_us', ' png '),
 ('30', 'kind', '0', 'en_us', ' image '),
 ('30', 'slug', '0', 'en_us', ' gold star 2x '),
 ('30', 'title', '0', 'en_us', ' gold star 2x '),
 ('31', 'filename', '0', 'en_us', ' goldstar 3x png '),
 ('31', 'extension', '0', 'en_us', ' png '),
 ('31', 'kind', '0', 'en_us', ' image '),
 ('31', 'slug', '0', 'en_us', ' gold star 3x '),
 ('31', 'title', '0', 'en_us', ' gold star 3x '),
 ('32', 'filename', '0', 'en_us', ' shelleywhitelogohomepage png ');
INSERT INTO `craft_searchindex` (`elementId`, `attribute`, `fieldId`, `locale`, `keywords`) VALUES
 ('32', 'extension', '0', 'en_us', ' png '),
 ('32', 'kind', '0', 'en_us', ' image '),
 ('32', 'slug', '0', 'en_us', ' shelley white logo homepage '),
 ('32', 'title', '0', 'en_us', ' shelley white logo homepage '),
 ('33', 'filename', '0', 'en_us', ' shelleywhitelogohomepage svg '),
 ('33', 'extension', '0', 'en_us', ' svg '),
 ('33', 'kind', '0', 'en_us', ' image '),
 ('33', 'slug', '0', 'en_us', ' shelley white logo homepage '),
 ('33', 'title', '0', 'en_us', ' shelley white logo homepage '),
 ('34', 'filename', '0', 'en_us', ' shelleywhitelogohomepage 2x png '),
 ('34', 'extension', '0', 'en_us', ' png '),
 ('34', 'kind', '0', 'en_us', ' image '),
 ('34', 'slug', '0', 'en_us', ' shelley white logo homepage 2x '),
 ('34', 'title', '0', 'en_us', ' shelley white logo homepage 2x '),
 ('35', 'filename', '0', 'en_us', ' shelleyslogolarge png '),
 ('35', 'extension', '0', 'en_us', ' png '),
 ('35', 'kind', '0', 'en_us', ' image '),
 ('35', 'slug', '0', 'en_us', ' shelleys logo large '),
 ('35', 'title', '0', 'en_us', ' shelleys logo large '),
 ('36', 'filename', '0', 'en_us', ' shelleyslogolarge svg '),
 ('36', 'extension', '0', 'en_us', ' svg '),
 ('36', 'kind', '0', 'en_us', ' image '),
 ('36', 'slug', '0', 'en_us', ' shelleys logo large '),
 ('36', 'title', '0', 'en_us', ' shelleys logo large '),
 ('37', 'filename', '0', 'en_us', ' shelleyslogolarge 2x png '),
 ('37', 'extension', '0', 'en_us', ' png '),
 ('37', 'kind', '0', 'en_us', ' image '),
 ('37', 'slug', '0', 'en_us', ' shelleys logo large 2x '),
 ('37', 'title', '0', 'en_us', ' shelleys logo large 2x '),
 ('38', 'filename', '0', 'en_us', ' shelleyslogolarge 3x png '),
 ('38', 'extension', '0', 'en_us', ' png '),
 ('38', 'kind', '0', 'en_us', ' image '),
 ('38', 'slug', '0', 'en_us', ' shelleys logo large 3x '),
 ('38', 'title', '0', 'en_us', ' shelleys logo large 3x '),
 ('39', 'filename', '0', 'en_us', ' sidebarlogo png '),
 ('39', 'extension', '0', 'en_us', ' png '),
 ('39', 'kind', '0', 'en_us', ' image '),
 ('39', 'slug', '0', 'en_us', ' side bar logo '),
 ('39', 'title', '0', 'en_us', ' side bar logo '),
 ('40', 'filename', '0', 'en_us', ' shelleywhitelogohomepage 3x png '),
 ('40', 'extension', '0', 'en_us', ' png '),
 ('40', 'kind', '0', 'en_us', ' image '),
 ('40', 'slug', '0', 'en_us', ' shelley white logo homepage 3x '),
 ('40', 'title', '0', 'en_us', ' shelley white logo homepage 3x '),
 ('41', 'filename', '0', 'en_us', ' sidebarlogo svg '),
 ('41', 'extension', '0', 'en_us', ' svg '),
 ('41', 'kind', '0', 'en_us', ' image '),
 ('41', 'slug', '0', 'en_us', ' side bar logo '),
 ('41', 'title', '0', 'en_us', ' side bar logo '),
 ('42', 'filename', '0', 'en_us', ' sidebarlogo 2x png '),
 ('42', 'extension', '0', 'en_us', ' png '),
 ('42', 'kind', '0', 'en_us', ' image '),
 ('42', 'slug', '0', 'en_us', ' side bar logo 2x '),
 ('42', 'title', '0', 'en_us', ' side bar logo 2x '),
 ('43', 'filename', '0', 'en_us', ' sidebarlogo 3x png '),
 ('43', 'extension', '0', 'en_us', ' png '),
 ('43', 'kind', '0', 'en_us', ' image '),
 ('43', 'slug', '0', 'en_us', ' side bar logo 3x '),
 ('43', 'title', '0', 'en_us', ' side bar logo 3x '),
 ('44', 'filename', '0', 'en_us', ' table png '),
 ('44', 'extension', '0', 'en_us', ' png '),
 ('44', 'kind', '0', 'en_us', ' image '),
 ('44', 'slug', '0', 'en_us', ' table '),
 ('44', 'title', '0', 'en_us', ' table '),
 ('45', 'filename', '0', 'en_us', ' bluechair png '),
 ('45', 'extension', '0', 'en_us', ' png '),
 ('45', 'kind', '0', 'en_us', ' image '),
 ('45', 'slug', '0', 'en_us', ' bluechair '),
 ('45', 'title', '0', 'en_us', ' bluechair '),
 ('46', 'filename', '0', 'en_us', ' peacock png '),
 ('46', 'extension', '0', 'en_us', ' png '),
 ('46', 'kind', '0', 'en_us', ' image '),
 ('46', 'slug', '0', 'en_us', ' peacock '),
 ('46', 'title', '0', 'en_us', ' peacock '),
 ('47', 'filename', '0', 'en_us', ' plant png '),
 ('47', 'extension', '0', 'en_us', ' png '),
 ('47', 'kind', '0', 'en_us', ' image '),
 ('47', 'slug', '0', 'en_us', ' plant '),
 ('47', 'title', '0', 'en_us', ' plant '),
 ('523', 'kind', '0', 'en_us', ' image '),
 ('523', 'extension', '0', 'en_us', ' jpg '),
 ('523', 'filename', '0', 'en_us', ' press_05 jpg '),
 ('49', 'filename', '0', 'en_us', ' blueroom jpg '),
 ('49', 'extension', '0', 'en_us', ' jpg '),
 ('49', 'kind', '0', 'en_us', ' image '),
 ('49', 'slug', '0', 'en_us', ' blue room '),
 ('49', 'title', '0', 'en_us', ' blue room '),
 ('50', 'filename', '0', 'en_us', ' greenroom jpg '),
 ('50', 'extension', '0', 'en_us', ' jpg '),
 ('50', 'kind', '0', 'en_us', ' image '),
 ('50', 'slug', '0', 'en_us', ' green room '),
 ('50', 'title', '0', 'en_us', ' green room '),
 ('51', 'filename', '0', 'en_us', ' brownroom jpg '),
 ('51', 'extension', '0', 'en_us', ' jpg '),
 ('51', 'kind', '0', 'en_us', ' image '),
 ('51', 'slug', '0', 'en_us', ' brown room '),
 ('51', 'title', '0', 'en_us', ' brown room '),
 ('52', 'filename', '0', 'en_us', ' flowerpainting jpg '),
 ('52', 'extension', '0', 'en_us', ' jpg '),
 ('52', 'kind', '0', 'en_us', ' image ');
INSERT INTO `craft_searchindex` (`elementId`, `attribute`, `fieldId`, `locale`, `keywords`) VALUES
 ('52', 'slug', '0', 'en_us', ' flower painting '),
 ('52', 'title', '0', 'en_us', ' flower painting '),
 ('522', 'title', '0', 'en_us', ' press 04 '),
 ('522', 'slug', '0', 'en_us', ' press 04 '),
 ('522', 'kind', '0', 'en_us', ' image '),
 ('54', 'filename', '0', 'en_us', ' beautifulchair_thumb jpg '),
 ('54', 'extension', '0', 'en_us', ' jpg '),
 ('54', 'kind', '0', 'en_us', ' image '),
 ('54', 'slug', '0', 'en_us', ' beautifulchair thumb '),
 ('54', 'title', '0', 'en_us', ' beautifulchair thumb '),
 ('55', 'filename', '0', 'en_us', ' birdchair jpg '),
 ('55', 'extension', '0', 'en_us', ' jpg '),
 ('55', 'kind', '0', 'en_us', ' image '),
 ('55', 'slug', '0', 'en_us', ' birdchair '),
 ('55', 'title', '0', 'en_us', ' birdchair '),
 ('56', 'filename', '0', 'en_us', ' blackwindows jpg '),
 ('56', 'extension', '0', 'en_us', ' jpg '),
 ('56', 'kind', '0', 'en_us', ' image '),
 ('56', 'slug', '0', 'en_us', ' blackwindows '),
 ('56', 'title', '0', 'en_us', ' blackwindows '),
 ('57', 'filename', '0', 'en_us', ' orangeroom jpg '),
 ('57', 'extension', '0', 'en_us', ' jpg '),
 ('57', 'kind', '0', 'en_us', ' image '),
 ('57', 'slug', '0', 'en_us', ' orange room '),
 ('57', 'title', '0', 'en_us', ' orange room '),
 ('58', 'filename', '0', 'en_us', ' bluecorner jpg '),
 ('58', 'extension', '0', 'en_us', ' jpg '),
 ('58', 'kind', '0', 'en_us', ' image '),
 ('58', 'slug', '0', 'en_us', ' blue corner '),
 ('58', 'title', '0', 'en_us', ' blue corner '),
 ('59', 'filename', '0', 'en_us', ' bluelamp jpg '),
 ('59', 'extension', '0', 'en_us', ' jpg '),
 ('59', 'kind', '0', 'en_us', ' image '),
 ('59', 'slug', '0', 'en_us', ' blue lamp '),
 ('59', 'title', '0', 'en_us', ' blue lamp '),
 ('60', 'filename', '0', 'en_us', ' chairflower jpg '),
 ('60', 'extension', '0', 'en_us', ' jpg '),
 ('60', 'kind', '0', 'en_us', ' image '),
 ('60', 'slug', '0', 'en_us', ' chair flower '),
 ('60', 'title', '0', 'en_us', ' chair flower '),
 ('61', 'filename', '0', 'en_us', ' coppersink jpg '),
 ('61', 'extension', '0', 'en_us', ' jpg '),
 ('61', 'kind', '0', 'en_us', ' image '),
 ('61', 'slug', '0', 'en_us', ' coppersink '),
 ('61', 'title', '0', 'en_us', ' coppersink '),
 ('62', 'filename', '0', 'en_us', ' doorway jpg '),
 ('62', 'extension', '0', 'en_us', ' jpg '),
 ('62', 'kind', '0', 'en_us', ' image '),
 ('62', 'slug', '0', 'en_us', ' doorway '),
 ('62', 'title', '0', 'en_us', ' doorway '),
 ('63', 'filename', '0', 'en_us', ' flowerbird jpg '),
 ('63', 'extension', '0', 'en_us', ' jpg '),
 ('63', 'kind', '0', 'en_us', ' image '),
 ('63', 'slug', '0', 'en_us', ' flower bird '),
 ('63', 'title', '0', 'en_us', ' flower bird '),
 ('64', 'filename', '0', 'en_us', ' flowerlamp jpg '),
 ('64', 'extension', '0', 'en_us', ' jpg '),
 ('64', 'kind', '0', 'en_us', ' image '),
 ('64', 'slug', '0', 'en_us', ' flower lamp '),
 ('64', 'title', '0', 'en_us', ' flower lamp '),
 ('65', 'filename', '0', 'en_us', ' fringechair_thumb jpg '),
 ('65', 'extension', '0', 'en_us', ' jpg '),
 ('65', 'kind', '0', 'en_us', ' image '),
 ('65', 'slug', '0', 'en_us', ' fringechair thumb '),
 ('65', 'title', '0', 'en_us', ' fringechair thumb '),
 ('66', 'filename', '0', 'en_us', ' greenceiling jpg '),
 ('66', 'extension', '0', 'en_us', ' jpg '),
 ('66', 'kind', '0', 'en_us', ' image '),
 ('66', 'slug', '0', 'en_us', ' green ceiling '),
 ('66', 'title', '0', 'en_us', ' green ceiling '),
 ('67', 'filename', '0', 'en_us', ' loftrailing jpg '),
 ('67', 'extension', '0', 'en_us', ' jpg '),
 ('67', 'kind', '0', 'en_us', ' image '),
 ('67', 'slug', '0', 'en_us', ' loft railing '),
 ('67', 'title', '0', 'en_us', ' loft railing '),
 ('68', 'filename', '0', 'en_us', ' patiopost jpg '),
 ('68', 'extension', '0', 'en_us', ' jpg '),
 ('68', 'kind', '0', 'en_us', ' image '),
 ('68', 'slug', '0', 'en_us', ' patio post '),
 ('68', 'title', '0', 'en_us', ' patio post '),
 ('69', 'filename', '0', 'en_us', ' pinkbookcase jpg '),
 ('69', 'extension', '0', 'en_us', ' jpg '),
 ('69', 'kind', '0', 'en_us', ' image '),
 ('69', 'slug', '0', 'en_us', ' pink bookcase '),
 ('69', 'title', '0', 'en_us', ' pink bookcase '),
 ('70', 'filename', '0', 'en_us', ' plant1 jpg '),
 ('70', 'extension', '0', 'en_us', ' jpg '),
 ('70', 'kind', '0', 'en_us', ' image '),
 ('70', 'slug', '0', 'en_us', ' plant1 '),
 ('70', 'title', '0', 'en_us', ' plant1 '),
 ('71', 'filename', '0', 'en_us', ' sidetable jpg '),
 ('71', 'extension', '0', 'en_us', ' jpg '),
 ('71', 'kind', '0', 'en_us', ' image '),
 ('71', 'slug', '0', 'en_us', ' side table '),
 ('71', 'title', '0', 'en_us', ' side table '),
 ('72', 'filename', '0', 'en_us', ' stairs jpg '),
 ('72', 'extension', '0', 'en_us', ' jpg '),
 ('72', 'kind', '0', 'en_us', ' image '),
 ('72', 'slug', '0', 'en_us', ' stairs '),
 ('72', 'title', '0', 'en_us', ' stairs ');
INSERT INTO `craft_searchindex` (`elementId`, `attribute`, `fieldId`, `locale`, `keywords`) VALUES
 ('73', 'filename', '0', 'en_us', ' tablesetting_thumb jpg '),
 ('73', 'extension', '0', 'en_us', ' jpg '),
 ('73', 'kind', '0', 'en_us', ' image '),
 ('73', 'slug', '0', 'en_us', ' tablesetting thumb '),
 ('73', 'title', '0', 'en_us', ' tablesetting thumb '),
 ('74', 'filename', '0', 'en_us', ' tableshot jpg '),
 ('74', 'extension', '0', 'en_us', ' jpg '),
 ('74', 'kind', '0', 'en_us', ' image '),
 ('74', 'slug', '0', 'en_us', ' tableshot '),
 ('74', 'title', '0', 'en_us', ' tableshot '),
 ('75', 'filename', '0', 'en_us', ' teardrops jpg '),
 ('75', 'extension', '0', 'en_us', ' jpg '),
 ('75', 'kind', '0', 'en_us', ' image '),
 ('75', 'slug', '0', 'en_us', ' teardrops '),
 ('75', 'title', '0', 'en_us', ' teardrops '),
 ('76', 'filename', '0', 'en_us', ' whitetopiary jpg '),
 ('76', 'extension', '0', 'en_us', ' jpg '),
 ('76', 'kind', '0', 'en_us', ' image '),
 ('76', 'slug', '0', 'en_us', ' white topiary '),
 ('76', 'title', '0', 'en_us', ' white topiary '),
 ('77', 'filename', '0', 'en_us', ' stairflowers jpg '),
 ('77', 'extension', '0', 'en_us', ' jpg '),
 ('77', 'kind', '0', 'en_us', ' image '),
 ('77', 'slug', '0', 'en_us', ' stairflowers '),
 ('77', 'title', '0', 'en_us', ' stairflowers '),
 ('78', 'filename', '0', 'en_us', ' woodchair jpg '),
 ('78', 'extension', '0', 'en_us', ' jpg '),
 ('78', 'kind', '0', 'en_us', ' image '),
 ('78', 'slug', '0', 'en_us', ' wood chair '),
 ('78', 'title', '0', 'en_us', ' wood chair '),
 ('522', 'extension', '0', 'en_us', ' jpg '),
 ('522', 'filename', '0', 'en_us', ' press_04 jpg '),
 ('521', 'title', '0', 'en_us', ' press 03 '),
 ('521', 'kind', '0', 'en_us', ' image '),
 ('521', 'slug', '0', 'en_us', ' press 03 '),
 ('521', 'extension', '0', 'en_us', ' jpg '),
 ('512', 'title', '0', 'en_us', ' side table '),
 ('512', 'kind', '0', 'en_us', ' image '),
 ('512', 'slug', '0', 'en_us', ' side table '),
 ('512', 'extension', '0', 'en_us', ' jpg '),
 ('512', 'filename', '0', 'en_us', ' sidetable jpg '),
 ('519', 'filename', '0', 'en_us', ' press_01 jpg '),
 ('519', 'extension', '0', 'en_us', ' jpg '),
 ('519', 'kind', '0', 'en_us', ' image '),
 ('83', 'filename', '0', 'en_us', ' concretewall jpg '),
 ('83', 'extension', '0', 'en_us', ' jpg '),
 ('83', 'kind', '0', 'en_us', ' image '),
 ('83', 'slug', '0', 'en_us', ' concrete wall '),
 ('83', 'title', '0', 'en_us', ' concrete wall '),
 ('84', 'filename', '0', 'en_us', ' flowerdoor jpg '),
 ('84', 'extension', '0', 'en_us', ' jpg '),
 ('84', 'kind', '0', 'en_us', ' image '),
 ('84', 'slug', '0', 'en_us', ' flower door '),
 ('84', 'title', '0', 'en_us', ' flower door '),
 ('85', 'filename', '0', 'en_us', ' landscape jpg '),
 ('85', 'extension', '0', 'en_us', ' jpg '),
 ('85', 'kind', '0', 'en_us', ' image '),
 ('85', 'slug', '0', 'en_us', ' landscape '),
 ('85', 'title', '0', 'en_us', ' landscape '),
 ('86', 'filename', '0', 'en_us', ' pinkflowers jpg '),
 ('86', 'extension', '0', 'en_us', ' jpg '),
 ('86', 'kind', '0', 'en_us', ' image '),
 ('86', 'slug', '0', 'en_us', ' pink flowers '),
 ('86', 'title', '0', 'en_us', ' pink flowers '),
 ('87', 'filename', '0', 'en_us', ' roundleaves jpg '),
 ('87', 'extension', '0', 'en_us', ' jpg '),
 ('87', 'kind', '0', 'en_us', ' image '),
 ('87', 'slug', '0', 'en_us', ' round leaves '),
 ('87', 'title', '0', 'en_us', ' round leaves '),
 ('88', 'filename', '0', 'en_us', ' spherebush jpg '),
 ('88', 'extension', '0', 'en_us', ' jpg '),
 ('88', 'kind', '0', 'en_us', ' image '),
 ('88', 'slug', '0', 'en_us', ' sphere bush '),
 ('88', 'title', '0', 'en_us', ' sphere bush '),
 ('89', 'filename', '0', 'en_us', ' squarespiral jpg '),
 ('89', 'extension', '0', 'en_us', ' jpg '),
 ('89', 'kind', '0', 'en_us', ' image '),
 ('89', 'slug', '0', 'en_us', ' square spiral '),
 ('89', 'title', '0', 'en_us', ' square spiral '),
 ('90', 'filename', '0', 'en_us', ' starfish jpg '),
 ('90', 'extension', '0', 'en_us', ' jpg '),
 ('90', 'kind', '0', 'en_us', ' image '),
 ('90', 'slug', '0', 'en_us', ' star fish '),
 ('90', 'title', '0', 'en_us', ' star fish '),
 ('91', 'filename', '0', 'en_us', ' sunmirror jpg '),
 ('91', 'extension', '0', 'en_us', ' jpg '),
 ('91', 'kind', '0', 'en_us', ' image '),
 ('91', 'slug', '0', 'en_us', ' sun mirror '),
 ('91', 'title', '0', 'en_us', ' sun mirror '),
 ('92', 'filename', '0', 'en_us', ' tabledecor jpg '),
 ('92', 'extension', '0', 'en_us', ' jpg '),
 ('92', 'kind', '0', 'en_us', ' image '),
 ('92', 'slug', '0', 'en_us', ' table decor '),
 ('92', 'title', '0', 'en_us', ' table decor '),
 ('520', 'filename', '0', 'en_us', ' press_02 jpg '),
 ('519', 'slug', '0', 'en_us', ' press 01 '),
 ('518', 'filename', '0', 'en_us', ' woodchair jpg '),
 ('519', 'title', '0', 'en_us', ' press 01 '),
 ('518', 'slug', '0', 'en_us', ' wood chair '),
 ('518', 'extension', '0', 'en_us', ' jpg ');
INSERT INTO `craft_searchindex` (`elementId`, `attribute`, `fieldId`, `locale`, `keywords`) VALUES
 ('518', 'kind', '0', 'en_us', ' image '),
 ('95', 'filename', '0', 'en_us', ' clocktower jpg '),
 ('95', 'extension', '0', 'en_us', ' jpg '),
 ('95', 'kind', '0', 'en_us', ' image '),
 ('95', 'slug', '0', 'en_us', ' clock tower '),
 ('95', 'title', '0', 'en_us', ' clock tower '),
 ('96', 'filename', '0', 'en_us', ' dining pink jpg '),
 ('96', 'extension', '0', 'en_us', ' jpg '),
 ('96', 'kind', '0', 'en_us', ' image '),
 ('96', 'slug', '0', 'en_us', ' dining pink '),
 ('96', 'title', '0', 'en_us', ' dining pink '),
 ('97', 'filename', '0', 'en_us', ' oranges jpg '),
 ('97', 'extension', '0', 'en_us', ' jpg '),
 ('97', 'kind', '0', 'en_us', ' image '),
 ('97', 'slug', '0', 'en_us', ' oranges '),
 ('97', 'title', '0', 'en_us', ' oranges '),
 ('98', 'filename', '0', 'en_us', ' pooloutside jpg '),
 ('98', 'extension', '0', 'en_us', ' jpg '),
 ('98', 'kind', '0', 'en_us', ' image '),
 ('98', 'slug', '0', 'en_us', ' pool outside '),
 ('98', 'title', '0', 'en_us', ' pool outside '),
 ('99', 'filename', '0', 'en_us', ' poolview jpg '),
 ('99', 'extension', '0', 'en_us', ' jpg '),
 ('99', 'kind', '0', 'en_us', ' image '),
 ('99', 'slug', '0', 'en_us', ' pool view '),
 ('99', 'title', '0', 'en_us', ' pool view '),
 ('100', 'filename', '0', 'en_us', ' poolpinkbenches jpg '),
 ('100', 'extension', '0', 'en_us', ' jpg '),
 ('100', 'kind', '0', 'en_us', ' image '),
 ('100', 'slug', '0', 'en_us', ' poolpinkbenches '),
 ('100', 'title', '0', 'en_us', ' poolpinkbenches '),
 ('101', 'filename', '0', 'en_us', ' settable jpg '),
 ('101', 'extension', '0', 'en_us', ' jpg '),
 ('101', 'kind', '0', 'en_us', ' image '),
 ('101', 'slug', '0', 'en_us', ' set table '),
 ('101', 'title', '0', 'en_us', ' set table '),
 ('102', 'filename', '0', 'en_us', ' shelleydress jpg '),
 ('102', 'extension', '0', 'en_us', ' jpg '),
 ('102', 'kind', '0', 'en_us', ' image '),
 ('102', 'slug', '0', 'en_us', ' shelley dress '),
 ('102', 'title', '0', 'en_us', ' shelley dress '),
 ('103', 'filename', '0', 'en_us', ' shelleyflowers jpg '),
 ('103', 'extension', '0', 'en_us', ' jpg '),
 ('103', 'kind', '0', 'en_us', ' image '),
 ('103', 'slug', '0', 'en_us', ' shelley flowers '),
 ('103', 'title', '0', 'en_us', ' shelley flowers '),
 ('518', 'title', '0', 'en_us', ' wood chair '),
 ('520', 'extension', '0', 'en_us', ' jpg '),
 ('520', 'kind', '0', 'en_us', ' image '),
 ('517', 'filename', '0', 'en_us', ' whitetopiary jpg '),
 ('517', 'extension', '0', 'en_us', ' jpg '),
 ('517', 'kind', '0', 'en_us', ' image '),
 ('517', 'slug', '0', 'en_us', ' white topiary '),
 ('517', 'title', '0', 'en_us', ' white topiary '),
 ('516', 'filename', '0', 'en_us', ' teardrops jpg '),
 ('516', 'extension', '0', 'en_us', ' jpg '),
 ('516', 'kind', '0', 'en_us', ' image '),
 ('516', 'slug', '0', 'en_us', ' teardrops '),
 ('516', 'title', '0', 'en_us', ' teardrops '),
 ('515', 'filename', '0', 'en_us', ' tableshot jpg '),
 ('515', 'extension', '0', 'en_us', ' jpg '),
 ('515', 'kind', '0', 'en_us', ' image '),
 ('515', 'slug', '0', 'en_us', ' tableshot '),
 ('515', 'title', '0', 'en_us', ' tableshot '),
 ('109', 'filename', '0', 'en_us', ' sj march2016 jpg '),
 ('109', 'extension', '0', 'en_us', ' jpg '),
 ('109', 'kind', '0', 'en_us', ' image '),
 ('109', 'slug', '0', 'en_us', ' sj march2016 '),
 ('109', 'title', '0', 'en_us', ' sj march2016 '),
 ('110', 'filename', '0', 'en_us', ' design chic jpg '),
 ('110', 'extension', '0', 'en_us', ' jpg '),
 ('110', 'kind', '0', 'en_us', ' image '),
 ('110', 'slug', '0', 'en_us', ' design chic '),
 ('110', 'title', '0', 'en_us', ' design chic '),
 ('111', 'filename', '0', 'en_us', ' forest bluff risko jpg '),
 ('111', 'extension', '0', 'en_us', ' jpg '),
 ('111', 'kind', '0', 'en_us', ' image '),
 ('111', 'slug', '0', 'en_us', ' forest bluff risko '),
 ('111', 'title', '0', 'en_us', ' forest bluff risko '),
 ('112', 'filename', '0', 'en_us', ' forestbluff2017 jpg '),
 ('112', 'extension', '0', 'en_us', ' jpg '),
 ('112', 'kind', '0', 'en_us', ' image '),
 ('112', 'slug', '0', 'en_us', ' forestbluff2017 '),
 ('112', 'title', '0', 'en_us', ' forestbluff2017 '),
 ('113', 'filename', '0', 'en_us', ' foyer jpg '),
 ('113', 'extension', '0', 'en_us', ' jpg '),
 ('113', 'kind', '0', 'en_us', ' image '),
 ('113', 'slug', '0', 'en_us', ' foyer '),
 ('113', 'title', '0', 'en_us', ' foyer '),
 ('114', 'filename', '0', 'en_us', ' glampad jpg '),
 ('114', 'extension', '0', 'en_us', ' jpg '),
 ('114', 'kind', '0', 'en_us', ' image '),
 ('114', 'slug', '0', 'en_us', ' glampad '),
 ('114', 'title', '0', 'en_us', ' glampad '),
 ('115', 'filename', '0', 'en_us', ' goldlist jpg '),
 ('115', 'extension', '0', 'en_us', ' jpg '),
 ('115', 'kind', '0', 'en_us', ' image '),
 ('115', 'slug', '0', 'en_us', ' goldlist '),
 ('115', 'title', '0', 'en_us', ' goldlist '),
 ('116', 'filename', '0', 'en_us', ' magazinecover jpg ');
INSERT INTO `craft_searchindex` (`elementId`, `attribute`, `fieldId`, `locale`, `keywords`) VALUES
 ('116', 'extension', '0', 'en_us', ' jpg '),
 ('116', 'kind', '0', 'en_us', ' image '),
 ('116', 'slug', '0', 'en_us', ' magazine cover '),
 ('116', 'title', '0', 'en_us', ' magazine cover '),
 ('117', 'filename', '0', 'en_us', ' newbanner jpg '),
 ('117', 'extension', '0', 'en_us', ' jpg '),
 ('117', 'kind', '0', 'en_us', ' image '),
 ('117', 'slug', '0', 'en_us', ' newbanner '),
 ('117', 'title', '0', 'en_us', ' newbanner '),
 ('118', 'filename', '0', 'en_us', ' shelleytraditionalcover jpg '),
 ('118', 'extension', '0', 'en_us', ' jpg '),
 ('118', 'kind', '0', 'en_us', ' image '),
 ('118', 'slug', '0', 'en_us', ' shelleytraditionalcover '),
 ('118', 'title', '0', 'en_us', ' shelleytraditionalcover '),
 ('119', 'filename', '0', 'en_us', ' stairs jpg '),
 ('119', 'extension', '0', 'en_us', ' jpg '),
 ('119', 'kind', '0', 'en_us', ' image '),
 ('119', 'slug', '0', 'en_us', ' stairs '),
 ('119', 'title', '0', 'en_us', ' stairs '),
 ('120', 'filename', '0', 'en_us', ' traditionalhomeshouse jpg '),
 ('120', 'extension', '0', 'en_us', ' jpg '),
 ('120', 'kind', '0', 'en_us', ' image '),
 ('120', 'slug', '0', 'en_us', ' traditionalhomes house '),
 ('120', 'title', '0', 'en_us', ' traditionalhomes house '),
 ('121', 'filename', '0', 'en_us', ' vita life blog jpg '),
 ('121', 'extension', '0', 'en_us', ' jpg '),
 ('121', 'kind', '0', 'en_us', ' image '),
 ('121', 'slug', '0', 'en_us', ' vita life blog '),
 ('121', 'title', '0', 'en_us', ' vita life blog '),
 ('514', 'filename', '0', 'en_us', ' stairs jpg '),
 ('520', 'slug', '0', 'en_us', ' press 02 '),
 ('514', 'extension', '0', 'en_us', ' jpg '),
 ('514', 'kind', '0', 'en_us', ' image '),
 ('514', 'slug', '0', 'en_us', ' stairs '),
 ('514', 'title', '0', 'en_us', ' stairs '),
 ('520', 'title', '0', 'en_us', ' press 02 '),
 ('513', 'filename', '0', 'en_us', ' stairflowers jpg '),
 ('513', 'extension', '0', 'en_us', ' jpg '),
 ('513', 'kind', '0', 'en_us', ' image '),
 ('513', 'slug', '0', 'en_us', ' stairflowers '),
 ('513', 'title', '0', 'en_us', ' stairflowers '),
 ('521', 'filename', '0', 'en_us', ' press_03 jpg '),
 ('504', 'slug', '0', 'en_us', ' plant1 '),
 ('504', 'title', '0', 'en_us', ' plant1 '),
 ('504', 'kind', '0', 'en_us', ' image '),
 ('504', 'extension', '0', 'en_us', ' jpg '),
 ('504', 'filename', '0', 'en_us', ' plant1 jpg '),
 ('127', 'filename', '0', 'en_us', ' chicago_home_ _garden_luxe_issue_show_off pdf '),
 ('127', 'extension', '0', 'en_us', ' pdf '),
 ('127', 'kind', '0', 'en_us', ' pdf '),
 ('127', 'slug', '0', 'en_us', ' chicago home garden luxe issue show off '),
 ('127', 'title', '0', 'en_us', ' chicago home garden luxe issue show off '),
 ('128', 'filename', '0', 'en_us', ' chicago_home_ _garden_on_the_edge pdf '),
 ('128', 'extension', '0', 'en_us', ' pdf '),
 ('128', 'kind', '0', 'en_us', ' pdf '),
 ('128', 'slug', '0', 'en_us', ' chicago home garden on the edge '),
 ('128', 'title', '0', 'en_us', ' chicago home garden on the edge '),
 ('129', 'filename', '0', 'en_us', ' chicago_home_ _garden_seeking_serenity pdf '),
 ('129', 'extension', '0', 'en_us', ' pdf '),
 ('129', 'kind', '0', 'en_us', ' pdf '),
 ('129', 'slug', '0', 'en_us', ' chicago home garden seeking serenity '),
 ('129', 'title', '0', 'en_us', ' chicago home garden seeking serenity '),
 ('130', 'filename', '0', 'en_us', ' chicago_home_ _garden_the_art_of_the_mix pdf '),
 ('130', 'extension', '0', 'en_us', ' pdf '),
 ('130', 'kind', '0', 'en_us', ' pdf '),
 ('130', 'slug', '0', 'en_us', ' chicago home garden the art of the mix '),
 ('130', 'title', '0', 'en_us', ' chicago home garden the art of the mix '),
 ('131', 'filename', '0', 'en_us', ' chicago_tribune_magazine_renovate pdf '),
 ('131', 'extension', '0', 'en_us', ' pdf '),
 ('131', 'kind', '0', 'en_us', ' pdf '),
 ('131', 'slug', '0', 'en_us', ' chicago tribune magazine renovate '),
 ('131', 'title', '0', 'en_us', ' chicago tribune magazine renovate '),
 ('132', 'filename', '0', 'en_us', ' forest_ _bluff_interior_design pdf '),
 ('132', 'extension', '0', 'en_us', ' pdf '),
 ('132', 'kind', '0', 'en_us', ' pdf '),
 ('132', 'slug', '0', 'en_us', ' forest bluff interior design '),
 ('132', 'title', '0', 'en_us', ' forest bluff interior design '),
 ('133', 'filename', '0', 'en_us', ' gardens_and_homes_the_style_of_capri pdf '),
 ('133', 'extension', '0', 'en_us', ' pdf '),
 ('133', 'kind', '0', 'en_us', ' pdf '),
 ('133', 'slug', '0', 'en_us', ' gardens and homes the style of capri '),
 ('133', 'title', '0', 'en_us', ' gardens and homes the style of capri '),
 ('134', 'filename', '0', 'en_us', ' house_beautiful_the_makeover_issue pdf '),
 ('134', 'extension', '0', 'en_us', ' pdf '),
 ('134', 'kind', '0', 'en_us', ' pdf '),
 ('134', 'slug', '0', 'en_us', ' house beautiful the makeover issue '),
 ('134', 'title', '0', 'en_us', ' house beautiful the makeover issue '),
 ('135', 'filename', '0', 'en_us', ' house_beautiful_traditional_style_now pdf '),
 ('135', 'extension', '0', 'en_us', ' pdf '),
 ('135', 'kind', '0', 'en_us', ' pdf '),
 ('135', 'slug', '0', 'en_us', ' house beautiful traditional style now '),
 ('135', 'title', '0', 'en_us', ' house beautiful traditional style now '),
 ('136', 'filename', '0', 'en_us', ' luxe_interior_design_design_maven pdf '),
 ('136', 'extension', '0', 'en_us', ' pdf '),
 ('136', 'kind', '0', 'en_us', ' pdf '),
 ('136', 'slug', '0', 'en_us', ' luxe interior design design maven '),
 ('136', 'title', '0', 'en_us', ' luxe interior design design maven '),
 ('137', 'filename', '0', 'en_us', ' luxe_nov15 pdf '),
 ('137', 'extension', '0', 'en_us', ' pdf '),
 ('137', 'kind', '0', 'en_us', ' pdf ');
INSERT INTO `craft_searchindex` (`elementId`, `attribute`, `fieldId`, `locale`, `keywords`) VALUES
 ('137', 'slug', '0', 'en_us', ' luxe nov15 '),
 ('137', 'title', '0', 'en_us', ' luxe nov15 '),
 ('138', 'filename', '0', 'en_us', ' ns_modern_luxury_the_forever_home pdf '),
 ('138', 'extension', '0', 'en_us', ' pdf '),
 ('138', 'kind', '0', 'en_us', ' pdf '),
 ('138', 'slug', '0', 'en_us', ' ns modern luxury the forever home '),
 ('138', 'title', '0', 'en_us', ' ns modern luxury the forever home '),
 ('139', 'filename', '0', 'en_us', ' traditionalhomenov15 pdf '),
 ('139', 'extension', '0', 'en_us', ' pdf '),
 ('139', 'kind', '0', 'en_us', ' pdf '),
 ('139', 'slug', '0', 'en_us', ' traditionalhomenov15 '),
 ('139', 'title', '0', 'en_us', ' traditionalhomenov15 '),
 ('140', 'filename', '0', 'en_us', ' traditionalhomeapril2017 pdf '),
 ('140', 'extension', '0', 'en_us', ' pdf '),
 ('140', 'kind', '0', 'en_us', ' pdf '),
 ('140', 'slug', '0', 'en_us', ' traditional home april2017 '),
 ('140', 'title', '0', 'en_us', ' traditional home april2017 '),
 ('141', 'filename', '0', 'en_us', ' forest bluff 2016 pdf '),
 ('141', 'extension', '0', 'en_us', ' pdf '),
 ('141', 'kind', '0', 'en_us', ' pdf '),
 ('141', 'slug', '0', 'en_us', ' forest bluff 2016 '),
 ('141', 'title', '0', 'en_us', ' forest bluff 2016 '),
 ('142', 'filename', '0', 'en_us', ' luxegoldlist pdf '),
 ('142', 'extension', '0', 'en_us', ' pdf '),
 ('142', 'kind', '0', 'en_us', ' pdf '),
 ('142', 'slug', '0', 'en_us', ' luxegoldlist '),
 ('142', 'title', '0', 'en_us', ' luxegoldlist '),
 ('143', 'filename', '0', 'en_us', ' press_01 jpg '),
 ('143', 'extension', '0', 'en_us', ' jpg '),
 ('143', 'kind', '0', 'en_us', ' image '),
 ('143', 'slug', '0', 'en_us', ' press 01 '),
 ('143', 'title', '0', 'en_us', ' press 01 '),
 ('144', 'filename', '0', 'en_us', ' press_02 jpg '),
 ('144', 'extension', '0', 'en_us', ' jpg '),
 ('144', 'kind', '0', 'en_us', ' image '),
 ('144', 'slug', '0', 'en_us', ' press 02 '),
 ('144', 'title', '0', 'en_us', ' press 02 '),
 ('145', 'filename', '0', 'en_us', ' press_03 jpg '),
 ('145', 'extension', '0', 'en_us', ' jpg '),
 ('145', 'kind', '0', 'en_us', ' image '),
 ('145', 'slug', '0', 'en_us', ' press 03 '),
 ('145', 'title', '0', 'en_us', ' press 03 '),
 ('146', 'filename', '0', 'en_us', ' press_04 jpg '),
 ('146', 'extension', '0', 'en_us', ' jpg '),
 ('146', 'kind', '0', 'en_us', ' image '),
 ('146', 'slug', '0', 'en_us', ' press 04 '),
 ('146', 'title', '0', 'en_us', ' press 04 '),
 ('147', 'filename', '0', 'en_us', ' press_05 jpg '),
 ('147', 'extension', '0', 'en_us', ' jpg '),
 ('147', 'kind', '0', 'en_us', ' image '),
 ('147', 'slug', '0', 'en_us', ' press 05 '),
 ('147', 'title', '0', 'en_us', ' press 05 '),
 ('148', 'filename', '0', 'en_us', ' press_06 jpg '),
 ('148', 'extension', '0', 'en_us', ' jpg '),
 ('148', 'kind', '0', 'en_us', ' image '),
 ('148', 'slug', '0', 'en_us', ' press 06 '),
 ('148', 'title', '0', 'en_us', ' press 06 '),
 ('149', 'filename', '0', 'en_us', ' press_07 jpg '),
 ('149', 'extension', '0', 'en_us', ' jpg '),
 ('149', 'kind', '0', 'en_us', ' image '),
 ('149', 'slug', '0', 'en_us', ' press 07 '),
 ('149', 'title', '0', 'en_us', ' press 07 '),
 ('150', 'filename', '0', 'en_us', ' press_08 jpg '),
 ('150', 'extension', '0', 'en_us', ' jpg '),
 ('150', 'kind', '0', 'en_us', ' image '),
 ('150', 'slug', '0', 'en_us', ' press 08 '),
 ('150', 'title', '0', 'en_us', ' press 08 '),
 ('151', 'filename', '0', 'en_us', ' press_09 jpg '),
 ('151', 'extension', '0', 'en_us', ' jpg '),
 ('151', 'kind', '0', 'en_us', ' image '),
 ('151', 'slug', '0', 'en_us', ' press 09 '),
 ('151', 'title', '0', 'en_us', ' press 09 '),
 ('152', 'filename', '0', 'en_us', ' press_10 jpg '),
 ('152', 'extension', '0', 'en_us', ' jpg '),
 ('152', 'kind', '0', 'en_us', ' image '),
 ('152', 'slug', '0', 'en_us', ' press 10 '),
 ('152', 'title', '0', 'en_us', ' press 10 '),
 ('153', 'filename', '0', 'en_us', ' press_11 jpg '),
 ('153', 'extension', '0', 'en_us', ' jpg '),
 ('153', 'kind', '0', 'en_us', ' image '),
 ('153', 'slug', '0', 'en_us', ' press 11 '),
 ('153', 'title', '0', 'en_us', ' press 11 '),
 ('154', 'filename', '0', 'en_us', ' press_12 jpg '),
 ('154', 'extension', '0', 'en_us', ' jpg '),
 ('154', 'kind', '0', 'en_us', ' image '),
 ('154', 'slug', '0', 'en_us', ' press 12 '),
 ('154', 'title', '0', 'en_us', ' press 12 '),
 ('155', 'filename', '0', 'en_us', ' press_13 jpg '),
 ('155', 'extension', '0', 'en_us', ' jpg '),
 ('155', 'kind', '0', 'en_us', ' image '),
 ('155', 'slug', '0', 'en_us', ' press 13 '),
 ('155', 'title', '0', 'en_us', ' press 13 '),
 ('156', 'filename', '0', 'en_us', ' press_14 jpg '),
 ('156', 'extension', '0', 'en_us', ' jpg '),
 ('156', 'kind', '0', 'en_us', ' image '),
 ('156', 'slug', '0', 'en_us', ' press 14 '),
 ('156', 'title', '0', 'en_us', ' press 14 '),
 ('157', 'filename', '0', 'en_us', ' press_15 jpg '),
 ('157', 'extension', '0', 'en_us', ' jpg '),
 ('157', 'kind', '0', 'en_us', ' image ');
INSERT INTO `craft_searchindex` (`elementId`, `attribute`, `fieldId`, `locale`, `keywords`) VALUES
 ('157', 'slug', '0', 'en_us', ' press 15 '),
 ('157', 'title', '0', 'en_us', ' press 15 '),
 ('158', 'filename', '0', 'en_us', ' press_16 jpg '),
 ('158', 'extension', '0', 'en_us', ' jpg '),
 ('158', 'kind', '0', 'en_us', ' image '),
 ('158', 'slug', '0', 'en_us', ' press 16 '),
 ('158', 'title', '0', 'en_us', ' press 16 '),
 ('159', 'filename', '0', 'en_us', ' press_17 jpg '),
 ('159', 'extension', '0', 'en_us', ' jpg '),
 ('159', 'kind', '0', 'en_us', ' image '),
 ('159', 'slug', '0', 'en_us', ' press 17 '),
 ('159', 'title', '0', 'en_us', ' press 17 '),
 ('160', 'filename', '0', 'en_us', ' press_18 jpg '),
 ('160', 'extension', '0', 'en_us', ' jpg '),
 ('160', 'kind', '0', 'en_us', ' image '),
 ('160', 'slug', '0', 'en_us', ' press 18 '),
 ('160', 'title', '0', 'en_us', ' press 18 '),
 ('503', 'slug', '0', 'en_us', ' pink bookcase '),
 ('503', 'title', '0', 'en_us', ' pink bookcase '),
 ('503', 'kind', '0', 'en_us', ' image '),
 ('503', 'extension', '0', 'en_us', ' jpg '),
 ('162', 'filename', '0', 'en_us', ' btnnext png '),
 ('162', 'extension', '0', 'en_us', ' png '),
 ('162', 'kind', '0', 'en_us', ' image '),
 ('162', 'slug', '0', 'en_us', ' btn next '),
 ('162', 'title', '0', 'en_us', ' btn next '),
 ('163', 'filename', '0', 'en_us', ' btnprevious png '),
 ('163', 'extension', '0', 'en_us', ' png '),
 ('163', 'kind', '0', 'en_us', ' image '),
 ('163', 'slug', '0', 'en_us', ' btn previous '),
 ('163', 'title', '0', 'en_us', ' btn previous '),
 ('164', 'filename', '0', 'en_us', ' contentpattern png '),
 ('164', 'extension', '0', 'en_us', ' png '),
 ('164', 'kind', '0', 'en_us', ' image '),
 ('164', 'slug', '0', 'en_us', ' content pattern '),
 ('164', 'title', '0', 'en_us', ' content pattern '),
 ('165', 'filename', '0', 'en_us', ' default_thumbnail gif '),
 ('165', 'extension', '0', 'en_us', ' gif '),
 ('165', 'kind', '0', 'en_us', ' image '),
 ('165', 'slug', '0', 'en_us', ' default thumbnail '),
 ('165', 'title', '0', 'en_us', ' default thumbnail '),
 ('166', 'filename', '0', 'en_us', ' loader gif '),
 ('166', 'extension', '0', 'en_us', ' gif '),
 ('166', 'kind', '0', 'en_us', ' image '),
 ('166', 'slug', '0', 'en_us', ' loader '),
 ('166', 'title', '0', 'en_us', ' loader '),
 ('167', 'filename', '0', 'en_us', ' sprite png '),
 ('167', 'extension', '0', 'en_us', ' png '),
 ('167', 'kind', '0', 'en_us', ' image '),
 ('167', 'slug', '0', 'en_us', ' sprite '),
 ('167', 'title', '0', 'en_us', ' sprite '),
 ('168', 'filename', '0', 'en_us', ' btnnext png '),
 ('168', 'extension', '0', 'en_us', ' png '),
 ('168', 'kind', '0', 'en_us', ' image '),
 ('168', 'slug', '0', 'en_us', ' btn next '),
 ('168', 'title', '0', 'en_us', ' btn next '),
 ('169', 'filename', '0', 'en_us', ' btnprevious png '),
 ('169', 'extension', '0', 'en_us', ' png '),
 ('169', 'kind', '0', 'en_us', ' image '),
 ('169', 'slug', '0', 'en_us', ' btn previous '),
 ('169', 'title', '0', 'en_us', ' btn previous '),
 ('170', 'filename', '0', 'en_us', ' contentpattern png '),
 ('170', 'extension', '0', 'en_us', ' png '),
 ('170', 'kind', '0', 'en_us', ' image '),
 ('170', 'slug', '0', 'en_us', ' content pattern '),
 ('170', 'title', '0', 'en_us', ' content pattern '),
 ('171', 'filename', '0', 'en_us', ' default_thumbnail gif '),
 ('171', 'extension', '0', 'en_us', ' gif '),
 ('171', 'kind', '0', 'en_us', ' image '),
 ('171', 'slug', '0', 'en_us', ' default thumbnail '),
 ('171', 'title', '0', 'en_us', ' default thumbnail '),
 ('172', 'filename', '0', 'en_us', ' loader gif '),
 ('172', 'extension', '0', 'en_us', ' gif '),
 ('172', 'kind', '0', 'en_us', ' image '),
 ('172', 'slug', '0', 'en_us', ' loader '),
 ('172', 'title', '0', 'en_us', ' loader '),
 ('173', 'filename', '0', 'en_us', ' sprite png '),
 ('173', 'extension', '0', 'en_us', ' png '),
 ('173', 'kind', '0', 'en_us', ' image '),
 ('173', 'slug', '0', 'en_us', ' sprite '),
 ('173', 'title', '0', 'en_us', ' sprite '),
 ('174', 'filename', '0', 'en_us', ' default_thumb png '),
 ('174', 'extension', '0', 'en_us', ' png '),
 ('174', 'kind', '0', 'en_us', ' image '),
 ('174', 'slug', '0', 'en_us', ' default thumb '),
 ('174', 'title', '0', 'en_us', ' default thumb '),
 ('175', 'filename', '0', 'en_us', ' loader gif '),
 ('175', 'extension', '0', 'en_us', ' gif '),
 ('175', 'kind', '0', 'en_us', ' image '),
 ('175', 'slug', '0', 'en_us', ' loader '),
 ('175', 'title', '0', 'en_us', ' loader '),
 ('176', 'filename', '0', 'en_us', ' sprite png '),
 ('176', 'extension', '0', 'en_us', ' png '),
 ('176', 'kind', '0', 'en_us', ' image '),
 ('176', 'slug', '0', 'en_us', ' sprite '),
 ('176', 'title', '0', 'en_us', ' sprite '),
 ('177', 'filename', '0', 'en_us', ' sprite_next png '),
 ('177', 'extension', '0', 'en_us', ' png '),
 ('177', 'kind', '0', 'en_us', ' image '),
 ('177', 'slug', '0', 'en_us', ' sprite next ');
INSERT INTO `craft_searchindex` (`elementId`, `attribute`, `fieldId`, `locale`, `keywords`) VALUES
 ('177', 'title', '0', 'en_us', ' sprite next '),
 ('178', 'filename', '0', 'en_us', ' sprite_prev png '),
 ('178', 'extension', '0', 'en_us', ' png '),
 ('178', 'kind', '0', 'en_us', ' image '),
 ('178', 'slug', '0', 'en_us', ' sprite prev '),
 ('178', 'title', '0', 'en_us', ' sprite prev '),
 ('179', 'filename', '0', 'en_us', ' sprite_x png '),
 ('179', 'extension', '0', 'en_us', ' png '),
 ('179', 'kind', '0', 'en_us', ' image '),
 ('179', 'slug', '0', 'en_us', ' sprite x '),
 ('179', 'title', '0', 'en_us', ' sprite x '),
 ('180', 'filename', '0', 'en_us', ' sprite_y png '),
 ('180', 'extension', '0', 'en_us', ' png '),
 ('180', 'kind', '0', 'en_us', ' image '),
 ('180', 'slug', '0', 'en_us', ' sprite y '),
 ('180', 'title', '0', 'en_us', ' sprite y '),
 ('181', 'filename', '0', 'en_us', ' btnprevious png '),
 ('181', 'extension', '0', 'en_us', ' png '),
 ('181', 'kind', '0', 'en_us', ' image '),
 ('181', 'slug', '0', 'en_us', ' btn previous '),
 ('181', 'title', '0', 'en_us', ' btn previous '),
 ('182', 'filename', '0', 'en_us', ' contentpatternbottom png '),
 ('182', 'extension', '0', 'en_us', ' png '),
 ('182', 'kind', '0', 'en_us', ' image '),
 ('182', 'slug', '0', 'en_us', ' content pattern bottom '),
 ('182', 'title', '0', 'en_us', ' content pattern bottom '),
 ('183', 'filename', '0', 'en_us', ' contentpatternleft png '),
 ('183', 'extension', '0', 'en_us', ' png '),
 ('183', 'kind', '0', 'en_us', ' image '),
 ('183', 'slug', '0', 'en_us', ' content pattern left '),
 ('183', 'title', '0', 'en_us', ' content pattern left '),
 ('184', 'filename', '0', 'en_us', ' contentpatternright png '),
 ('184', 'extension', '0', 'en_us', ' png '),
 ('184', 'kind', '0', 'en_us', ' image '),
 ('184', 'slug', '0', 'en_us', ' content pattern right '),
 ('184', 'title', '0', 'en_us', ' content pattern right '),
 ('185', 'filename', '0', 'en_us', ' contentpatterntop png '),
 ('185', 'extension', '0', 'en_us', ' png '),
 ('185', 'kind', '0', 'en_us', ' image '),
 ('185', 'slug', '0', 'en_us', ' content pattern top '),
 ('185', 'title', '0', 'en_us', ' content pattern top '),
 ('186', 'filename', '0', 'en_us', ' default_thumbnail gif '),
 ('186', 'extension', '0', 'en_us', ' gif '),
 ('186', 'kind', '0', 'en_us', ' image '),
 ('186', 'slug', '0', 'en_us', ' default thumbnail '),
 ('186', 'title', '0', 'en_us', ' default thumbnail '),
 ('187', 'filename', '0', 'en_us', ' loader gif '),
 ('187', 'extension', '0', 'en_us', ' gif '),
 ('187', 'kind', '0', 'en_us', ' image '),
 ('187', 'slug', '0', 'en_us', ' loader '),
 ('187', 'title', '0', 'en_us', ' loader '),
 ('188', 'filename', '0', 'en_us', ' sprite png '),
 ('188', 'extension', '0', 'en_us', ' png '),
 ('188', 'kind', '0', 'en_us', ' image '),
 ('188', 'slug', '0', 'en_us', ' sprite '),
 ('188', 'title', '0', 'en_us', ' sprite '),
 ('189', 'filename', '0', 'en_us', ' btnnext png '),
 ('189', 'extension', '0', 'en_us', ' png '),
 ('189', 'kind', '0', 'en_us', ' image '),
 ('189', 'slug', '0', 'en_us', ' btn next '),
 ('189', 'title', '0', 'en_us', ' btn next '),
 ('190', 'filename', '0', 'en_us', ' btnnext png '),
 ('190', 'extension', '0', 'en_us', ' png '),
 ('190', 'kind', '0', 'en_us', ' image '),
 ('190', 'slug', '0', 'en_us', ' btn next '),
 ('190', 'title', '0', 'en_us', ' btn next '),
 ('191', 'filename', '0', 'en_us', ' btnprevious png '),
 ('191', 'extension', '0', 'en_us', ' png '),
 ('191', 'kind', '0', 'en_us', ' image '),
 ('191', 'slug', '0', 'en_us', ' btn previous '),
 ('191', 'title', '0', 'en_us', ' btn previous '),
 ('192', 'filename', '0', 'en_us', ' default_thumbnail gif '),
 ('192', 'extension', '0', 'en_us', ' gif '),
 ('192', 'kind', '0', 'en_us', ' image '),
 ('192', 'slug', '0', 'en_us', ' default thumbnail '),
 ('192', 'title', '0', 'en_us', ' default thumbnail '),
 ('193', 'filename', '0', 'en_us', ' loader gif '),
 ('193', 'extension', '0', 'en_us', ' gif '),
 ('193', 'kind', '0', 'en_us', ' image '),
 ('193', 'slug', '0', 'en_us', ' loader '),
 ('193', 'title', '0', 'en_us', ' loader '),
 ('194', 'filename', '0', 'en_us', ' sprite png '),
 ('194', 'extension', '0', 'en_us', ' png '),
 ('194', 'kind', '0', 'en_us', ' image '),
 ('194', 'slug', '0', 'en_us', ' sprite '),
 ('194', 'title', '0', 'en_us', ' sprite '),
 ('195', 'filename', '0', 'en_us', ' btnnext png '),
 ('195', 'extension', '0', 'en_us', ' png '),
 ('195', 'kind', '0', 'en_us', ' image '),
 ('195', 'slug', '0', 'en_us', ' btn next '),
 ('195', 'title', '0', 'en_us', ' btn next '),
 ('196', 'filename', '0', 'en_us', ' btnprevious png '),
 ('196', 'extension', '0', 'en_us', ' png '),
 ('196', 'kind', '0', 'en_us', ' image '),
 ('196', 'slug', '0', 'en_us', ' btn previous '),
 ('196', 'title', '0', 'en_us', ' btn previous '),
 ('197', 'filename', '0', 'en_us', ' default_thumbnail gif '),
 ('197', 'extension', '0', 'en_us', ' gif '),
 ('197', 'kind', '0', 'en_us', ' image '),
 ('197', 'slug', '0', 'en_us', ' default thumbnail ');
INSERT INTO `craft_searchindex` (`elementId`, `attribute`, `fieldId`, `locale`, `keywords`) VALUES
 ('197', 'title', '0', 'en_us', ' default thumbnail '),
 ('198', 'filename', '0', 'en_us', ' loader gif '),
 ('198', 'extension', '0', 'en_us', ' gif '),
 ('198', 'kind', '0', 'en_us', ' image '),
 ('198', 'slug', '0', 'en_us', ' loader '),
 ('198', 'title', '0', 'en_us', ' loader '),
 ('199', 'filename', '0', 'en_us', ' sprite png '),
 ('199', 'extension', '0', 'en_us', ' png '),
 ('199', 'kind', '0', 'en_us', ' image '),
 ('199', 'slug', '0', 'en_us', ' sprite '),
 ('199', 'title', '0', 'en_us', ' sprite '),
 ('503', 'filename', '0', 'en_us', ' pinkbookcase jpg '),
 ('502', 'title', '0', 'en_us', ' patio post '),
 ('502', 'slug', '0', 'en_us', ' patio post '),
 ('201', 'filename', '0', 'en_us', ' bathroom1 jpg '),
 ('201', 'extension', '0', 'en_us', ' jpg '),
 ('201', 'kind', '0', 'en_us', ' image '),
 ('201', 'slug', '0', 'en_us', ' bathroom1 '),
 ('201', 'title', '0', 'en_us', ' bathroom1 '),
 ('202', 'filename', '0', 'en_us', ' bluebathroom jpg '),
 ('202', 'extension', '0', 'en_us', ' jpg '),
 ('202', 'kind', '0', 'en_us', ' image '),
 ('202', 'slug', '0', 'en_us', ' blue bathroom '),
 ('202', 'title', '0', 'en_us', ' blue bathroom '),
 ('203', 'filename', '0', 'en_us', ' bluechairs jpg '),
 ('203', 'extension', '0', 'en_us', ' jpg '),
 ('203', 'kind', '0', 'en_us', ' image '),
 ('203', 'slug', '0', 'en_us', ' blue chairs '),
 ('203', 'title', '0', 'en_us', ' blue chairs '),
 ('204', 'filename', '0', 'en_us', ' blueroom jpg '),
 ('204', 'extension', '0', 'en_us', ' jpg '),
 ('204', 'kind', '0', 'en_us', ' image '),
 ('204', 'slug', '0', 'en_us', ' blue room '),
 ('204', 'title', '0', 'en_us', ' blue room '),
 ('205', 'filename', '0', 'en_us', ' bluedining jpg '),
 ('205', 'extension', '0', 'en_us', ' jpg '),
 ('205', 'kind', '0', 'en_us', ' image '),
 ('205', 'slug', '0', 'en_us', ' bluedining '),
 ('205', 'title', '0', 'en_us', ' bluedining '),
 ('206', 'filename', '0', 'en_us', ' brownlivingroom jpg '),
 ('206', 'extension', '0', 'en_us', ' jpg '),
 ('206', 'kind', '0', 'en_us', ' image '),
 ('206', 'slug', '0', 'en_us', ' brown living room '),
 ('206', 'title', '0', 'en_us', ' brown living room '),
 ('207', 'filename', '0', 'en_us', ' brownroom jpg '),
 ('207', 'extension', '0', 'en_us', ' jpg '),
 ('207', 'kind', '0', 'en_us', ' image '),
 ('207', 'slug', '0', 'en_us', ' brown room '),
 ('207', 'title', '0', 'en_us', ' brown room '),
 ('208', 'filename', '0', 'en_us', ' espressokitchen jpg '),
 ('208', 'extension', '0', 'en_us', ' jpg '),
 ('208', 'kind', '0', 'en_us', ' image '),
 ('208', 'slug', '0', 'en_us', ' espresso kitchen '),
 ('208', 'title', '0', 'en_us', ' espresso kitchen '),
 ('209', 'filename', '0', 'en_us', ' goldbedroom jpg '),
 ('209', 'extension', '0', 'en_us', ' jpg '),
 ('209', 'kind', '0', 'en_us', ' image '),
 ('209', 'slug', '0', 'en_us', ' gold bedroom '),
 ('209', 'title', '0', 'en_us', ' gold bedroom '),
 ('210', 'filename', '0', 'en_us', ' goldroom jpg '),
 ('210', 'extension', '0', 'en_us', ' jpg '),
 ('210', 'kind', '0', 'en_us', ' image '),
 ('210', 'slug', '0', 'en_us', ' gold room '),
 ('210', 'title', '0', 'en_us', ' gold room '),
 ('211', 'filename', '0', 'en_us', ' goldandwhite jpg '),
 ('211', 'extension', '0', 'en_us', ' jpg '),
 ('211', 'kind', '0', 'en_us', ' image '),
 ('211', 'slug', '0', 'en_us', ' goldand white '),
 ('211', 'title', '0', 'en_us', ' goldand white '),
 ('212', 'filename', '0', 'en_us', ' goldkitchen jpg '),
 ('212', 'extension', '0', 'en_us', ' jpg '),
 ('212', 'kind', '0', 'en_us', ' image '),
 ('212', 'slug', '0', 'en_us', ' goldkitchen '),
 ('212', 'title', '0', 'en_us', ' goldkitchen '),
 ('213', 'filename', '0', 'en_us', ' greenbathroom jpg '),
 ('213', 'extension', '0', 'en_us', ' jpg '),
 ('213', 'kind', '0', 'en_us', ' image '),
 ('213', 'slug', '0', 'en_us', ' green bathroom '),
 ('213', 'title', '0', 'en_us', ' green bathroom '),
 ('214', 'filename', '0', 'en_us', ' kitchen2 jpg '),
 ('214', 'extension', '0', 'en_us', ' jpg '),
 ('214', 'kind', '0', 'en_us', ' image '),
 ('214', 'slug', '0', 'en_us', ' kitchen2 '),
 ('214', 'title', '0', 'en_us', ' kitchen2 '),
 ('215', 'filename', '0', 'en_us', ' offwhitebedroom jpg '),
 ('215', 'extension', '0', 'en_us', ' jpg '),
 ('215', 'kind', '0', 'en_us', ' image '),
 ('215', 'slug', '0', 'en_us', ' off white bedroom '),
 ('215', 'title', '0', 'en_us', ' off white bedroom '),
 ('216', 'filename', '0', 'en_us', ' orangeroom jpg '),
 ('216', 'extension', '0', 'en_us', ' jpg '),
 ('216', 'kind', '0', 'en_us', ' image '),
 ('216', 'slug', '0', 'en_us', ' orange room '),
 ('216', 'title', '0', 'en_us', ' orange room '),
 ('217', 'filename', '0', 'en_us', ' orangewall jpg '),
 ('217', 'extension', '0', 'en_us', ' jpg '),
 ('217', 'kind', '0', 'en_us', ' image '),
 ('217', 'slug', '0', 'en_us', ' orange wall '),
 ('217', 'title', '0', 'en_us', ' orange wall '),
 ('218', 'filename', '0', 'en_us', ' palmwallpaper jpg ');
INSERT INTO `craft_searchindex` (`elementId`, `attribute`, `fieldId`, `locale`, `keywords`) VALUES
 ('218', 'extension', '0', 'en_us', ' jpg '),
 ('218', 'kind', '0', 'en_us', ' image '),
 ('218', 'slug', '0', 'en_us', ' palm wallpaper '),
 ('218', 'title', '0', 'en_us', ' palm wallpaper '),
 ('219', 'filename', '0', 'en_us', ' staircase jpg '),
 ('219', 'extension', '0', 'en_us', ' jpg '),
 ('219', 'kind', '0', 'en_us', ' image '),
 ('219', 'slug', '0', 'en_us', ' staircase '),
 ('219', 'title', '0', 'en_us', ' staircase '),
 ('220', 'filename', '0', 'en_us', ' staircase_2 jpg '),
 ('220', 'extension', '0', 'en_us', ' jpg '),
 ('220', 'kind', '0', 'en_us', ' image '),
 ('220', 'slug', '0', 'en_us', ' staircase 2 '),
 ('220', 'title', '0', 'en_us', ' staircase 2 '),
 ('221', 'filename', '0', 'en_us', ' stripeddining_thumb jpg '),
 ('221', 'extension', '0', 'en_us', ' jpg '),
 ('221', 'kind', '0', 'en_us', ' image '),
 ('221', 'slug', '0', 'en_us', ' stripeddining thumb '),
 ('221', 'title', '0', 'en_us', ' stripeddining thumb '),
 ('222', 'filename', '0', 'en_us', ' table jpg '),
 ('222', 'extension', '0', 'en_us', ' jpg '),
 ('222', 'kind', '0', 'en_us', ' image '),
 ('222', 'slug', '0', 'en_us', ' table '),
 ('222', 'title', '0', 'en_us', ' table '),
 ('223', 'filename', '0', 'en_us', ' whitekitchen jpg '),
 ('223', 'extension', '0', 'en_us', ' jpg '),
 ('223', 'kind', '0', 'en_us', ' image '),
 ('223', 'slug', '0', 'en_us', ' white kitchen '),
 ('223', 'title', '0', 'en_us', ' white kitchen '),
 ('224', 'filename', '0', 'en_us', ' whiteroom jpg '),
 ('224', 'extension', '0', 'en_us', ' jpg '),
 ('224', 'kind', '0', 'en_us', ' image '),
 ('224', 'slug', '0', 'en_us', ' white room '),
 ('224', 'title', '0', 'en_us', ' white room '),
 ('502', 'kind', '0', 'en_us', ' image '),
 ('502', 'extension', '0', 'en_us', ' jpg '),
 ('502', 'filename', '0', 'en_us', ' patiopost jpg '),
 ('501', 'title', '0', 'en_us', ' loft railing '),
 ('501', 'slug', '0', 'en_us', ' loft railing '),
 ('501', 'extension', '0', 'en_us', ' jpg '),
 ('501', 'kind', '0', 'en_us', ' image '),
 ('501', 'filename', '0', 'en_us', ' loftrailing jpg '),
 ('500', 'title', '0', 'en_us', ' green ceiling '),
 ('500', 'kind', '0', 'en_us', ' image '),
 ('500', 'slug', '0', 'en_us', ' green ceiling '),
 ('500', 'extension', '0', 'en_us', ' jpg '),
 ('500', 'filename', '0', 'en_us', ' greenceiling jpg '),
 ('499', 'title', '0', 'en_us', ' flower lamp '),
 ('499', 'kind', '0', 'en_us', ' image '),
 ('499', 'slug', '0', 'en_us', ' flower lamp '),
 ('499', 'extension', '0', 'en_us', ' jpg '),
 ('499', 'filename', '0', 'en_us', ' flowerlamp jpg '),
 ('498', 'slug', '0', 'en_us', ' flower bird '),
 ('498', 'title', '0', 'en_us', ' flower bird '),
 ('498', 'kind', '0', 'en_us', ' image '),
 ('498', 'extension', '0', 'en_us', ' jpg '),
 ('231', 'filename', '0', 'en_us', ' bathroomnew1 jpg '),
 ('231', 'extension', '0', 'en_us', ' jpg '),
 ('231', 'kind', '0', 'en_us', ' image '),
 ('231', 'slug', '0', 'en_us', ' bathroom new1 '),
 ('231', 'title', '0', 'en_us', ' bathroom new1 '),
 ('232', 'filename', '0', 'en_us', ' big_flower jpg '),
 ('232', 'extension', '0', 'en_us', ' jpg '),
 ('232', 'kind', '0', 'en_us', ' image '),
 ('232', 'slug', '0', 'en_us', ' big flower '),
 ('232', 'title', '0', 'en_us', ' big flower '),
 ('233', 'filename', '0', 'en_us', ' birdchair jpg '),
 ('233', 'extension', '0', 'en_us', ' jpg '),
 ('233', 'kind', '0', 'en_us', ' image '),
 ('233', 'slug', '0', 'en_us', ' bird chair '),
 ('233', 'title', '0', 'en_us', ' bird chair '),
 ('234', 'filename', '0', 'en_us', ' black kitchen jpg '),
 ('234', 'extension', '0', 'en_us', ' jpg '),
 ('234', 'kind', '0', 'en_us', ' image '),
 ('234', 'slug', '0', 'en_us', ' black kitchen '),
 ('234', 'title', '0', 'en_us', ' black kitchen '),
 ('235', 'filename', '0', 'en_us', ' blackwindows jpg '),
 ('235', 'extension', '0', 'en_us', ' jpg '),
 ('235', 'kind', '0', 'en_us', ' image '),
 ('235', 'slug', '0', 'en_us', ' black windows '),
 ('235', 'title', '0', 'en_us', ' black windows '),
 ('236', 'filename', '0', 'en_us', ' blue_bookcase jpg '),
 ('236', 'extension', '0', 'en_us', ' jpg '),
 ('236', 'kind', '0', 'en_us', ' image '),
 ('236', 'slug', '0', 'en_us', ' blue bookcase '),
 ('236', 'title', '0', 'en_us', ' blue bookcase '),
 ('237', 'filename', '0', 'en_us', ' blue_chair jpg '),
 ('237', 'extension', '0', 'en_us', ' jpg '),
 ('237', 'kind', '0', 'en_us', ' image '),
 ('237', 'slug', '0', 'en_us', ' blue chair '),
 ('237', 'title', '0', 'en_us', ' blue chair '),
 ('238', 'filename', '0', 'en_us', ' blue_doors jpg '),
 ('238', 'extension', '0', 'en_us', ' jpg '),
 ('238', 'kind', '0', 'en_us', ' image '),
 ('238', 'slug', '0', 'en_us', ' blue doors '),
 ('238', 'title', '0', 'en_us', ' blue doors '),
 ('239', 'filename', '0', 'en_us', ' blue_flowers jpg '),
 ('239', 'extension', '0', 'en_us', ' jpg '),
 ('239', 'kind', '0', 'en_us', ' image '),
 ('239', 'slug', '0', 'en_us', ' blue flowers ');
INSERT INTO `craft_searchindex` (`elementId`, `attribute`, `fieldId`, `locale`, `keywords`) VALUES
 ('239', 'title', '0', 'en_us', ' blue flowers '),
 ('240', 'filename', '0', 'en_us', ' blue_lamps jpg '),
 ('240', 'extension', '0', 'en_us', ' jpg '),
 ('240', 'kind', '0', 'en_us', ' image '),
 ('240', 'slug', '0', 'en_us', ' blue lamps '),
 ('240', 'title', '0', 'en_us', ' blue lamps '),
 ('241', 'filename', '0', 'en_us', ' blue_pink_bed jpg '),
 ('241', 'extension', '0', 'en_us', ' jpg '),
 ('241', 'kind', '0', 'en_us', ' image '),
 ('241', 'slug', '0', 'en_us', ' blue pink bed '),
 ('241', 'title', '0', 'en_us', ' blue pink bed '),
 ('242', 'filename', '0', 'en_us', ' blue_vase jpg '),
 ('242', 'extension', '0', 'en_us', ' jpg '),
 ('242', 'kind', '0', 'en_us', ' image '),
 ('242', 'slug', '0', 'en_us', ' blue vase '),
 ('242', 'title', '0', 'en_us', ' blue vase '),
 ('243', 'filename', '0', 'en_us', ' blue_wallpaper jpg '),
 ('243', 'extension', '0', 'en_us', ' jpg '),
 ('243', 'kind', '0', 'en_us', ' image '),
 ('243', 'slug', '0', 'en_us', ' blue wallpaper '),
 ('243', 'title', '0', 'en_us', ' blue wallpaper '),
 ('244', 'filename', '0', 'en_us', ' bluedining jpg '),
 ('244', 'extension', '0', 'en_us', ' jpg '),
 ('244', 'kind', '0', 'en_us', ' image '),
 ('244', 'slug', '0', 'en_us', ' bluedining '),
 ('244', 'title', '0', 'en_us', ' bluedining '),
 ('245', 'filename', '0', 'en_us', ' chandelier jpg '),
 ('245', 'extension', '0', 'en_us', ' jpg '),
 ('245', 'kind', '0', 'en_us', ' image '),
 ('245', 'slug', '0', 'en_us', ' chandelier '),
 ('245', 'title', '0', 'en_us', ' chandelier '),
 ('246', 'filename', '0', 'en_us', ' clear_table jpg '),
 ('246', 'extension', '0', 'en_us', ' jpg '),
 ('246', 'kind', '0', 'en_us', ' image '),
 ('246', 'slug', '0', 'en_us', ' clear table '),
 ('246', 'title', '0', 'en_us', ' clear table '),
 ('247', 'filename', '0', 'en_us', ' coppersink jpg '),
 ('247', 'extension', '0', 'en_us', ' jpg '),
 ('247', 'kind', '0', 'en_us', ' image '),
 ('247', 'slug', '0', 'en_us', ' copper sink '),
 ('247', 'title', '0', 'en_us', ' copper sink '),
 ('248', 'filename', '0', 'en_us', ' dali_lithograph jpg '),
 ('248', 'extension', '0', 'en_us', ' jpg '),
 ('248', 'kind', '0', 'en_us', ' image '),
 ('248', 'slug', '0', 'en_us', ' dali lithograph '),
 ('248', 'title', '0', 'en_us', ' dali lithograph '),
 ('249', 'filename', '0', 'en_us', ' desk jpg '),
 ('249', 'extension', '0', 'en_us', ' jpg '),
 ('249', 'kind', '0', 'en_us', ' image '),
 ('249', 'slug', '0', 'en_us', ' desk '),
 ('249', 'title', '0', 'en_us', ' desk '),
 ('250', 'filename', '0', 'en_us', ' flowers_vase jpg '),
 ('250', 'extension', '0', 'en_us', ' jpg '),
 ('250', 'kind', '0', 'en_us', ' image '),
 ('250', 'slug', '0', 'en_us', ' flowers vase '),
 ('250', 'title', '0', 'en_us', ' flowers vase '),
 ('251', 'filename', '0', 'en_us', ' goldkitchen jpg '),
 ('251', 'extension', '0', 'en_us', ' jpg '),
 ('251', 'kind', '0', 'en_us', ' image '),
 ('251', 'slug', '0', 'en_us', ' gold kitchen '),
 ('251', 'title', '0', 'en_us', ' gold kitchen '),
 ('252', 'filename', '0', 'en_us', ' gold_room jpg '),
 ('252', 'extension', '0', 'en_us', ' jpg '),
 ('252', 'kind', '0', 'en_us', ' image '),
 ('252', 'slug', '0', 'en_us', ' gold room '),
 ('252', 'title', '0', 'en_us', ' gold room '),
 ('253', 'filename', '0', 'en_us', ' greenplant jpg '),
 ('253', 'extension', '0', 'en_us', ' jpg '),
 ('253', 'kind', '0', 'en_us', ' image '),
 ('253', 'slug', '0', 'en_us', ' green plant '),
 ('253', 'title', '0', 'en_us', ' green plant '),
 ('254', 'filename', '0', 'en_us', ' green_bathroom jpg '),
 ('254', 'extension', '0', 'en_us', ' jpg '),
 ('254', 'kind', '0', 'en_us', ' image '),
 ('254', 'slug', '0', 'en_us', ' green bathroom '),
 ('254', 'title', '0', 'en_us', ' green bathroom '),
 ('255', 'filename', '0', 'en_us', ' green_ceiling jpg '),
 ('255', 'extension', '0', 'en_us', ' jpg '),
 ('255', 'kind', '0', 'en_us', ' image '),
 ('255', 'slug', '0', 'en_us', ' green ceiling '),
 ('255', 'title', '0', 'en_us', ' green ceiling '),
 ('256', 'filename', '0', 'en_us', ' green_room jpg '),
 ('256', 'extension', '0', 'en_us', ' jpg '),
 ('256', 'kind', '0', 'en_us', ' image '),
 ('256', 'slug', '0', 'en_us', ' green room '),
 ('256', 'title', '0', 'en_us', ' green room '),
 ('257', 'filename', '0', 'en_us', ' mirror jpg '),
 ('257', 'extension', '0', 'en_us', ' jpg '),
 ('257', 'kind', '0', 'en_us', ' image '),
 ('257', 'slug', '0', 'en_us', ' mirror '),
 ('257', 'title', '0', 'en_us', ' mirror '),
 ('258', 'filename', '0', 'en_us', ' orange_room jpg '),
 ('258', 'extension', '0', 'en_us', ' jpg '),
 ('258', 'kind', '0', 'en_us', ' image '),
 ('258', 'slug', '0', 'en_us', ' orange room '),
 ('258', 'title', '0', 'en_us', ' orange room '),
 ('259', 'filename', '0', 'en_us', ' peacock jpg '),
 ('259', 'extension', '0', 'en_us', ' jpg '),
 ('259', 'kind', '0', 'en_us', ' image '),
 ('259', 'slug', '0', 'en_us', ' peacock ');
INSERT INTO `craft_searchindex` (`elementId`, `attribute`, `fieldId`, `locale`, `keywords`) VALUES
 ('259', 'title', '0', 'en_us', ' peacock '),
 ('260', 'filename', '0', 'en_us', ' purple_table jpg '),
 ('260', 'extension', '0', 'en_us', ' jpg '),
 ('260', 'kind', '0', 'en_us', ' image '),
 ('260', 'slug', '0', 'en_us', ' purple table '),
 ('260', 'title', '0', 'en_us', ' purple table '),
 ('261', 'filename', '0', 'en_us', ' sculpture jpg '),
 ('261', 'extension', '0', 'en_us', ' jpg '),
 ('261', 'kind', '0', 'en_us', ' image '),
 ('261', 'slug', '0', 'en_us', ' sculpture '),
 ('261', 'title', '0', 'en_us', ' sculpture '),
 ('262', 'filename', '0', 'en_us', ' shell jpg '),
 ('262', 'extension', '0', 'en_us', ' jpg '),
 ('262', 'kind', '0', 'en_us', ' image '),
 ('262', 'slug', '0', 'en_us', ' shell '),
 ('262', 'title', '0', 'en_us', ' shell '),
 ('263', 'filename', '0', 'en_us', ' spiral_floor jpg '),
 ('263', 'extension', '0', 'en_us', ' jpg '),
 ('263', 'kind', '0', 'en_us', ' image '),
 ('263', 'slug', '0', 'en_us', ' spiral floor '),
 ('263', 'title', '0', 'en_us', ' spiral floor '),
 ('264', 'filename', '0', 'en_us', ' staircase jpg '),
 ('264', 'extension', '0', 'en_us', ' jpg '),
 ('264', 'kind', '0', 'en_us', ' image '),
 ('264', 'slug', '0', 'en_us', ' staircase '),
 ('264', 'title', '0', 'en_us', ' staircase '),
 ('265', 'filename', '0', 'en_us', ' tableshot jpg '),
 ('265', 'extension', '0', 'en_us', ' jpg '),
 ('265', 'kind', '0', 'en_us', ' image '),
 ('265', 'slug', '0', 'en_us', ' table shot '),
 ('265', 'title', '0', 'en_us', ' table shot '),
 ('266', 'filename', '0', 'en_us', ' tapestries jpg '),
 ('266', 'extension', '0', 'en_us', ' jpg '),
 ('266', 'kind', '0', 'en_us', ' image '),
 ('266', 'slug', '0', 'en_us', ' tapestries '),
 ('266', 'title', '0', 'en_us', ' tapestries '),
 ('267', 'filename', '0', 'en_us', ' wallpaper jpg '),
 ('267', 'extension', '0', 'en_us', ' jpg '),
 ('267', 'kind', '0', 'en_us', ' image '),
 ('267', 'slug', '0', 'en_us', ' wallpaper '),
 ('267', 'title', '0', 'en_us', ' wallpaper '),
 ('268', 'filename', '0', 'en_us', ' white_bathroom jpg '),
 ('268', 'extension', '0', 'en_us', ' jpg '),
 ('268', 'kind', '0', 'en_us', ' image '),
 ('268', 'slug', '0', 'en_us', ' white bathroom '),
 ('268', 'title', '0', 'en_us', ' white bathroom '),
 ('269', 'filename', '0', 'en_us', ' white_bedroom jpg '),
 ('269', 'extension', '0', 'en_us', ' jpg '),
 ('269', 'kind', '0', 'en_us', ' image '),
 ('269', 'slug', '0', 'en_us', ' white bedroom '),
 ('269', 'title', '0', 'en_us', ' white bedroom '),
 ('270', 'filename', '0', 'en_us', ' white_bookcase jpg '),
 ('270', 'extension', '0', 'en_us', ' jpg '),
 ('270', 'kind', '0', 'en_us', ' image '),
 ('270', 'slug', '0', 'en_us', ' white bookcase '),
 ('270', 'title', '0', 'en_us', ' white bookcase '),
 ('271', 'filename', '0', 'en_us', ' white_kitchen jpg '),
 ('271', 'extension', '0', 'en_us', ' jpg '),
 ('271', 'kind', '0', 'en_us', ' image '),
 ('271', 'slug', '0', 'en_us', ' white kitchen '),
 ('271', 'title', '0', 'en_us', ' white kitchen '),
 ('272', 'filename', '0', 'en_us', ' white_staircase jpg '),
 ('272', 'extension', '0', 'en_us', ' jpg '),
 ('272', 'kind', '0', 'en_us', ' image '),
 ('272', 'slug', '0', 'en_us', ' white staircase '),
 ('272', 'title', '0', 'en_us', ' white staircase '),
 ('273', 'filename', '0', 'en_us', ' wood_chair jpg '),
 ('273', 'extension', '0', 'en_us', ' jpg '),
 ('273', 'kind', '0', 'en_us', ' image '),
 ('273', 'slug', '0', 'en_us', ' wood chair '),
 ('273', 'title', '0', 'en_us', ' wood chair '),
 ('274', 'filename', '0', 'en_us', ' beautifulchair_full jpg '),
 ('274', 'extension', '0', 'en_us', ' jpg '),
 ('274', 'kind', '0', 'en_us', ' image '),
 ('274', 'slug', '0', 'en_us', ' beautifulchair full '),
 ('274', 'title', '0', 'en_us', ' beautifulchair full '),
 ('275', 'filename', '0', 'en_us', ' flower_stairs jpg '),
 ('275', 'extension', '0', 'en_us', ' jpg '),
 ('275', 'kind', '0', 'en_us', ' image '),
 ('275', 'slug', '0', 'en_us', ' flower stairs '),
 ('275', 'title', '0', 'en_us', ' flower stairs '),
 ('276', 'filename', '0', 'en_us', ' fringechair_full jpg '),
 ('276', 'extension', '0', 'en_us', ' jpg '),
 ('276', 'kind', '0', 'en_us', ' image '),
 ('276', 'slug', '0', 'en_us', ' fringechair full '),
 ('276', 'title', '0', 'en_us', ' fringechair full '),
 ('277', 'filename', '0', 'en_us', ' kitchen1 jpg '),
 ('277', 'extension', '0', 'en_us', ' jpg '),
 ('277', 'kind', '0', 'en_us', ' image '),
 ('277', 'slug', '0', 'en_us', ' kitchen1 '),
 ('277', 'title', '0', 'en_us', ' kitchen1 '),
 ('278', 'filename', '0', 'en_us', ' stripeddiningroom_fullsize jpg '),
 ('278', 'extension', '0', 'en_us', ' jpg '),
 ('278', 'kind', '0', 'en_us', ' image '),
 ('278', 'slug', '0', 'en_us', ' stripeddiningroom fullsize '),
 ('278', 'title', '0', 'en_us', ' stripeddiningroom fullsize '),
 ('279', 'filename', '0', 'en_us', ' tablesetting_full jpg '),
 ('279', 'extension', '0', 'en_us', ' jpg '),
 ('279', 'kind', '0', 'en_us', ' image '),
 ('279', 'slug', '0', 'en_us', ' tablesetting full ');
INSERT INTO `craft_searchindex` (`elementId`, `attribute`, `fieldId`, `locale`, `keywords`) VALUES
 ('279', 'title', '0', 'en_us', ' tablesetting full '),
 ('280', 'filename', '0', 'en_us', ' teardropslarge jpg '),
 ('280', 'extension', '0', 'en_us', ' jpg '),
 ('280', 'kind', '0', 'en_us', ' image '),
 ('280', 'slug', '0', 'en_us', ' teardropslarge '),
 ('280', 'title', '0', 'en_us', ' teardropslarge '),
 ('604', 'filename', '0', 'en_us', ' fringechair_full jpg '),
 ('581', 'filename', '0', 'en_us', ' luxebanner png '),
 ('581', 'extension', '0', 'en_us', ' png '),
 ('581', 'kind', '0', 'en_us', ' image '),
 ('581', 'slug', '0', 'en_us', ' luxebanner '),
 ('581', 'title', '0', 'en_us', ' luxebanner '),
 ('608', 'field', '14', 'en_us', ' left '),
 ('5', 'field', '10', 'en_us', ' left bathroom1 blue bathroom blue chairs blue room bluedining '),
 ('608', 'field', '13', 'en_us', ' bathroom1 blue bathroom blue chairs blue room bluedining '),
 ('283', 'field', '1', 'en_us', ''),
 ('283', 'field', '2', 'en_us', ''),
 ('283', 'name', '0', 'en_us', ' tag example '),
 ('283', 'slug', '0', 'en_us', ' tag example '),
 ('283', 'title', '0', 'en_us', ' tag example '),
 ('23', 'field', '6', 'en_us', ''),
 ('284', 'field', '1', 'en_us', ''),
 ('284', 'field', '2', 'en_us', ''),
 ('284', 'name', '0', 'en_us', ' tags '),
 ('284', 'slug', '0', 'en_us', ' tags '),
 ('284', 'title', '0', 'en_us', ' tags '),
 ('23', 'field', '7', 'en_us', ' this is my chair design '),
 ('23', 'field', '8', 'en_us', ' this is my house design '),
 ('23', 'field', '10', 'en_us', ' center my dining table lux floral mo tablec monograms left this is a title ipsum primis in faucibus orci luctus et ultrices posuere cubilia curae morbi faucibus nunc vel massa semper non condimentum ligula viverra in tincidunt justo in malesuada cursus aliquam facilisis volutpat pretium curabitur eget massa ut odio semper semper morbi vel orci venenatis congue eros nec gravida ipsum right beautifulchair full thisisatag center inspiration lorem ipsum dolor sit amet consectetuer adipiscing sed diam nonummy nibh euismod tincidunt ut laoreet dolore magna aliquam erat volutpat ut wisi enim ad minim veniam quis nostrud exerci tation ullamcorper suscipit loblorem ipsum dolor sit amet consectetuer adipiscing sed diam nonummy nibh euismod tincidunt ut laoreet dolore magna aliquam erat volutpat ut wisi enim ad minim veniam quis nostrud exerci tation ullamcorper suscipit lob center bluechair '),
 ('23', 'field', '9', 'en_us', ' this should be a side column '),
 ('498', 'filename', '0', 'en_us', ' flowerbird jpg '),
 ('497', 'title', '0', 'en_us', ' doorway '),
 ('497', 'kind', '0', 'en_us', ' image '),
 ('497', 'slug', '0', 'en_us', ' doorway '),
 ('286', 'field', '1', 'en_us', ''),
 ('286', 'field', '2', 'en_us', ''),
 ('286', 'name', '0', 'en_us', ' lux '),
 ('286', 'slug', '0', 'en_us', ' lux '),
 ('286', 'title', '0', 'en_us', ' lux '),
 ('287', 'field', '1', 'en_us', ''),
 ('287', 'field', '2', 'en_us', ''),
 ('287', 'name', '0', 'en_us', ' floral mo '),
 ('287', 'slug', '0', 'en_us', ' floral mo '),
 ('287', 'title', '0', 'en_us', ' floral mo '),
 ('288', 'field', '1', 'en_us', ''),
 ('288', 'field', '2', 'en_us', ''),
 ('288', 'name', '0', 'en_us', ' tablec '),
 ('288', 'slug', '0', 'en_us', ' tablec '),
 ('288', 'title', '0', 'en_us', ' tablec '),
 ('289', 'field', '1', 'en_us', ''),
 ('289', 'field', '2', 'en_us', ''),
 ('289', 'name', '0', 'en_us', ' monograms '),
 ('289', 'slug', '0', 'en_us', ' monograms '),
 ('289', 'title', '0', 'en_us', ' monograms '),
 ('290', 'field', '13', 'en_us', ' my dining table '),
 ('290', 'field', '14', 'en_us', ' center '),
 ('290', 'field', '15', 'en_us', ' lux floral mo tablec monograms '),
 ('290', 'slug', '0', 'en_us', ''),
 ('291', 'field', '16', 'en_us', ' this is a title ipsum primis in faucibus orci luctus et ultrices posuere cubilia curae morbi faucibus nunc vel massa semper non condimentum ligula viverra in tincidunt justo in malesuada cursus aliquam facilisis volutpat pretium curabitur eget massa ut odio semper semper morbi vel orci venenatis congue eros nec gravida ipsum '),
 ('291', 'field', '17', 'en_us', ' left '),
 ('291', 'slug', '0', 'en_us', ''),
 ('292', 'field', '13', 'en_us', ' beautifulchair full '),
 ('292', 'field', '14', 'en_us', ' right '),
 ('292', 'field', '15', 'en_us', ' thisisatag '),
 ('292', 'slug', '0', 'en_us', ''),
 ('497', 'extension', '0', 'en_us', ' jpg '),
 ('497', 'filename', '0', 'en_us', ' doorway jpg '),
 ('496', 'slug', '0', 'en_us', ' coppersink '),
 ('496', 'title', '0', 'en_us', ' coppersink '),
 ('294', 'field', '1', 'en_us', ''),
 ('294', 'field', '2', 'en_us', ''),
 ('294', 'name', '0', 'en_us', ' thisisatag '),
 ('294', 'slug', '0', 'en_us', ' thisisatag '),
 ('294', 'title', '0', 'en_us', ' thisisatag '),
 ('496', 'extension', '0', 'en_us', ' jpg '),
 ('296', 'field', '16', 'en_us', ' inspiration lorem ipsum dolor sit amet consectetuer adipiscing sed diam nonummy nibh euismod tincidunt ut laoreet dolore magna aliquam erat volutpat ut wisi enim ad minim veniam quis nostrud exerci tation ullamcorper suscipit loblorem ipsum dolor sit amet consectetuer adipiscing sed diam nonummy nibh euismod tincidunt ut laoreet dolore magna aliquam erat volutpat ut wisi enim ad minim veniam quis nostrud exerci tation ullamcorper suscipit lob '),
 ('296', 'field', '17', 'en_us', ' center '),
 ('296', 'slug', '0', 'en_us', ''),
 ('297', 'field', '13', 'en_us', ' bluechair '),
 ('297', 'field', '14', 'en_us', ' center '),
 ('297', 'field', '15', 'en_us', ''),
 ('297', 'slug', '0', 'en_us', ''),
 ('496', 'kind', '0', 'en_us', ' image '),
 ('496', 'filename', '0', 'en_us', ' coppersink jpg '),
 ('482', 'filename', '0', 'en_us', ' clocktower jpg '),
 ('482', 'extension', '0', 'en_us', ' jpg '),
 ('482', 'kind', '0', 'en_us', ' image '),
 ('482', 'slug', '0', 'en_us', ' clock tower '),
 ('482', 'title', '0', 'en_us', ' clock tower '),
 ('483', 'filename', '0', 'en_us', ' dining pink jpg '),
 ('483', 'extension', '0', 'en_us', ' jpg '),
 ('483', 'kind', '0', 'en_us', ' image '),
 ('483', 'slug', '0', 'en_us', ' dining pink '),
 ('483', 'title', '0', 'en_us', ' dining pink '),
 ('484', 'filename', '0', 'en_us', ' oranges jpg '),
 ('484', 'extension', '0', 'en_us', ' jpg '),
 ('484', 'kind', '0', 'en_us', ' image '),
 ('484', 'slug', '0', 'en_us', ' oranges '),
 ('484', 'title', '0', 'en_us', ' oranges '),
 ('485', 'filename', '0', 'en_us', ' pooloutside jpg ');
INSERT INTO `craft_searchindex` (`elementId`, `attribute`, `fieldId`, `locale`, `keywords`) VALUES
 ('485', 'extension', '0', 'en_us', ' jpg '),
 ('485', 'kind', '0', 'en_us', ' image '),
 ('485', 'slug', '0', 'en_us', ' pool outside '),
 ('485', 'title', '0', 'en_us', ' pool outside '),
 ('486', 'filename', '0', 'en_us', ' poolpinkbenches jpg '),
 ('584', 'title', '0', 'en_us', ' now '),
 ('604', 'slug', '0', 'en_us', ' fringechair full '),
 ('604', 'kind', '0', 'en_us', ' image '),
 ('604', 'extension', '0', 'en_us', ' jpg '),
 ('487', 'extension', '0', 'en_us', ' jpg '),
 ('486', 'extension', '0', 'en_us', ' jpg '),
 ('486', 'kind', '0', 'en_us', ' image '),
 ('486', 'slug', '0', 'en_us', ' poolpinkbenches '),
 ('486', 'title', '0', 'en_us', ' poolpinkbenches '),
 ('487', 'filename', '0', 'en_us', ' poolview jpg '),
 ('477', 'title', '0', 'en_us', ' shelleytraditionalcover '),
 ('477', 'slug', '0', 'en_us', ' shelleytraditionalcover '),
 ('477', 'kind', '0', 'en_us', ' image '),
 ('487', 'slug', '0', 'en_us', ' pool view '),
 ('487', 'kind', '0', 'en_us', ' image '),
 ('477', 'filename', '0', 'en_us', ' shelleytraditionalcover jpg '),
 ('477', 'extension', '0', 'en_us', ' jpg '),
 ('487', 'title', '0', 'en_us', ' pool view '),
 ('488', 'filename', '0', 'en_us', ' settable jpg '),
 ('488', 'extension', '0', 'en_us', ' jpg '),
 ('488', 'kind', '0', 'en_us', ' image '),
 ('488', 'slug', '0', 'en_us', ' set table '),
 ('488', 'title', '0', 'en_us', ' set table '),
 ('489', 'filename', '0', 'en_us', ' shelleydress jpg '),
 ('489', 'extension', '0', 'en_us', ' jpg '),
 ('489', 'kind', '0', 'en_us', ' image '),
 ('489', 'slug', '0', 'en_us', ' shelley dress '),
 ('489', 'title', '0', 'en_us', ' shelley dress '),
 ('490', 'filename', '0', 'en_us', ' shelleyflowers jpg '),
 ('490', 'extension', '0', 'en_us', ' jpg '),
 ('490', 'kind', '0', 'en_us', ' image '),
 ('490', 'slug', '0', 'en_us', ' shelley flowers '),
 ('490', 'title', '0', 'en_us', ' shelley flowers '),
 ('491', 'filename', '0', 'en_us', ' birdchair jpg '),
 ('491', 'extension', '0', 'en_us', ' jpg '),
 ('491', 'kind', '0', 'en_us', ' image '),
 ('491', 'slug', '0', 'en_us', ' birdchair '),
 ('491', 'title', '0', 'en_us', ' birdchair '),
 ('492', 'filename', '0', 'en_us', ' blackwindows jpg '),
 ('492', 'extension', '0', 'en_us', ' jpg '),
 ('492', 'kind', '0', 'en_us', ' image '),
 ('492', 'slug', '0', 'en_us', ' blackwindows '),
 ('492', 'title', '0', 'en_us', ' blackwindows '),
 ('493', 'filename', '0', 'en_us', ' bluecorner jpg '),
 ('493', 'extension', '0', 'en_us', ' jpg '),
 ('467', 'slug', '0', 'en_us', ' vita life blog '),
 ('467', 'title', '0', 'en_us', ' vita life blog '),
 ('467', 'kind', '0', 'en_us', ' image '),
 ('467', 'extension', '0', 'en_us', ' jpg '),
 ('467', 'filename', '0', 'en_us', ' vita life blog jpg '),
 ('466', 'title', '0', 'en_us', ' traditionalhomes house '),
 ('579', 'filename', '0', 'en_us', ' lifestyletile jpg '),
 ('585', 'title', '0', 'en_us', ' now tile '),
 ('579', 'extension', '0', 'en_us', ' jpg '),
 ('579', 'kind', '0', 'en_us', ' image '),
 ('579', 'slug', '0', 'en_us', ' lifestyle tile '),
 ('579', 'title', '0', 'en_us', ' lifestyle tile '),
 ('586', 'title', '0', 'en_us', ' now tile '),
 ('587', 'title', '0', 'en_us', ' now tile alternate '),
 ('605', 'extension', '0', 'en_us', ' jpg '),
 ('605', 'kind', '0', 'en_us', ' image '),
 ('605', 'filename', '0', 'en_us', ' fringechair_thumb jpg '),
 ('604', 'title', '0', 'en_us', ' fringechair full '),
 ('577', 'filename', '0', 'en_us', ' inspiration jpg '),
 ('577', 'extension', '0', 'en_us', ' jpg '),
 ('577', 'kind', '0', 'en_us', ' image '),
 ('577', 'slug', '0', 'en_us', ' inspiration '),
 ('577', 'title', '0', 'en_us', ' inspiration '),
 ('601', 'slug', '0', 'en_us', ' beautifulchair full '),
 ('589', 'title', '0', 'en_us', ' press tile '),
 ('576', 'filename', '0', 'en_us', ' inpsirationtile jpg '),
 ('576', 'extension', '0', 'en_us', ' jpg '),
 ('576', 'kind', '0', 'en_us', ' image '),
 ('576', 'slug', '0', 'en_us', ' inpsiration tile '),
 ('576', 'title', '0', 'en_us', ' inpsiration tile '),
 ('575', 'title', '0', 'en_us', ' forestbluff now '),
 ('575', 'filename', '0', 'en_us', ' forestbluffnow jpg '),
 ('575', 'extension', '0', 'en_us', ' jpg '),
 ('575', 'kind', '0', 'en_us', ' image '),
 ('575', 'slug', '0', 'en_us', ' forestbluff now '),
 ('466', 'kind', '0', 'en_us', ' image '),
 ('466', 'slug', '0', 'en_us', ' traditionalhomes house '),
 ('466', 'extension', '0', 'en_us', ' jpg '),
 ('466', 'filename', '0', 'en_us', ' traditionalhomeshouse jpg '),
 ('495', 'title', '0', 'en_us', ' chair flower '),
 ('469', 'filename', '0', 'en_us', ' design chic jpg '),
 ('469', 'extension', '0', 'en_us', ' jpg '),
 ('469', 'kind', '0', 'en_us', ' image '),
 ('469', 'slug', '0', 'en_us', ' design chic '),
 ('469', 'title', '0', 'en_us', ' design chic '),
 ('464', 'title', '0', 'en_us', ' sj march2016 '),
 ('464', 'kind', '0', 'en_us', ' image '),
 ('464', 'slug', '0', 'en_us', ' sj march2016 '),
 ('464', 'extension', '0', 'en_us', ' jpg '),
 ('464', 'filename', '0', 'en_us', ' sj march2016 jpg ');
INSERT INTO `craft_searchindex` (`elementId`, `attribute`, `fieldId`, `locale`, `keywords`) VALUES
 ('468', 'slug', '0', 'en_us', ' stairs '),
 ('468', 'title', '0', 'en_us', ' stairs '),
 ('495', 'slug', '0', 'en_us', ' chair flower '),
 ('468', 'kind', '0', 'en_us', ' image '),
 ('468', 'extension', '0', 'en_us', ' jpg '),
 ('468', 'filename', '0', 'en_us', ' stairs jpg '),
 ('574', 'filename', '0', 'en_us', ' flowerscar jpg '),
 ('574', 'extension', '0', 'en_us', ' jpg '),
 ('574', 'kind', '0', 'en_us', ' image '),
 ('574', 'slug', '0', 'en_us', ' flowers car '),
 ('574', 'title', '0', 'en_us', ' flowers car '),
 ('591', 'title', '0', 'en_us', ' rooms tile '),
 ('573', 'filename', '0', 'en_us', ' detailstile jpg '),
 ('573', 'extension', '0', 'en_us', ' jpg '),
 ('573', 'kind', '0', 'en_us', ' image '),
 ('573', 'slug', '0', 'en_us', ' details tile '),
 ('573', 'title', '0', 'en_us', ' details tile '),
 ('592', 'title', '0', 'en_us', ' shelley johnstone mugshot '),
 ('572', 'slug', '0', 'en_us', ' color tile '),
 ('572', 'filename', '0', 'en_us', ' colortile jpg '),
 ('572', 'extension', '0', 'en_us', ' jpg '),
 ('572', 'kind', '0', 'en_us', ' image '),
 ('493', 'slug', '0', 'en_us', ' blue corner '),
 ('493', 'title', '0', 'en_us', ' blue corner '),
 ('494', 'filename', '0', 'en_us', ' bluelamp jpg '),
 ('494', 'extension', '0', 'en_us', ' jpg '),
 ('494', 'kind', '0', 'en_us', ' image '),
 ('494', 'slug', '0', 'en_us', ' blue lamp '),
 ('494', 'title', '0', 'en_us', ' blue lamp '),
 ('495', 'filename', '0', 'en_us', ' chairflower jpg '),
 ('495', 'extension', '0', 'en_us', ' jpg '),
 ('495', 'kind', '0', 'en_us', ' image '),
 ('493', 'kind', '0', 'en_us', ' image '),
 ('460', 'title', '0', 'en_us', ' glampad '),
 ('460', 'slug', '0', 'en_us', ' glampad '),
 ('460', 'kind', '0', 'en_us', ' image '),
 ('460', 'extension', '0', 'en_us', ' jpg '),
 ('459', 'slug', '0', 'en_us', ' foyer '),
 ('459', 'title', '0', 'en_us', ' foyer '),
 ('460', 'filename', '0', 'en_us', ' glampad jpg '),
 ('459', 'kind', '0', 'en_us', ' image '),
 ('459', 'extension', '0', 'en_us', ' jpg '),
 ('459', 'filename', '0', 'en_us', ' foyer jpg '),
 ('458', 'title', '0', 'en_us', ' forest bluff risko '),
 ('458', 'slug', '0', 'en_us', ' forest bluff risko '),
 ('458', 'kind', '0', 'en_us', ' image '),
 ('458', 'extension', '0', 'en_us', ' jpg '),
 ('458', 'filename', '0', 'en_us', ' forest bluff risko jpg '),
 ('457', 'slug', '0', 'en_us', ' forestbluff2017 '),
 ('457', 'title', '0', 'en_us', ' forestbluff2017 '),
 ('457', 'kind', '0', 'en_us', ' image '),
 ('457', 'extension', '0', 'en_us', ' jpg '),
 ('457', 'filename', '0', 'en_us', ' forestbluff2017 jpg '),
 ('456', 'title', '0', 'en_us', ' magazine cover '),
 ('456', 'slug', '0', 'en_us', ' magazine cover '),
 ('456', 'kind', '0', 'en_us', ' image '),
 ('456', 'extension', '0', 'en_us', ' jpg '),
 ('456', 'filename', '0', 'en_us', ' magazinecover jpg '),
 ('455', 'slug', '0', 'en_us', ' newbanner '),
 ('455', 'title', '0', 'en_us', ' newbanner '),
 ('455', 'kind', '0', 'en_us', ' image '),
 ('455', 'extension', '0', 'en_us', ' jpg '),
 ('455', 'filename', '0', 'en_us', ' newbanner jpg '),
 ('454', 'title', '0', 'en_us', ' goldlist '),
 ('454', 'slug', '0', 'en_us', ' goldlist '),
 ('454', 'kind', '0', 'en_us', ' image '),
 ('453', 'title', '0', 'en_us', ' table '),
 ('454', 'filename', '0', 'en_us', ' goldlist jpg '),
 ('454', 'extension', '0', 'en_us', ' jpg '),
 ('453', 'slug', '0', 'en_us', ' table '),
 ('453', 'kind', '0', 'en_us', ' image '),
 ('453', 'extension', '0', 'en_us', ' png '),
 ('453', 'filename', '0', 'en_us', ' table png '),
 ('452', 'title', '0', 'en_us', ' side bar logo 3x '),
 ('452', 'slug', '0', 'en_us', ' side bar logo 3x '),
 ('452', 'kind', '0', 'en_us', ' image '),
 ('452', 'extension', '0', 'en_us', ' png '),
 ('451', 'title', '0', 'en_us', ' side bar logo 2x '),
 ('452', 'filename', '0', 'en_us', ' sidebarlogo 3x png '),
 ('451', 'slug', '0', 'en_us', ' side bar logo 2x '),
 ('451', 'kind', '0', 'en_us', ' image '),
 ('451', 'extension', '0', 'en_us', ' png '),
 ('451', 'filename', '0', 'en_us', ' sidebarlogo 2x png '),
 ('450', 'title', '0', 'en_us', ' side bar logo '),
 ('450', 'slug', '0', 'en_us', ' side bar logo '),
 ('450', 'kind', '0', 'en_us', ' image '),
 ('450', 'extension', '0', 'en_us', ' svg '),
 ('450', 'filename', '0', 'en_us', ' sidebarlogo svg '),
 ('449', 'slug', '0', 'en_us', ' side bar logo '),
 ('449', 'title', '0', 'en_us', ' side bar logo '),
 ('449', 'kind', '0', 'en_us', ' image '),
 ('449', 'extension', '0', 'en_us', ' png '),
 ('449', 'filename', '0', 'en_us', ' sidebarlogo png '),
 ('448', 'slug', '0', 'en_us', ' shelley white logo homepage 3x '),
 ('448', 'title', '0', 'en_us', ' shelley white logo homepage 3x '),
 ('448', 'kind', '0', 'en_us', ' image '),
 ('448', 'extension', '0', 'en_us', ' png '),
 ('448', 'filename', '0', 'en_us', ' shelleywhitelogohomepage 3x png '),
 ('447', 'slug', '0', 'en_us', ' shelley white logo homepage 2x '),
 ('447', 'title', '0', 'en_us', ' shelley white logo homepage 2x ');
INSERT INTO `craft_searchindex` (`elementId`, `attribute`, `fieldId`, `locale`, `keywords`) VALUES
 ('447', 'kind', '0', 'en_us', ' image '),
 ('447', 'extension', '0', 'en_us', ' png '),
 ('447', 'filename', '0', 'en_us', ' shelleywhitelogohomepage 2x png '),
 ('446', 'slug', '0', 'en_us', ' shelley white logo homepage '),
 ('446', 'title', '0', 'en_us', ' shelley white logo homepage '),
 ('446', 'kind', '0', 'en_us', ' image '),
 ('446', 'extension', '0', 'en_us', ' svg '),
 ('446', 'filename', '0', 'en_us', ' shelleywhitelogohomepage svg '),
 ('445', 'slug', '0', 'en_us', ' shelley white logo homepage '),
 ('445', 'title', '0', 'en_us', ' shelley white logo homepage '),
 ('445', 'kind', '0', 'en_us', ' image '),
 ('445', 'extension', '0', 'en_us', ' png '),
 ('445', 'filename', '0', 'en_us', ' shelleywhitelogohomepage png '),
 ('444', 'slug', '0', 'en_us', ' shelleys logo large 3x '),
 ('444', 'title', '0', 'en_us', ' shelleys logo large 3x '),
 ('444', 'kind', '0', 'en_us', ' image '),
 ('444', 'extension', '0', 'en_us', ' png '),
 ('444', 'filename', '0', 'en_us', ' shelleyslogolarge 3x png '),
 ('443', 'filename', '0', 'en_us', ' shelleyslogolarge 2x png '),
 ('443', 'extension', '0', 'en_us', ' png '),
 ('443', 'kind', '0', 'en_us', ' image '),
 ('443', 'slug', '0', 'en_us', ' shelleys logo large 2x '),
 ('443', 'title', '0', 'en_us', ' shelleys logo large 2x '),
 ('442', 'title', '0', 'en_us', ' shelleys logo large '),
 ('442', 'extension', '0', 'en_us', ' svg '),
 ('442', 'kind', '0', 'en_us', ' image '),
 ('442', 'slug', '0', 'en_us', ' shelleys logo large '),
 ('442', 'filename', '0', 'en_us', ' shelleyslogolarge svg '),
 ('441', 'slug', '0', 'en_us', ' shelleys logo large '),
 ('441', 'title', '0', 'en_us', ' shelleys logo large '),
 ('441', 'kind', '0', 'en_us', ' image '),
 ('441', 'extension', '0', 'en_us', ' png '),
 ('441', 'filename', '0', 'en_us', ' shelleyslogolarge png '),
 ('440', 'title', '0', 'en_us', ' plant '),
 ('440', 'kind', '0', 'en_us', ' image '),
 ('440', 'slug', '0', 'en_us', ' plant '),
 ('440', 'extension', '0', 'en_us', ' png '),
 ('440', 'filename', '0', 'en_us', ' plant png '),
 ('439', 'slug', '0', 'en_us', ' peacock '),
 ('439', 'title', '0', 'en_us', ' peacock '),
 ('439', 'kind', '0', 'en_us', ' image '),
 ('439', 'extension', '0', 'en_us', ' png '),
 ('439', 'filename', '0', 'en_us', ' peacock png '),
 ('438', 'title', '0', 'en_us', ' gold star 3x '),
 ('438', 'slug', '0', 'en_us', ' gold star 3x '),
 ('438', 'kind', '0', 'en_us', ' image '),
 ('437', 'title', '0', 'en_us', ' gold star 2x '),
 ('438', 'filename', '0', 'en_us', ' goldstar 3x png '),
 ('438', 'extension', '0', 'en_us', ' png '),
 ('437', 'slug', '0', 'en_us', ' gold star 2x '),
 ('437', 'kind', '0', 'en_us', ' image '),
 ('436', 'title', '0', 'en_us', ' gold star '),
 ('437', 'filename', '0', 'en_us', ' goldstar 2x png '),
 ('437', 'extension', '0', 'en_us', ' png '),
 ('436', 'slug', '0', 'en_us', ' gold star '),
 ('436', 'kind', '0', 'en_us', ' image '),
 ('436', 'extension', '0', 'en_us', ' svg '),
 ('435', 'title', '0', 'en_us', ' gold star '),
 ('436', 'filename', '0', 'en_us', ' goldstar svg '),
 ('435', 'slug', '0', 'en_us', ' gold star '),
 ('435', 'filename', '0', 'en_us', ' goldstar png '),
 ('435', 'extension', '0', 'en_us', ' png '),
 ('435', 'kind', '0', 'en_us', ' image '),
 ('434', 'title', '0', 'en_us', ' bluechair '),
 ('434', 'kind', '0', 'en_us', ' image '),
 ('434', 'slug', '0', 'en_us', ' bluechair '),
 ('434', 'extension', '0', 'en_us', ' png '),
 ('434', 'filename', '0', 'en_us', ' bluechair png '),
 ('572', 'title', '0', 'en_us', ' color tile '),
 ('606', 'filename', '0', 'en_us', ' tablesetting_full jpg '),
 ('606', 'extension', '0', 'en_us', ' jpg '),
 ('605', 'title', '0', 'en_us', ' fringechair thumb '),
 ('605', 'slug', '0', 'en_us', ' fringechair thumb '),
 ('570', 'filename', '0', 'en_us', ' abouttile jpg '),
 ('570', 'extension', '0', 'en_us', ' jpg '),
 ('570', 'kind', '0', 'en_us', ' image '),
 ('570', 'slug', '0', 'en_us', ' about tile '),
 ('570', 'title', '0', 'en_us', ' about tile '),
 ('569', 'filename', '0', 'en_us', ' about_shelley jpg '),
 ('569', 'extension', '0', 'en_us', ' jpg '),
 ('569', 'kind', '0', 'en_us', ' image '),
 ('569', 'slug', '0', 'en_us', ' about shelley '),
 ('569', 'title', '0', 'en_us', ' about shelley '),
 ('676', 'filename', '0', 'en_us', ' palmwallpaper jpg '),
 ('676', 'extension', '0', 'en_us', ' jpg '),
 ('676', 'kind', '0', 'en_us', ' image '),
 ('676', 'slug', '0', 'en_us', ' palm wallpaper '),
 ('676', 'title', '0', 'en_us', ' palm wallpaper '),
 ('677', 'filename', '0', 'en_us', ' staircase jpg '),
 ('677', 'extension', '0', 'en_us', ' jpg '),
 ('677', 'kind', '0', 'en_us', ' image '),
 ('677', 'slug', '0', 'en_us', ' staircase '),
 ('677', 'title', '0', 'en_us', ' staircase '),
 ('678', 'filename', '0', 'en_us', ' staircase_2 jpg '),
 ('678', 'extension', '0', 'en_us', ' jpg '),
 ('678', 'kind', '0', 'en_us', ' image '),
 ('678', 'slug', '0', 'en_us', ' staircase 2 '),
 ('678', 'title', '0', 'en_us', ' staircase 2 '),
 ('679', 'filename', '0', 'en_us', ' table jpg '),
 ('679', 'extension', '0', 'en_us', ' jpg ');
INSERT INTO `craft_searchindex` (`elementId`, `attribute`, `fieldId`, `locale`, `keywords`) VALUES
 ('679', 'kind', '0', 'en_us', ' image '),
 ('679', 'slug', '0', 'en_us', ' table '),
 ('679', 'title', '0', 'en_us', ' table '),
 ('680', 'filename', '0', 'en_us', ' whitekitchen jpg '),
 ('680', 'extension', '0', 'en_us', ' jpg '),
 ('680', 'kind', '0', 'en_us', ' image '),
 ('680', 'slug', '0', 'en_us', ' white kitchen '),
 ('680', 'title', '0', 'en_us', ' white kitchen '),
 ('681', 'filename', '0', 'en_us', ' whiteroom jpg '),
 ('681', 'extension', '0', 'en_us', ' jpg '),
 ('681', 'kind', '0', 'en_us', ' image '),
 ('681', 'slug', '0', 'en_us', ' white room '),
 ('681', 'title', '0', 'en_us', ' white room '),
 ('8', 'field', '10', 'en_us', ' left '),
 ('684', 'field', '13', 'en_us', ''),
 ('684', 'field', '14', 'en_us', ' left '),
 ('684', 'field', '15', 'en_us', ''),
 ('684', 'slug', '0', 'en_us', ''),
 ('7', 'field', '10', 'en_us', ' left clock tower dining pink oranges pool outside pool view poolpinkbenches set table shelley flowers '),
 ('685', 'field', '13', 'en_us', ' clock tower dining pink oranges pool outside pool view poolpinkbenches set table shelley flowers '),
 ('685', 'field', '14', 'en_us', ' left '),
 ('685', 'field', '15', 'en_us', ''),
 ('685', 'slug', '0', 'en_us', ''),
 ('6', 'field', '10', 'en_us', ' left design chic forest bluff risko forestbluff2017 foyer glampad goldlist magazine cover newbanner shelleytraditionalcover sj march2016 stairs traditionalhomes house vita life blog '),
 ('686', 'field', '13', 'en_us', ' design chic forest bluff risko forestbluff2017 foyer glampad goldlist magazine cover newbanner shelleytraditionalcover sj march2016 stairs traditionalhomes house vita life blog '),
 ('686', 'field', '14', 'en_us', ' left '),
 ('686', 'field', '15', 'en_us', ''),
 ('686', 'slug', '0', 'en_us', ''),
 ('10', 'field', '10', 'en_us', ' left press 01 press 02 press 03 press 04 press 05 press 06 press 07 press 08 press 09 press 10 press 11 press 12 press 13 press 14 press 15 press 16 press 17 press 18 '),
 ('687', 'field', '13', 'en_us', ' press 01 press 02 press 03 press 04 press 05 press 06 press 07 press 08 press 09 press 10 press 11 press 12 press 13 press 14 press 15 press 16 press 17 press 18 '),
 ('687', 'field', '14', 'en_us', ' left '),
 ('687', 'field', '15', 'en_us', ''),
 ('687', 'slug', '0', 'en_us', ''),
 ('688', 'field', '6', 'en_us', ' about tile '),
 ('688', 'field', '19', 'en_us', ' learn more about shelley johnstone '),
 ('688', 'field', '20', 'en_us', ''),
 ('688', 'slug', '0', 'en_us', ' about '),
 ('688', 'title', '0', 'en_us', ' about '),
 ('688', 'field', '21', 'en_us', ' about '),
 ('689', 'field', '6', 'en_us', ' rooms tile '),
 ('689', 'field', '19', 'en_us', ' learn about various room styles '),
 ('689', 'field', '20', 'en_us', ''),
 ('689', 'field', '21', 'en_us', ' rooms '),
 ('689', 'slug', '0', 'en_us', ' rooms '),
 ('689', 'title', '0', 'en_us', ' rooms '),
 ('690', 'field', '6', 'en_us', ' about tile '),
 ('690', 'field', '19', 'en_us', ' bnlah '),
 ('690', 'field', '20', 'en_us', ''),
 ('690', 'field', '21', 'en_us', ''),
 ('690', 'slug', '0', 'en_us', ' child test '),
 ('690', 'title', '0', 'en_us', ' child test '),
 ('527', 'extension', '0', 'en_us', ' jpg '),
 ('527', 'kind', '0', 'en_us', ' image '),
 ('527', 'slug', '0', 'en_us', ' press 09 '),
 ('527', 'title', '0', 'en_us', ' press 09 '),
 ('528', 'filename', '0', 'en_us', ' press_10 jpg '),
 ('528', 'extension', '0', 'en_us', ' jpg '),
 ('528', 'kind', '0', 'en_us', ' image '),
 ('528', 'slug', '0', 'en_us', ' press 10 '),
 ('528', 'title', '0', 'en_us', ' press 10 '),
 ('529', 'filename', '0', 'en_us', ' press_11 jpg '),
 ('529', 'extension', '0', 'en_us', ' jpg '),
 ('529', 'kind', '0', 'en_us', ' image '),
 ('529', 'slug', '0', 'en_us', ' press 11 '),
 ('529', 'title', '0', 'en_us', ' press 11 '),
 ('530', 'filename', '0', 'en_us', ' press_12 jpg '),
 ('530', 'extension', '0', 'en_us', ' jpg '),
 ('530', 'kind', '0', 'en_us', ' image '),
 ('530', 'slug', '0', 'en_us', ' press 12 '),
 ('530', 'title', '0', 'en_us', ' press 12 '),
 ('531', 'filename', '0', 'en_us', ' press_13 jpg '),
 ('531', 'extension', '0', 'en_us', ' jpg '),
 ('531', 'kind', '0', 'en_us', ' image '),
 ('531', 'slug', '0', 'en_us', ' press 13 '),
 ('531', 'title', '0', 'en_us', ' press 13 '),
 ('532', 'filename', '0', 'en_us', ' press_14 jpg '),
 ('532', 'extension', '0', 'en_us', ' jpg '),
 ('532', 'kind', '0', 'en_us', ' image '),
 ('532', 'slug', '0', 'en_us', ' press 14 '),
 ('532', 'title', '0', 'en_us', ' press 14 '),
 ('533', 'filename', '0', 'en_us', ' press_15 jpg '),
 ('533', 'extension', '0', 'en_us', ' jpg '),
 ('533', 'kind', '0', 'en_us', ' image '),
 ('533', 'slug', '0', 'en_us', ' press 15 '),
 ('533', 'title', '0', 'en_us', ' press 15 '),
 ('534', 'filename', '0', 'en_us', ' press_16 jpg '),
 ('534', 'extension', '0', 'en_us', ' jpg '),
 ('534', 'kind', '0', 'en_us', ' image '),
 ('534', 'slug', '0', 'en_us', ' press 16 '),
 ('534', 'title', '0', 'en_us', ' press 16 '),
 ('535', 'filename', '0', 'en_us', ' press_17 jpg '),
 ('535', 'extension', '0', 'en_us', ' jpg '),
 ('535', 'kind', '0', 'en_us', ' image '),
 ('535', 'slug', '0', 'en_us', ' press 17 '),
 ('535', 'title', '0', 'en_us', ' press 17 '),
 ('536', 'filename', '0', 'en_us', ' press_18 jpg '),
 ('536', 'extension', '0', 'en_us', ' jpg '),
 ('536', 'kind', '0', 'en_us', ' image '),
 ('536', 'slug', '0', 'en_us', ' press 18 '),
 ('536', 'title', '0', 'en_us', ' press 18 ');
INSERT INTO `craft_searchindex` (`elementId`, `attribute`, `fieldId`, `locale`, `keywords`) VALUES
 ('603', 'slug', '0', 'en_us', ' beautifulchair thumb '),
 ('603', 'title', '0', 'en_us', ' beautifulchair thumb '),
 ('603', 'extension', '0', 'en_us', ' jpg '),
 ('603', 'filename', '0', 'en_us', ' beautifulchair_thumb jpg '),
 ('603', 'kind', '0', 'en_us', ' image '),
 ('584', 'kind', '0', 'en_us', ' image '),
 ('584', 'slug', '0', 'en_us', ' now '),
 ('584', 'extension', '0', 'en_us', ' jpg '),
 ('584', 'filename', '0', 'en_us', ' now jpg '),
 ('585', 'kind', '0', 'en_us', ' image '),
 ('585', 'slug', '0', 'en_us', ' now tile '),
 ('585', 'extension', '0', 'en_us', ' jpg '),
 ('585', 'filename', '0', 'en_us', ' nowtile jpg '),
 ('586', 'kind', '0', 'en_us', ' image '),
 ('586', 'slug', '0', 'en_us', ' now tile '),
 ('586', 'extension', '0', 'en_us', ' png '),
 ('586', 'filename', '0', 'en_us', ' nowtile png '),
 ('587', 'kind', '0', 'en_us', ' image '),
 ('587', 'slug', '0', 'en_us', ' now tile alternate '),
 ('587', 'extension', '0', 'en_us', ' jpg '),
 ('587', 'filename', '0', 'en_us', ' nowtile_alternate jpg '),
 ('608', 'field', '15', 'en_us', ''),
 ('601', 'title', '0', 'en_us', ' beautifulchair full '),
 ('608', 'slug', '0', 'en_us', ''),
 ('589', 'kind', '0', 'en_us', ' image '),
 ('589', 'slug', '0', 'en_us', ' press tile '),
 ('589', 'extension', '0', 'en_us', ' jpg '),
 ('589', 'filename', '0', 'en_us', ' presstile jpg '),
 ('601', 'extension', '0', 'en_us', ' jpg '),
 ('601', 'filename', '0', 'en_us', ' beautifulchair_full jpg '),
 ('601', 'kind', '0', 'en_us', ' image '),
 ('591', 'kind', '0', 'en_us', ' image '),
 ('591', 'slug', '0', 'en_us', ' rooms tile '),
 ('591', 'extension', '0', 'en_us', ' jpg '),
 ('591', 'filename', '0', 'en_us', ' roomstile jpg '),
 ('592', 'kind', '0', 'en_us', ' image '),
 ('592', 'slug', '0', 'en_us', ' shelley johnstone mugshot '),
 ('592', 'extension', '0', 'en_us', ' png '),
 ('592', 'filename', '0', 'en_us', ' shelleyjohnstone_mugshot png '),
 ('594', 'slug', '0', 'en_us', ' shellkare group '),
 ('594', 'title', '0', 'en_us', ' shellkare group '),
 ('594', 'kind', '0', 'en_us', ' image '),
 ('594', 'filename', '0', 'en_us', ' shellkare_group jpg '),
 ('594', 'extension', '0', 'en_us', ' jpg '),
 ('596', 'kind', '0', 'en_us', ' image '),
 ('596', 'slug', '0', 'en_us', ' shellkare tile '),
 ('596', 'extension', '0', 'en_us', ' jpg '),
 ('596', 'filename', '0', 'en_us', ' shellkaretile jpg '),
 ('597', 'kind', '0', 'en_us', ' image '),
 ('597', 'slug', '0', 'en_us', ' traditionalhomebanner '),
 ('597', 'extension', '0', 'en_us', ' png '),
 ('597', 'filename', '0', 'en_us', ' traditionalhomebanner png '),
 ('598', 'kind', '0', 'en_us', ' image '),
 ('598', 'slug', '0', 'en_us', ' traditionalhomeblue2017 '),
 ('598', 'extension', '0', 'en_us', ' jpg '),
 ('598', 'filename', '0', 'en_us', ' traditionalhomeblue2017 jpg '),
 ('607', 'filename', '0', 'en_us', ' tablesetting_thumb jpg '),
 ('606', 'title', '0', 'en_us', ' tablesetting full '),
 ('606', 'kind', '0', 'en_us', ' image '),
 ('606', 'slug', '0', 'en_us', ' tablesetting full '),
 ('568', 'filename', '0', 'en_us', ' about_karen jpg '),
 ('568', 'extension', '0', 'en_us', ' jpg '),
 ('568', 'kind', '0', 'en_us', ' image '),
 ('568', 'slug', '0', 'en_us', ' about karen '),
 ('568', 'title', '0', 'en_us', ' about karen '),
 ('596', 'title', '0', 'en_us', ' shellkare tile '),
 ('597', 'title', '0', 'en_us', ' traditionalhomebanner '),
 ('598', 'title', '0', 'en_us', ' traditionalhomeblue2017 '),
 ('607', 'extension', '0', 'en_us', ' jpg '),
 ('607', 'kind', '0', 'en_us', ' image '),
 ('607', 'slug', '0', 'en_us', ' tablesetting thumb '),
 ('607', 'title', '0', 'en_us', ' tablesetting thumb '),
 ('2', 'field', '10', 'en_us', ''),
 ('682', 'field', '13', 'en_us', ' beautifulchair thumb birdchair blackwindows blue corner blue lamp chair flower coppersink doorway flower bird flower lamp fringechair full fringechair thumb green ceiling loft railing patio post pink bookcase plant1 side table stairflowers stairs tablesetting full tablesetting thumb tableshot teardrops white topiary wood chair '),
 ('675', 'title', '0', 'en_us', ' orange wall '),
 ('675', 'slug', '0', 'en_us', ' orange wall '),
 ('675', 'kind', '0', 'en_us', ' image '),
 ('675', 'extension', '0', 'en_us', ' jpg '),
 ('675', 'filename', '0', 'en_us', ' orangewall jpg '),
 ('674', 'title', '0', 'en_us', ' orange room '),
 ('674', 'kind', '0', 'en_us', ' image '),
 ('674', 'slug', '0', 'en_us', ' orange room '),
 ('674', 'extension', '0', 'en_us', ' jpg '),
 ('674', 'filename', '0', 'en_us', ' orangeroom jpg '),
 ('673', 'title', '0', 'en_us', ' off white bedroom '),
 ('673', 'slug', '0', 'en_us', ' off white bedroom '),
 ('673', 'kind', '0', 'en_us', ' image '),
 ('673', 'extension', '0', 'en_us', ' jpg '),
 ('673', 'filename', '0', 'en_us', ' offwhitebedroom jpg '),
 ('672', 'slug', '0', 'en_us', ' kitchen2 '),
 ('672', 'title', '0', 'en_us', ' kitchen2 '),
 ('672', 'kind', '0', 'en_us', ' image '),
 ('672', 'extension', '0', 'en_us', ' jpg '),
 ('672', 'filename', '0', 'en_us', ' kitchen2 jpg '),
 ('671', 'slug', '0', 'en_us', ' green bathroom '),
 ('671', 'title', '0', 'en_us', ' green bathroom '),
 ('671', 'kind', '0', 'en_us', ' image '),
 ('671', 'extension', '0', 'en_us', ' jpg '),
 ('671', 'filename', '0', 'en_us', ' greenbathroom jpg '),
 ('670', 'title', '0', 'en_us', ' gold room ');
INSERT INTO `craft_searchindex` (`elementId`, `attribute`, `fieldId`, `locale`, `keywords`) VALUES
 ('670', 'slug', '0', 'en_us', ' gold room '),
 ('670', 'kind', '0', 'en_us', ' image '),
 ('670', 'extension', '0', 'en_us', ' jpg '),
 ('670', 'filename', '0', 'en_us', ' goldroom jpg '),
 ('669', 'slug', '0', 'en_us', ' goldkitchen '),
 ('669', 'title', '0', 'en_us', ' goldkitchen '),
 ('669', 'kind', '0', 'en_us', ' image '),
 ('669', 'extension', '0', 'en_us', ' jpg '),
 ('669', 'filename', '0', 'en_us', ' goldkitchen jpg '),
 ('668', 'title', '0', 'en_us', ' gold bedroom '),
 ('668', 'kind', '0', 'en_us', ' image '),
 ('668', 'slug', '0', 'en_us', ' gold bedroom '),
 ('668', 'extension', '0', 'en_us', ' jpg '),
 ('668', 'filename', '0', 'en_us', ' goldbedroom jpg '),
 ('667', 'title', '0', 'en_us', ' goldand white '),
 ('667', 'slug', '0', 'en_us', ' goldand white '),
 ('667', 'kind', '0', 'en_us', ' image '),
 ('667', 'extension', '0', 'en_us', ' jpg '),
 ('667', 'filename', '0', 'en_us', ' goldandwhite jpg '),
 ('666', 'slug', '0', 'en_us', ' espresso kitchen '),
 ('666', 'title', '0', 'en_us', ' espresso kitchen '),
 ('666', 'kind', '0', 'en_us', ' image '),
 ('666', 'extension', '0', 'en_us', ' jpg '),
 ('666', 'filename', '0', 'en_us', ' espressokitchen jpg '),
 ('665', 'title', '0', 'en_us', ' brown room '),
 ('665', 'slug', '0', 'en_us', ' brown room '),
 ('665', 'kind', '0', 'en_us', ' image '),
 ('665', 'extension', '0', 'en_us', ' jpg '),
 ('665', 'filename', '0', 'en_us', ' brownroom jpg '),
 ('664', 'title', '0', 'en_us', ' brown living room '),
 ('664', 'slug', '0', 'en_us', ' brown living room '),
 ('664', 'kind', '0', 'en_us', ' image '),
 ('664', 'extension', '0', 'en_us', ' jpg '),
 ('664', 'filename', '0', 'en_us', ' brownlivingroom jpg '),
 ('663', 'slug', '0', 'en_us', ' blue room '),
 ('663', 'title', '0', 'en_us', ' blue room '),
 ('663', 'kind', '0', 'en_us', ' image '),
 ('663', 'extension', '0', 'en_us', ' jpg '),
 ('663', 'filename', '0', 'en_us', ' blueroom jpg '),
 ('662', 'title', '0', 'en_us', ' bluedining '),
 ('662', 'slug', '0', 'en_us', ' bluedining '),
 ('662', 'kind', '0', 'en_us', ' image '),
 ('662', 'extension', '0', 'en_us', ' jpg '),
 ('662', 'filename', '0', 'en_us', ' bluedining jpg '),
 ('661', 'title', '0', 'en_us', ' blue chairs '),
 ('661', 'kind', '0', 'en_us', ' image '),
 ('661', 'slug', '0', 'en_us', ' blue chairs '),
 ('661', 'extension', '0', 'en_us', ' jpg '),
 ('661', 'filename', '0', 'en_us', ' bluechairs jpg '),
 ('660', 'title', '0', 'en_us', ' blue bathroom '),
 ('660', 'slug', '0', 'en_us', ' blue bathroom '),
 ('660', 'kind', '0', 'en_us', ' image '),
 ('660', 'extension', '0', 'en_us', ' jpg '),
 ('660', 'filename', '0', 'en_us', ' bluebathroom jpg '),
 ('659', 'title', '0', 'en_us', ' bathroom1 '),
 ('659', 'kind', '0', 'en_us', ' image '),
 ('659', 'slug', '0', 'en_us', ' bathroom1 '),
 ('659', 'extension', '0', 'en_us', ' jpg '),
 ('659', 'filename', '0', 'en_us', ' bathroom1 jpg '),
 ('682', 'field', '14', 'en_us', ' left '),
 ('682', 'field', '15', 'en_us', ''),
 ('682', 'slug', '0', 'en_us', ''),
 ('2', 'field', '6', 'en_us', ' about tile flowers car forestbluff now inpsiration tile press tile rooms tile '),
 ('9', 'field', '10', 'en_us', ' left beautifulchair thumb birdchair blackwindows blue corner blue lamp chair flower coppersink doorway flower bird flower lamp fringechair full fringechair thumb green ceiling loft railing patio post pink bookcase plant1 side table stairflowers stairs tablesetting full tablesetting thumb tableshot teardrops white topiary wood chair ');



DROP TABLE IF EXISTS `craft_sections`;


--
-- Schema for table `craft_sections`
--
CREATE TABLE `craft_sections` (
  `id` int(11) NOT NULL AUTO_INCREMENT,
  `structureId` int(11) DEFAULT NULL,
  `name` varchar(255) COLLATE utf8_unicode_ci NOT NULL,
  `handle` varchar(255) COLLATE utf8_unicode_ci NOT NULL,
  `type` enum('single','channel','structure') COLLATE utf8_unicode_ci NOT NULL DEFAULT 'channel',
  `hasUrls` tinyint(1) unsigned NOT NULL DEFAULT '1',
  `template` varchar(500) COLLATE utf8_unicode_ci DEFAULT NULL,
  `enableVersioning` tinyint(1) unsigned NOT NULL DEFAULT '0',
  `dateCreated` datetime NOT NULL,
  `dateUpdated` datetime NOT NULL,
  `uid` char(36) COLLATE utf8_unicode_ci NOT NULL DEFAULT '0',
  PRIMARY KEY (`id`),
  UNIQUE KEY `craft_sections_name_unq_idx` (`name`),
  UNIQUE KEY `craft_sections_handle_unq_idx` (`handle`),
  KEY `craft_sections_structureId_fk` (`structureId`)
) ENGINE=InnoDB AUTO_INCREMENT=14 DEFAULT CHARSET=utf8 COLLATE=utf8_unicode_ci;

--
-- Data for table `craft_sections`
--

INSERT INTO `craft_sections` (`id`, `structureId`, `name`, `handle`, `type`, `hasUrls`, `template`, `enableVersioning`, `dateCreated`, `dateUpdated`, `uid`) VALUES
 ('1', NULL, 'Index', 'index', 'single', '1', 'index', '0', '2017-05-24 15:07:02', '2017-05-31 20:11:27', 'e80e2ad9-1ace-4331-a1e5-fdd5c6ca5c7a'),
 ('2', NULL, 'Blog', 'blog', 'channel', '1', 'blog/_entry', '1', '2017-05-25 21:23:40', '2017-06-01 20:00:20', '362c348d-ea4b-4934-8aaf-70bfa1f3e339'),
 ('4', NULL, 'About', 'about', 'single', '1', 'about', '0', '2017-05-30 20:15:30', '2017-05-31 19:33:16', 'a86342b3-7232-4f68-ac2c-2584b7185904'),
 ('5', NULL, 'Rooms', 'rooms', 'single', '1', 'rooms', '0', '2017-05-31 19:14:53', '2017-05-31 19:33:07', '31289f3b-194e-4a53-b36b-896d6234fdd1'),
 ('6', NULL, 'Now', 'now', 'single', '1', 'now', '0', '2017-05-31 19:31:58', '2017-05-31 19:33:41', 'a69326d4-b121-4eef-ba7c-b381ee183158'),
 ('7', NULL, 'Lifestyle', 'lifestyle', 'single', '1', 'lifestyle', '0', '2017-05-31 19:32:19', '2017-05-31 19:33:36', '8aa51611-0e97-423a-a7c9-cf032fc00eda'),
 ('8', NULL, 'Inspiration', 'inspiration', 'single', '1', 'inspiration', '0', '2017-05-31 19:32:29', '2017-05-31 19:33:30', 'd5f32fdf-9944-469c-a0bc-daa6f860281d'),
 ('9', NULL, 'Details', 'details', 'single', '1', 'details', '0', '2017-05-31 19:32:53', '2017-05-31 19:32:53', '84424f4e-725a-4951-a311-fcb4947743c0'),
 ('10', NULL, 'Press', 'press', 'single', '1', 'press', '0', '2017-05-31 19:34:45', '2017-05-31 19:34:45', 'e11d24e7-6037-434a-8f00-bb854c343afe'),
 ('11', NULL, 'Contact', 'contact', 'single', '1', 'contact', '0', '2017-05-31 19:35:07', '2017-05-31 19:35:07', '17f2118e-bf6d-40d4-bb13-a6c8024df3c2'),
 ('13', '2', 'Image Grid', 'imageGrid', 'structure', '1', 'image-grid/_entry', '1', '2017-06-27 20:51:13', '2017-06-27 21:17:29', '005add54-9fa1-4632-9c44-2a9bfcc3562a');



DROP TABLE IF EXISTS `craft_sections_i18n`;


--
-- Schema for table `craft_sections_i18n`
--
CREATE TABLE `craft_sections_i18n` (
  `id` int(11) NOT NULL AUTO_INCREMENT,
  `sectionId` int(11) NOT NULL,
  `locale` char(12) COLLATE utf8_unicode_ci NOT NULL,
  `enabledByDefault` tinyint(1) unsigned NOT NULL DEFAULT '1',
  `urlFormat` text COLLATE utf8_unicode_ci,
  `nestedUrlFormat` text COLLATE utf8_unicode_ci,
  `dateCreated` datetime NOT NULL,
  `dateUpdated` datetime NOT NULL,
  `uid` char(36) COLLATE utf8_unicode_ci NOT NULL DEFAULT '0',
  PRIMARY KEY (`id`),
  UNIQUE KEY `craft_sections_i18n_sectionId_locale_unq_idx` (`sectionId`,`locale`),
  KEY `craft_sections_i18n_locale_fk` (`locale`)
) ENGINE=InnoDB AUTO_INCREMENT=14 DEFAULT CHARSET=utf8 COLLATE=utf8_unicode_ci;

--
-- Data for table `craft_sections_i18n`
--

INSERT INTO `craft_sections_i18n` (`id`, `sectionId`, `locale`, `enabledByDefault`, `urlFormat`, `nestedUrlFormat`, `dateCreated`, `dateUpdated`, `uid`) VALUES
 ('1', '1', 'en_us', '1', '__home__', NULL, '2017-05-24 15:07:02', '2017-05-24 15:07:02', 'f54cb6b2-eaf3-44a5-b561-346cbf640322'),
 ('2', '2', 'en_us', '1', 'blog/{slug}', NULL, '2017-05-25 21:23:40', '2017-05-31 21:52:31', '6c600bde-dc6b-4a1e-a5e1-b3bd0c1dd665'),
 ('4', '4', 'en_us', '1', 'about', NULL, '2017-05-30 20:15:30', '2017-05-30 20:15:30', '0a3175d7-db44-48c0-86e4-5ac29c1b5190'),
 ('5', '5', 'en_us', '1', 'rooms', NULL, '2017-05-31 19:14:53', '2017-05-31 19:14:53', '7fb430c8-8b3e-4841-b69b-89bd110cd52a'),
 ('6', '6', 'en_us', '1', 'now', NULL, '2017-05-31 19:31:58', '2017-05-31 19:31:58', '256d3bb0-02a6-4cb4-8205-18bda6ea1274'),
 ('7', '7', 'en_us', '1', 'lifestyle', NULL, '2017-05-31 19:32:19', '2017-05-31 19:32:19', 'b011bd3b-bbb3-481e-87a8-2ac413c6b6c5'),
 ('8', '8', 'en_us', '1', 'inspiration', NULL, '2017-05-31 19:32:29', '2017-05-31 19:32:29', '8326e68d-58d0-444c-8fe0-bed88db250c5'),
 ('9', '9', 'en_us', '1', 'details', NULL, '2017-05-31 19:32:53', '2017-05-31 19:32:53', 'bf669be1-6ee4-44e0-b048-740414af3b01'),
 ('10', '10', 'en_us', '1', 'press', NULL, '2017-05-31 19:34:45', '2017-05-31 19:34:45', '4ba405bb-b922-4793-bcc9-8b5b7c4bc3ad'),
 ('11', '11', 'en_us', '1', 'contact', NULL, '2017-05-31 19:35:07', '2017-05-31 19:35:07', 'd15f53ef-ad82-4b8f-b6be-53824ac59e81'),
 ('13', '13', 'en_us', '1', 'image-grid/{slug}', '{parent.uri}/{slug}', '2017-06-27 20:51:13', '2017-06-27 21:17:29', '715bd9c3-0962-43bc-8656-ddb55d9f96bb');



DROP TABLE IF EXISTS `craft_sessions`;


--
-- Schema for table `craft_sessions`
--
CREATE TABLE `craft_sessions` (
  `id` int(11) NOT NULL AUTO_INCREMENT,
  `userId` int(11) NOT NULL,
  `token` char(100) COLLATE utf8_unicode_ci NOT NULL,
  `dateCreated` datetime NOT NULL,
  `dateUpdated` datetime NOT NULL,
  `uid` char(36) COLLATE utf8_unicode_ci NOT NULL DEFAULT '0',
  PRIMARY KEY (`id`),
  KEY `craft_sessions_uid_idx` (`uid`),
  KEY `craft_sessions_token_idx` (`token`),
  KEY `craft_sessions_dateUpdated_idx` (`dateUpdated`),
  KEY `craft_sessions_userId_fk` (`userId`)
) ENGINE=InnoDB AUTO_INCREMENT=38 DEFAULT CHARSET=utf8 COLLATE=utf8_unicode_ci;

DROP TABLE IF EXISTS `craft_shunnedmessages`;


--
-- Schema for table `craft_shunnedmessages`
--
CREATE TABLE `craft_shunnedmessages` (
  `id` int(11) NOT NULL AUTO_INCREMENT,
  `userId` int(11) NOT NULL,
  `message` varchar(255) COLLATE utf8_unicode_ci NOT NULL,
  `expiryDate` datetime DEFAULT NULL,
  `dateCreated` datetime NOT NULL,
  `dateUpdated` datetime NOT NULL,
  `uid` char(36) COLLATE utf8_unicode_ci NOT NULL DEFAULT '0',
  PRIMARY KEY (`id`),
  UNIQUE KEY `craft_shunnedmessages_userId_message_unq_idx` (`userId`,`message`)
) ENGINE=InnoDB DEFAULT CHARSET=utf8 COLLATE=utf8_unicode_ci;

DROP TABLE IF EXISTS `craft_structureelements`;


--
-- Schema for table `craft_structureelements`
--
CREATE TABLE `craft_structureelements` (
  `id` int(11) NOT NULL AUTO_INCREMENT,
  `structureId` int(11) NOT NULL,
  `elementId` int(11) DEFAULT NULL,
  `root` int(11) unsigned DEFAULT NULL,
  `lft` int(11) unsigned NOT NULL,
  `rgt` int(11) unsigned NOT NULL,
  `level` smallint(6) unsigned NOT NULL,
  `dateCreated` datetime NOT NULL,
  `dateUpdated` datetime NOT NULL,
  `uid` char(36) COLLATE utf8_unicode_ci NOT NULL DEFAULT '0',
  PRIMARY KEY (`id`),
  UNIQUE KEY `craft_structureelements_structureId_elementId_unq_idx` (`structureId`,`elementId`),
  KEY `craft_structureelements_root_idx` (`root`),
  KEY `craft_structureelements_lft_idx` (`lft`),
  KEY `craft_structureelements_rgt_idx` (`rgt`),
  KEY `craft_structureelements_level_idx` (`level`),
  KEY `craft_structureelements_elementId_fk` (`elementId`)
) ENGINE=InnoDB AUTO_INCREMENT=7 DEFAULT CHARSET=utf8 COLLATE=utf8_unicode_ci;

--
-- Data for table `craft_structureelements`
--

INSERT INTO `craft_structureelements` (`id`, `structureId`, `elementId`, `root`, `lft`, `rgt`, `level`, `dateCreated`, `dateUpdated`, `uid`) VALUES
 ('3', '2', NULL, '3', '1', '8', '0', '2017-06-27 21:06:10', '2017-06-27 21:06:10', '2d3c48c5-ad8c-454e-8abe-6da81e3e07d3'),
 ('4', '2', '688', '3', '2', '5', '1', '2017-06-27 21:06:10', '2017-06-27 21:06:10', '351ef362-77c9-46be-a857-c0ae4bc1f5ec'),
 ('5', '2', '689', '3', '6', '7', '1', '2017-06-27 21:13:58', '2017-06-27 21:13:58', '9f461709-ed64-4b75-8982-4eba12b6b077'),
 ('6', '2', '690', '3', '3', '4', '2', '2017-06-27 21:31:48', '2017-06-27 21:31:48', 'dcc1699d-caf0-4421-830d-63e5d84f28cb');



DROP TABLE IF EXISTS `craft_structures`;


--
-- Schema for table `craft_structures`
--
CREATE TABLE `craft_structures` (
  `id` int(11) NOT NULL AUTO_INCREMENT,
  `maxLevels` smallint(6) unsigned DEFAULT NULL,
  `dateCreated` datetime NOT NULL,
  `dateUpdated` datetime NOT NULL,
  `uid` char(36) COLLATE utf8_unicode_ci NOT NULL DEFAULT '0',
  PRIMARY KEY (`id`)
) ENGINE=InnoDB AUTO_INCREMENT=3 DEFAULT CHARSET=utf8 COLLATE=utf8_unicode_ci;

--
-- Data for table `craft_structures`
--

INSERT INTO `craft_structures` (`id`, `maxLevels`, `dateCreated`, `dateUpdated`, `uid`) VALUES
 ('2', NULL, '2017-06-27 20:51:13', '2017-06-27 21:17:29', 'df03115d-748c-43df-8afe-95e0806b184d');



DROP TABLE IF EXISTS `craft_systemsettings`;


--
-- Schema for table `craft_systemsettings`
--
CREATE TABLE `craft_systemsettings` (
  `id` int(11) NOT NULL AUTO_INCREMENT,
  `category` varchar(15) COLLATE utf8_unicode_ci NOT NULL,
  `settings` text COLLATE utf8_unicode_ci,
  `dateCreated` datetime NOT NULL,
  `dateUpdated` datetime NOT NULL,
  `uid` char(36) COLLATE utf8_unicode_ci NOT NULL DEFAULT '0',
  PRIMARY KEY (`id`),
  UNIQUE KEY `craft_systemsettings_category_unq_idx` (`category`)
) ENGINE=InnoDB AUTO_INCREMENT=2 DEFAULT CHARSET=utf8 COLLATE=utf8_unicode_ci;

--
-- Data for table `craft_systemsettings`
--

INSERT INTO `craft_systemsettings` (`id`, `category`, `settings`, `dateCreated`, `dateUpdated`, `uid`) VALUES
 ('1', 'email', '{\"protocol\":\"php\",\"emailAddress\":\"bwilliams@tecture.com\",\"senderName\":\"13 58 12\"}', '2017-05-24 15:07:02', '2017-05-24 15:07:02', 'd6b9d2cd-bc12-4b22-b291-31b52957083e');



DROP TABLE IF EXISTS `craft_taggroups`;


--
-- Schema for table `craft_taggroups`
--
CREATE TABLE `craft_taggroups` (
  `id` int(11) NOT NULL AUTO_INCREMENT,
  `name` varchar(255) COLLATE utf8_unicode_ci NOT NULL,
  `handle` varchar(255) COLLATE utf8_unicode_ci NOT NULL,
  `fieldLayoutId` int(10) DEFAULT NULL,
  `dateCreated` datetime NOT NULL,
  `dateUpdated` datetime NOT NULL,
  `uid` char(36) COLLATE utf8_unicode_ci NOT NULL DEFAULT '0',
  PRIMARY KEY (`id`),
  UNIQUE KEY `craft_taggroups_name_unq_idx` (`name`),
  UNIQUE KEY `craft_taggroups_handle_unq_idx` (`handle`),
  KEY `craft_taggroups_fieldLayoutId_fk` (`fieldLayoutId`)
) ENGINE=InnoDB AUTO_INCREMENT=2 DEFAULT CHARSET=utf8 COLLATE=utf8_unicode_ci;

--
-- Data for table `craft_taggroups`
--

INSERT INTO `craft_taggroups` (`id`, `name`, `handle`, `fieldLayoutId`, `dateCreated`, `dateUpdated`, `uid`) VALUES
 ('1', 'Default', 'default', '27', '2017-05-24 15:07:02', '2017-06-01 21:16:36', 'd0be246d-e504-4a9a-90ab-352089498dd1');



DROP TABLE IF EXISTS `craft_tags`;


--
-- Schema for table `craft_tags`
--
CREATE TABLE `craft_tags` (
  `id` int(11) NOT NULL,
  `groupId` int(11) NOT NULL,
  `dateCreated` datetime NOT NULL,
  `dateUpdated` datetime NOT NULL,
  `uid` char(36) COLLATE utf8_unicode_ci NOT NULL DEFAULT '0',
  PRIMARY KEY (`id`),
  KEY `craft_tags_groupId_fk` (`groupId`)
) ENGINE=InnoDB DEFAULT CHARSET=utf8 COLLATE=utf8_unicode_ci;

--
-- Data for table `craft_tags`
--

INSERT INTO `craft_tags` (`id`, `groupId`, `dateCreated`, `dateUpdated`, `uid`) VALUES
 ('16', '1', '2017-06-01 19:09:15', '2017-06-01 19:09:15', '006857db-e082-4cfb-939c-f85b1e5dfc30'),
 ('17', '1', '2017-06-01 19:09:18', '2017-06-01 19:09:18', '6940aa7e-93c9-4b01-97ba-21b25af2b22b'),
 ('18', '1', '2017-06-01 19:09:38', '2017-06-01 19:09:38', '2796882e-ac11-4d2c-a794-d6bca5fe7b5b'),
 ('19', '1', '2017-06-01 19:09:40', '2017-06-01 19:09:40', '4e09ce06-11d0-476a-871a-7539146df2e7'),
 ('20', '1', '2017-06-01 20:47:45', '2017-06-01 20:47:45', 'd3bd67fe-2641-4163-97a2-78062c0eb7ae'),
 ('22', '1', '2017-06-01 21:47:26', '2017-06-01 21:47:26', 'f04aa347-210f-4aa2-a962-8b3a489fc259'),
 ('283', '1', '2017-06-15 15:57:36', '2017-06-15 15:57:36', '67f9318e-a86d-4cca-b81e-4a31c6ecde2b'),
 ('284', '1', '2017-06-19 18:28:26', '2017-06-19 18:28:26', 'fdfb8def-3b1e-4db3-b01e-95f310744811'),
 ('286', '1', '2017-06-21 14:20:51', '2017-06-21 14:20:51', 'e6d99082-6c23-4234-95e9-e9be3f8cae98'),
 ('287', '1', '2017-06-21 14:21:00', '2017-06-21 14:21:00', 'a012f3f8-376a-41d5-8eed-28d171dc6994'),
 ('288', '1', '2017-06-21 14:21:06', '2017-06-21 14:21:06', '2aba7fc5-bf56-40a5-bfd6-b6d17ebd6f07'),
 ('289', '1', '2017-06-21 14:21:12', '2017-06-21 14:21:12', '9e921ccc-9220-4412-8521-7f6acae15eaa'),
 ('294', '1', '2017-06-21 15:38:01', '2017-06-21 15:38:01', '3d6d775c-9f94-41ea-b058-71128564b7a1');



DROP TABLE IF EXISTS `craft_tasks`;


--
-- Schema for table `craft_tasks`
--
CREATE TABLE `craft_tasks` (
  `id` int(11) NOT NULL AUTO_INCREMENT,
  `root` int(11) unsigned DEFAULT NULL,
  `lft` int(11) unsigned NOT NULL,
  `rgt` int(11) unsigned NOT NULL,
  `level` smallint(6) unsigned NOT NULL,
  `currentStep` int(11) unsigned DEFAULT NULL,
  `totalSteps` int(11) unsigned DEFAULT NULL,
  `status` enum('pending','error','running') COLLATE utf8_unicode_ci DEFAULT NULL,
  `type` varchar(150) COLLATE utf8_unicode_ci NOT NULL,
  `description` varchar(255) COLLATE utf8_unicode_ci DEFAULT NULL,
  `settings` mediumtext COLLATE utf8_unicode_ci,
  `dateCreated` datetime NOT NULL,
  `dateUpdated` datetime NOT NULL,
  `uid` char(36) COLLATE utf8_unicode_ci NOT NULL DEFAULT '0',
  PRIMARY KEY (`id`),
  KEY `craft_tasks_root_idx` (`root`),
  KEY `craft_tasks_lft_idx` (`lft`),
  KEY `craft_tasks_rgt_idx` (`rgt`),
  KEY `craft_tasks_level_idx` (`level`)
) ENGINE=InnoDB AUTO_INCREMENT=117 DEFAULT CHARSET=utf8 COLLATE=utf8_unicode_ci;

DROP TABLE IF EXISTS `craft_templatecachecriteria`;


--
-- Schema for table `craft_templatecachecriteria`
--
CREATE TABLE `craft_templatecachecriteria` (
  `id` int(11) NOT NULL AUTO_INCREMENT,
  `cacheId` int(11) NOT NULL,
  `type` varchar(150) COLLATE utf8_unicode_ci NOT NULL,
  `criteria` text COLLATE utf8_unicode_ci NOT NULL,
  PRIMARY KEY (`id`),
  KEY `craft_templatecachecriteria_cacheId_fk` (`cacheId`),
  KEY `craft_templatecachecriteria_type_idx` (`type`)
) ENGINE=InnoDB DEFAULT CHARSET=utf8 COLLATE=utf8_unicode_ci;

DROP TABLE IF EXISTS `craft_templatecacheelements`;


--
-- Schema for table `craft_templatecacheelements`
--
CREATE TABLE `craft_templatecacheelements` (
  `cacheId` int(11) NOT NULL,
  `elementId` int(11) NOT NULL,
  KEY `craft_templatecacheelements_cacheId_fk` (`cacheId`),
  KEY `craft_templatecacheelements_elementId_fk` (`elementId`)
) ENGINE=InnoDB DEFAULT CHARSET=utf8 COLLATE=utf8_unicode_ci;

DROP TABLE IF EXISTS `craft_templatecaches`;


--
-- Schema for table `craft_templatecaches`
--
CREATE TABLE `craft_templatecaches` (
  `id` int(11) NOT NULL AUTO_INCREMENT,
  `cacheKey` varchar(255) COLLATE utf8_unicode_ci NOT NULL,
  `locale` char(12) COLLATE utf8_unicode_ci NOT NULL,
  `path` varchar(255) COLLATE utf8_unicode_ci DEFAULT NULL,
  `expiryDate` datetime NOT NULL,
  `body` mediumtext COLLATE utf8_unicode_ci NOT NULL,
  PRIMARY KEY (`id`),
  KEY `craft_templatecaches_expiryDate_cacheKey_locale_path_idx` (`expiryDate`,`cacheKey`,`locale`,`path`),
  KEY `craft_templatecaches_locale_fk` (`locale`)
) ENGINE=InnoDB DEFAULT CHARSET=utf8 COLLATE=utf8_unicode_ci;

DROP TABLE IF EXISTS `craft_tokens`;


--
-- Schema for table `craft_tokens`
--
CREATE TABLE `craft_tokens` (
  `id` int(11) NOT NULL AUTO_INCREMENT,
  `token` char(32) COLLATE utf8_unicode_ci NOT NULL,
  `route` text COLLATE utf8_unicode_ci,
  `usageLimit` tinyint(3) unsigned DEFAULT NULL,
  `usageCount` tinyint(3) unsigned DEFAULT NULL,
  `expiryDate` datetime NOT NULL,
  `dateCreated` datetime NOT NULL,
  `dateUpdated` datetime NOT NULL,
  `uid` char(36) COLLATE utf8_unicode_ci NOT NULL DEFAULT '0',
  PRIMARY KEY (`id`),
  UNIQUE KEY `craft_tokens_token_unq_idx` (`token`),
  KEY `craft_tokens_expiryDate_idx` (`expiryDate`)
) ENGINE=InnoDB DEFAULT CHARSET=utf8 COLLATE=utf8_unicode_ci;

DROP TABLE IF EXISTS `craft_usergroups`;


--
-- Schema for table `craft_usergroups`
--
CREATE TABLE `craft_usergroups` (
  `id` int(11) NOT NULL AUTO_INCREMENT,
  `name` varchar(255) COLLATE utf8_unicode_ci NOT NULL,
  `handle` varchar(255) COLLATE utf8_unicode_ci NOT NULL,
  `dateCreated` datetime NOT NULL,
  `dateUpdated` datetime NOT NULL,
  `uid` char(36) COLLATE utf8_unicode_ci NOT NULL DEFAULT '0',
  PRIMARY KEY (`id`),
  UNIQUE KEY `craft_usergroups_name_unq_idx` (`name`),
  UNIQUE KEY `craft_usergroups_handle_unq_idx` (`handle`)
) ENGINE=InnoDB DEFAULT CHARSET=utf8 COLLATE=utf8_unicode_ci;

DROP TABLE IF EXISTS `craft_usergroups_users`;


--
-- Schema for table `craft_usergroups_users`
--
CREATE TABLE `craft_usergroups_users` (
  `id` int(11) NOT NULL AUTO_INCREMENT,
  `groupId` int(11) NOT NULL,
  `userId` int(11) NOT NULL,
  `dateCreated` datetime NOT NULL,
  `dateUpdated` datetime NOT NULL,
  `uid` char(36) COLLATE utf8_unicode_ci NOT NULL DEFAULT '0',
  PRIMARY KEY (`id`),
  UNIQUE KEY `craft_usergroups_users_groupId_userId_unq_idx` (`groupId`,`userId`),
  KEY `craft_usergroups_users_userId_fk` (`userId`)
) ENGINE=InnoDB DEFAULT CHARSET=utf8 COLLATE=utf8_unicode_ci;

DROP TABLE IF EXISTS `craft_userpermissions`;


--
-- Schema for table `craft_userpermissions`
--
CREATE TABLE `craft_userpermissions` (
  `id` int(11) NOT NULL AUTO_INCREMENT,
  `name` varchar(255) COLLATE utf8_unicode_ci NOT NULL,
  `dateCreated` datetime NOT NULL,
  `dateUpdated` datetime NOT NULL,
  `uid` char(36) COLLATE utf8_unicode_ci NOT NULL DEFAULT '0',
  PRIMARY KEY (`id`),
  UNIQUE KEY `craft_userpermissions_name_unq_idx` (`name`)
) ENGINE=InnoDB DEFAULT CHARSET=utf8 COLLATE=utf8_unicode_ci;

DROP TABLE IF EXISTS `craft_userpermissions_usergroups`;


--
-- Schema for table `craft_userpermissions_usergroups`
--
CREATE TABLE `craft_userpermissions_usergroups` (
  `id` int(11) NOT NULL AUTO_INCREMENT,
  `permissionId` int(11) NOT NULL,
  `groupId` int(11) NOT NULL,
  `dateCreated` datetime NOT NULL,
  `dateUpdated` datetime NOT NULL,
  `uid` char(36) COLLATE utf8_unicode_ci NOT NULL DEFAULT '0',
  PRIMARY KEY (`id`),
  UNIQUE KEY `craft_userpermissions_usergroups_permissionId_groupId_unq_idx` (`permissionId`,`groupId`),
  KEY `craft_userpermissions_usergroups_groupId_fk` (`groupId`)
) ENGINE=InnoDB DEFAULT CHARSET=utf8 COLLATE=utf8_unicode_ci;

DROP TABLE IF EXISTS `craft_userpermissions_users`;


--
-- Schema for table `craft_userpermissions_users`
--
CREATE TABLE `craft_userpermissions_users` (
  `id` int(11) NOT NULL AUTO_INCREMENT,
  `permissionId` int(11) NOT NULL,
  `userId` int(11) NOT NULL,
  `dateCreated` datetime NOT NULL,
  `dateUpdated` datetime NOT NULL,
  `uid` char(36) COLLATE utf8_unicode_ci NOT NULL DEFAULT '0',
  PRIMARY KEY (`id`),
  UNIQUE KEY `craft_userpermissions_users_permissionId_userId_unq_idx` (`permissionId`,`userId`),
  KEY `craft_userpermissions_users_userId_fk` (`userId`)
) ENGINE=InnoDB DEFAULT CHARSET=utf8 COLLATE=utf8_unicode_ci;

DROP TABLE IF EXISTS `craft_users`;


--
-- Schema for table `craft_users`
--
CREATE TABLE `craft_users` (
  `id` int(11) NOT NULL,
  `username` varchar(100) COLLATE utf8_unicode_ci NOT NULL,
  `photo` varchar(100) COLLATE utf8_unicode_ci DEFAULT NULL,
  `firstName` varchar(100) COLLATE utf8_unicode_ci DEFAULT NULL,
  `lastName` varchar(100) COLLATE utf8_unicode_ci DEFAULT NULL,
  `email` varchar(255) COLLATE utf8_unicode_ci NOT NULL,
  `password` char(255) COLLATE utf8_unicode_ci DEFAULT NULL,
  `preferredLocale` char(12) COLLATE utf8_unicode_ci DEFAULT NULL,
  `weekStartDay` tinyint(1) unsigned NOT NULL DEFAULT '0',
  `admin` tinyint(1) unsigned NOT NULL DEFAULT '0',
  `client` tinyint(1) unsigned NOT NULL DEFAULT '0',
  `locked` tinyint(1) unsigned NOT NULL DEFAULT '0',
  `suspended` tinyint(1) unsigned NOT NULL DEFAULT '0',
  `pending` tinyint(1) unsigned NOT NULL DEFAULT '0',
  `archived` tinyint(1) unsigned NOT NULL DEFAULT '0',
  `lastLoginDate` datetime DEFAULT NULL,
  `lastLoginAttemptIPAddress` varchar(45) COLLATE utf8_unicode_ci DEFAULT NULL,
  `invalidLoginWindowStart` datetime DEFAULT NULL,
  `invalidLoginCount` tinyint(4) unsigned DEFAULT NULL,
  `lastInvalidLoginDate` datetime DEFAULT NULL,
  `lockoutDate` datetime DEFAULT NULL,
  `verificationCode` char(100) COLLATE utf8_unicode_ci DEFAULT NULL,
  `verificationCodeIssuedDate` datetime DEFAULT NULL,
  `unverifiedEmail` varchar(255) COLLATE utf8_unicode_ci DEFAULT NULL,
  `passwordResetRequired` tinyint(1) unsigned NOT NULL DEFAULT '0',
  `lastPasswordChangeDate` datetime DEFAULT NULL,
  `dateCreated` datetime NOT NULL,
  `dateUpdated` datetime NOT NULL,
  `uid` char(36) COLLATE utf8_unicode_ci NOT NULL DEFAULT '0',
  PRIMARY KEY (`id`),
  UNIQUE KEY `craft_users_username_unq_idx` (`username`),
  UNIQUE KEY `craft_users_email_unq_idx` (`email`),
  KEY `craft_users_verificationCode_idx` (`verificationCode`),
  KEY `craft_users_uid_idx` (`uid`),
  KEY `craft_users_preferredLocale_fk` (`preferredLocale`)
) ENGINE=InnoDB DEFAULT CHARSET=utf8 COLLATE=utf8_unicode_ci;

--
-- Data for table `craft_users`
--

INSERT INTO `craft_users` (`id`, `username`, `photo`, `firstName`, `lastName`, `email`, `password`, `preferredLocale`, `weekStartDay`, `admin`, `client`, `locked`, `suspended`, `pending`, `archived`, `lastLoginDate`, `lastLoginAttemptIPAddress`, `invalidLoginWindowStart`, `invalidLoginCount`, `lastInvalidLoginDate`, `lockoutDate`, `verificationCode`, `verificationCodeIssuedDate`, `unverifiedEmail`, `passwordResetRequired`, `lastPasswordChangeDate`, `dateCreated`, `dateUpdated`, `uid`) VALUES
 ('1', 'Tecture_Admin', NULL, NULL, NULL, 'bwilliams@tecture.com', '$2y$13$zQsBPZsKtlQikJbIRCjDOO689ckZZaphmzHxtJxaGU9y7G0O3.tZC', NULL, '0', '1', '0', '0', '0', '0', '0', '2017-07-05 14:22:07', '50.73.111.1', NULL, NULL, '2017-06-26 13:53:33', NULL, NULL, NULL, NULL, '0', '2017-05-24 15:07:00', '2017-05-24 15:07:00', '2017-07-05 14:22:07', '7616fe8a-0afc-48e7-8000-79c74f702950');



DROP TABLE IF EXISTS `craft_widgets`;


--
-- Schema for table `craft_widgets`
--
CREATE TABLE `craft_widgets` (
  `id` int(11) NOT NULL AUTO_INCREMENT,
  `userId` int(11) NOT NULL,
  `type` varchar(150) COLLATE utf8_unicode_ci NOT NULL,
  `sortOrder` smallint(6) unsigned DEFAULT NULL,
  `colspan` tinyint(4) unsigned DEFAULT NULL,
  `settings` text COLLATE utf8_unicode_ci,
  `enabled` tinyint(1) unsigned NOT NULL DEFAULT '1',
  `dateCreated` datetime NOT NULL,
  `dateUpdated` datetime NOT NULL,
  `uid` char(36) COLLATE utf8_unicode_ci NOT NULL DEFAULT '0',
  PRIMARY KEY (`id`),
  KEY `craft_widgets_userId_fk` (`userId`)
) ENGINE=InnoDB AUTO_INCREMENT=6 DEFAULT CHARSET=utf8 COLLATE=utf8_unicode_ci;

--
-- Data for table `craft_widgets`
--

INSERT INTO `craft_widgets` (`id`, `userId`, `type`, `sortOrder`, `colspan`, `settings`, `enabled`, `dateCreated`, `dateUpdated`, `uid`) VALUES
 ('1', '1', 'RecentEntries', '2', '2', NULL, '1', '2017-05-24 15:13:42', '2017-06-12 16:00:26', '379d8ad5-f215-40d1-b275-127b30736f6a'),
 ('2', '1', 'GetHelp', '4', NULL, NULL, '1', '2017-05-24 15:13:42', '2017-06-12 16:00:25', '01d5788a-030e-43ab-b8b4-934e79493b54'),
 ('3', '1', 'Updates', '3', NULL, NULL, '1', '2017-05-24 15:13:42', '2017-06-12 16:00:25', 'e6f31ed5-5062-40b0-a1c0-112ebe000c88'),
 ('4', '1', 'Feed', '1', '3', '{\"url\":\"https:\\/\\/craftcms.com\\/news.rss\",\"title\":\"Craft News\"}', '1', '2017-05-24 15:13:42', '2017-06-12 16:00:28', '89366cd2-65cf-4326-a799-5bcdcef0e849'),
 ('5', '1', 'QuickPost', '5', NULL, '{\"section\":\"2\",\"entryType\":\"\",\"fields\":[\"10\",\"6\",\"2\"]}', '1', '2017-06-26 18:03:52', '2017-06-26 18:03:52', '4fd68c3d-5cc3-4684-819d-8822a42ea954');


--
-- Constraints for tables
--


--
-- Constraints for table `craft_assetfiles`
--
ALTER TABLE `craft_assetfiles`
	ADD CONSTRAINT `craft_assetfiles_folderId_fk` FOREIGN KEY (`folderId`) REFERENCES `craft_assetfolders` (`id`) ON DELETE CASCADE,
	ADD CONSTRAINT `craft_assetfiles_id_fk` FOREIGN KEY (`id`) REFERENCES `craft_elements` (`id`) ON DELETE CASCADE,
	ADD CONSTRAINT `craft_assetfiles_sourceId_fk` FOREIGN KEY (`sourceId`) REFERENCES `craft_assetsources` (`id`) ON DELETE CASCADE;

--
-- Constraints for table `craft_assetfolders`
--
ALTER TABLE `craft_assetfolders`
	ADD CONSTRAINT `craft_assetfolders_parentId_fk` FOREIGN KEY (`parentId`) REFERENCES `craft_assetfolders` (`id`) ON DELETE CASCADE,
	ADD CONSTRAINT `craft_assetfolders_sourceId_fk` FOREIGN KEY (`sourceId`) REFERENCES `craft_assetsources` (`id`) ON DELETE CASCADE;

--
-- Constraints for table `craft_assetindexdata`
--
ALTER TABLE `craft_assetindexdata`
	ADD CONSTRAINT `craft_assetindexdata_sourceId_fk` FOREIGN KEY (`sourceId`) REFERENCES `craft_assetsources` (`id`) ON DELETE CASCADE;

--
-- Constraints for table `craft_assetsources`
--
ALTER TABLE `craft_assetsources`
	ADD CONSTRAINT `craft_assetsources_fieldLayoutId_fk` FOREIGN KEY (`fieldLayoutId`) REFERENCES `craft_fieldlayouts` (`id`) ON DELETE SET NULL;

--
-- Constraints for table `craft_categories`
--
ALTER TABLE `craft_categories`
	ADD CONSTRAINT `craft_categories_groupId_fk` FOREIGN KEY (`groupId`) REFERENCES `craft_categorygroups` (`id`) ON DELETE CASCADE,
	ADD CONSTRAINT `craft_categories_id_fk` FOREIGN KEY (`id`) REFERENCES `craft_elements` (`id`) ON DELETE CASCADE;

--
-- Constraints for table `craft_categorygroups`
--
ALTER TABLE `craft_categorygroups`
	ADD CONSTRAINT `craft_categorygroups_fieldLayoutId_fk` FOREIGN KEY (`fieldLayoutId`) REFERENCES `craft_fieldlayouts` (`id`) ON DELETE SET NULL,
	ADD CONSTRAINT `craft_categorygroups_structureId_fk` FOREIGN KEY (`structureId`) REFERENCES `craft_structures` (`id`) ON DELETE CASCADE;

--
-- Constraints for table `craft_categorygroups_i18n`
--
ALTER TABLE `craft_categorygroups_i18n`
	ADD CONSTRAINT `craft_categorygroups_i18n_groupId_fk` FOREIGN KEY (`groupId`) REFERENCES `craft_categorygroups` (`id`) ON DELETE CASCADE,
	ADD CONSTRAINT `craft_categorygroups_i18n_locale_fk` FOREIGN KEY (`locale`) REFERENCES `craft_locales` (`locale`) ON DELETE CASCADE ON UPDATE CASCADE;

--
-- Constraints for table `craft_content`
--
ALTER TABLE `craft_content`
	ADD CONSTRAINT `craft_content_elementId_fk` FOREIGN KEY (`elementId`) REFERENCES `craft_elements` (`id`) ON DELETE CASCADE,
	ADD CONSTRAINT `craft_content_locale_fk` FOREIGN KEY (`locale`) REFERENCES `craft_locales` (`locale`) ON DELETE CASCADE ON UPDATE CASCADE;

--
-- Constraints for table `craft_elements_i18n`
--
ALTER TABLE `craft_elements_i18n`
	ADD CONSTRAINT `craft_elements_i18n_elementId_fk` FOREIGN KEY (`elementId`) REFERENCES `craft_elements` (`id`) ON DELETE CASCADE,
	ADD CONSTRAINT `craft_elements_i18n_locale_fk` FOREIGN KEY (`locale`) REFERENCES `craft_locales` (`locale`) ON DELETE CASCADE ON UPDATE CASCADE;

--
-- Constraints for table `craft_emailmessages`
--
ALTER TABLE `craft_emailmessages`
	ADD CONSTRAINT `craft_emailmessages_locale_fk` FOREIGN KEY (`locale`) REFERENCES `craft_locales` (`locale`) ON DELETE CASCADE ON UPDATE CASCADE;

--
-- Constraints for table `craft_entries`
--
ALTER TABLE `craft_entries`
	ADD CONSTRAINT `craft_entries_authorId_fk` FOREIGN KEY (`authorId`) REFERENCES `craft_users` (`id`) ON DELETE CASCADE,
	ADD CONSTRAINT `craft_entries_id_fk` FOREIGN KEY (`id`) REFERENCES `craft_elements` (`id`) ON DELETE CASCADE,
	ADD CONSTRAINT `craft_entries_sectionId_fk` FOREIGN KEY (`sectionId`) REFERENCES `craft_sections` (`id`) ON DELETE CASCADE,
	ADD CONSTRAINT `craft_entries_typeId_fk` FOREIGN KEY (`typeId`) REFERENCES `craft_entrytypes` (`id`) ON DELETE CASCADE;

--
-- Constraints for table `craft_entrydrafts`
--
ALTER TABLE `craft_entrydrafts`
	ADD CONSTRAINT `craft_entrydrafts_creatorId_fk` FOREIGN KEY (`creatorId`) REFERENCES `craft_users` (`id`) ON DELETE CASCADE,
	ADD CONSTRAINT `craft_entrydrafts_entryId_fk` FOREIGN KEY (`entryId`) REFERENCES `craft_entries` (`id`) ON DELETE CASCADE,
	ADD CONSTRAINT `craft_entrydrafts_locale_fk` FOREIGN KEY (`locale`) REFERENCES `craft_locales` (`locale`) ON DELETE CASCADE ON UPDATE CASCADE,
	ADD CONSTRAINT `craft_entrydrafts_sectionId_fk` FOREIGN KEY (`sectionId`) REFERENCES `craft_sections` (`id`) ON DELETE CASCADE;

--
-- Constraints for table `craft_entrytypes`
--
ALTER TABLE `craft_entrytypes`
	ADD CONSTRAINT `craft_entrytypes_fieldLayoutId_fk` FOREIGN KEY (`fieldLayoutId`) REFERENCES `craft_fieldlayouts` (`id`) ON DELETE SET NULL,
	ADD CONSTRAINT `craft_entrytypes_sectionId_fk` FOREIGN KEY (`sectionId`) REFERENCES `craft_sections` (`id`) ON DELETE CASCADE;

--
-- Constraints for table `craft_entryversions`
--
ALTER TABLE `craft_entryversions`
	ADD CONSTRAINT `craft_entryversions_creatorId_fk` FOREIGN KEY (`creatorId`) REFERENCES `craft_users` (`id`) ON DELETE SET NULL,
	ADD CONSTRAINT `craft_entryversions_entryId_fk` FOREIGN KEY (`entryId`) REFERENCES `craft_entries` (`id`) ON DELETE CASCADE,
	ADD CONSTRAINT `craft_entryversions_locale_fk` FOREIGN KEY (`locale`) REFERENCES `craft_locales` (`locale`) ON DELETE CASCADE ON UPDATE CASCADE,
	ADD CONSTRAINT `craft_entryversions_sectionId_fk` FOREIGN KEY (`sectionId`) REFERENCES `craft_sections` (`id`) ON DELETE CASCADE;

--
-- Constraints for table `craft_fieldlayoutfields`
--
ALTER TABLE `craft_fieldlayoutfields`
	ADD CONSTRAINT `craft_fieldlayoutfields_fieldId_fk` FOREIGN KEY (`fieldId`) REFERENCES `craft_fields` (`id`) ON DELETE CASCADE,
	ADD CONSTRAINT `craft_fieldlayoutfields_layoutId_fk` FOREIGN KEY (`layoutId`) REFERENCES `craft_fieldlayouts` (`id`) ON DELETE CASCADE,
	ADD CONSTRAINT `craft_fieldlayoutfields_tabId_fk` FOREIGN KEY (`tabId`) REFERENCES `craft_fieldlayouttabs` (`id`) ON DELETE CASCADE;

--
-- Constraints for table `craft_fieldlayouttabs`
--
ALTER TABLE `craft_fieldlayouttabs`
	ADD CONSTRAINT `craft_fieldlayouttabs_layoutId_fk` FOREIGN KEY (`layoutId`) REFERENCES `craft_fieldlayouts` (`id`) ON DELETE CASCADE;

--
-- Constraints for table `craft_fields`
--
ALTER TABLE `craft_fields`
	ADD CONSTRAINT `craft_fields_groupId_fk` FOREIGN KEY (`groupId`) REFERENCES `craft_fieldgroups` (`id`) ON DELETE CASCADE;

--
-- Constraints for table `craft_globalsets`
--
ALTER TABLE `craft_globalsets`
	ADD CONSTRAINT `craft_globalsets_fieldLayoutId_fk` FOREIGN KEY (`fieldLayoutId`) REFERENCES `craft_fieldlayouts` (`id`) ON DELETE SET NULL,
	ADD CONSTRAINT `craft_globalsets_id_fk` FOREIGN KEY (`id`) REFERENCES `craft_elements` (`id`) ON DELETE CASCADE;

--
-- Constraints for table `craft_matrixblocks`
--
ALTER TABLE `craft_matrixblocks`
	ADD CONSTRAINT `craft_matrixblocks_fieldId_fk` FOREIGN KEY (`fieldId`) REFERENCES `craft_fields` (`id`) ON DELETE CASCADE,
	ADD CONSTRAINT `craft_matrixblocks_id_fk` FOREIGN KEY (`id`) REFERENCES `craft_elements` (`id`) ON DELETE CASCADE,
	ADD CONSTRAINT `craft_matrixblocks_ownerId_fk` FOREIGN KEY (`ownerId`) REFERENCES `craft_elements` (`id`) ON DELETE CASCADE,
	ADD CONSTRAINT `craft_matrixblocks_ownerLocale_fk` FOREIGN KEY (`ownerLocale`) REFERENCES `craft_locales` (`locale`) ON DELETE CASCADE ON UPDATE CASCADE,
	ADD CONSTRAINT `craft_matrixblocks_typeId_fk` FOREIGN KEY (`typeId`) REFERENCES `craft_matrixblocktypes` (`id`) ON DELETE CASCADE;

--
-- Constraints for table `craft_matrixblocktypes`
--
ALTER TABLE `craft_matrixblocktypes`
	ADD CONSTRAINT `craft_matrixblocktypes_fieldId_fk` FOREIGN KEY (`fieldId`) REFERENCES `craft_fields` (`id`) ON DELETE CASCADE,
	ADD CONSTRAINT `craft_matrixblocktypes_fieldLayoutId_fk` FOREIGN KEY (`fieldLayoutId`) REFERENCES `craft_fieldlayouts` (`id`) ON DELETE SET NULL;

--
-- Constraints for table `craft_matrixcontent_mymatrix`
--
ALTER TABLE `craft_matrixcontent_mymatrix`
	ADD CONSTRAINT `craft_matrixcontent_mymatrix_elementId_fk` FOREIGN KEY (`elementId`) REFERENCES `craft_elements` (`id`) ON DELETE CASCADE,
	ADD CONSTRAINT `craft_matrixcontent_mymatrix_locale_fk` FOREIGN KEY (`locale`) REFERENCES `craft_locales` (`locale`) ON DELETE CASCADE ON UPDATE CASCADE;

--
-- Constraints for table `craft_migrations`
--
ALTER TABLE `craft_migrations`
	ADD CONSTRAINT `craft_migrations_pluginId_fk` FOREIGN KEY (`pluginId`) REFERENCES `craft_plugins` (`id`) ON DELETE CASCADE;

--
-- Constraints for table `craft_relations`
--
ALTER TABLE `craft_relations`
	ADD CONSTRAINT `craft_relations_fieldId_fk` FOREIGN KEY (`fieldId`) REFERENCES `craft_fields` (`id`) ON DELETE CASCADE,
	ADD CONSTRAINT `craft_relations_sourceId_fk` FOREIGN KEY (`sourceId`) REFERENCES `craft_elements` (`id`) ON DELETE CASCADE,
	ADD CONSTRAINT `craft_relations_sourceLocale_fk` FOREIGN KEY (`sourceLocale`) REFERENCES `craft_locales` (`locale`) ON DELETE CASCADE ON UPDATE CASCADE,
	ADD CONSTRAINT `craft_relations_targetId_fk` FOREIGN KEY (`targetId`) REFERENCES `craft_elements` (`id`) ON DELETE CASCADE;

--
-- Constraints for table `craft_routes`
--
ALTER TABLE `craft_routes`
	ADD CONSTRAINT `craft_routes_locale_fk` FOREIGN KEY (`locale`) REFERENCES `craft_locales` (`locale`) ON DELETE CASCADE ON UPDATE CASCADE;

--
-- Constraints for table `craft_sections`
--
ALTER TABLE `craft_sections`
	ADD CONSTRAINT `craft_sections_structureId_fk` FOREIGN KEY (`structureId`) REFERENCES `craft_structures` (`id`) ON DELETE SET NULL;

--
-- Constraints for table `craft_sections_i18n`
--
ALTER TABLE `craft_sections_i18n`
	ADD CONSTRAINT `craft_sections_i18n_locale_fk` FOREIGN KEY (`locale`) REFERENCES `craft_locales` (`locale`) ON DELETE CASCADE ON UPDATE CASCADE,
	ADD CONSTRAINT `craft_sections_i18n_sectionId_fk` FOREIGN KEY (`sectionId`) REFERENCES `craft_sections` (`id`) ON DELETE CASCADE;

--
-- Constraints for table `craft_sessions`
--
ALTER TABLE `craft_sessions`
	ADD CONSTRAINT `craft_sessions_userId_fk` FOREIGN KEY (`userId`) REFERENCES `craft_users` (`id`) ON DELETE CASCADE;

--
-- Constraints for table `craft_shunnedmessages`
--
ALTER TABLE `craft_shunnedmessages`
	ADD CONSTRAINT `craft_shunnedmessages_userId_fk` FOREIGN KEY (`userId`) REFERENCES `craft_users` (`id`) ON DELETE CASCADE;

--
-- Constraints for table `craft_structureelements`
--
ALTER TABLE `craft_structureelements`
	ADD CONSTRAINT `craft_structureelements_elementId_fk` FOREIGN KEY (`elementId`) REFERENCES `craft_elements` (`id`) ON DELETE CASCADE,
	ADD CONSTRAINT `craft_structureelements_structureId_fk` FOREIGN KEY (`structureId`) REFERENCES `craft_structures` (`id`) ON DELETE CASCADE;

--
-- Constraints for table `craft_taggroups`
--
ALTER TABLE `craft_taggroups`
	ADD CONSTRAINT `craft_taggroups_fieldLayoutId_fk` FOREIGN KEY (`fieldLayoutId`) REFERENCES `craft_fieldlayouts` (`id`) ON DELETE SET NULL;

--
-- Constraints for table `craft_tags`
--
ALTER TABLE `craft_tags`
	ADD CONSTRAINT `craft_tags_groupId_fk` FOREIGN KEY (`groupId`) REFERENCES `craft_taggroups` (`id`) ON DELETE CASCADE,
	ADD CONSTRAINT `craft_tags_id_fk` FOREIGN KEY (`id`) REFERENCES `craft_elements` (`id`) ON DELETE CASCADE;

--
-- Constraints for table `craft_templatecachecriteria`
--
ALTER TABLE `craft_templatecachecriteria`
	ADD CONSTRAINT `craft_templatecachecriteria_cacheId_fk` FOREIGN KEY (`cacheId`) REFERENCES `craft_templatecaches` (`id`) ON DELETE CASCADE;

--
-- Constraints for table `craft_templatecacheelements`
--
ALTER TABLE `craft_templatecacheelements`
	ADD CONSTRAINT `craft_templatecacheelements_cacheId_fk` FOREIGN KEY (`cacheId`) REFERENCES `craft_templatecaches` (`id`) ON DELETE CASCADE,
	ADD CONSTRAINT `craft_templatecacheelements_elementId_fk` FOREIGN KEY (`elementId`) REFERENCES `craft_elements` (`id`) ON DELETE CASCADE;

--
-- Constraints for table `craft_templatecaches`
--
ALTER TABLE `craft_templatecaches`
	ADD CONSTRAINT `craft_templatecaches_locale_fk` FOREIGN KEY (`locale`) REFERENCES `craft_locales` (`locale`) ON DELETE CASCADE ON UPDATE CASCADE;

--
-- Constraints for table `craft_usergroups_users`
--
ALTER TABLE `craft_usergroups_users`
	ADD CONSTRAINT `craft_usergroups_users_groupId_fk` FOREIGN KEY (`groupId`) REFERENCES `craft_usergroups` (`id`) ON DELETE CASCADE,
	ADD CONSTRAINT `craft_usergroups_users_userId_fk` FOREIGN KEY (`userId`) REFERENCES `craft_users` (`id`) ON DELETE CASCADE;

--
-- Constraints for table `craft_userpermissions_usergroups`
--
ALTER TABLE `craft_userpermissions_usergroups`
	ADD CONSTRAINT `craft_userpermissions_usergroups_groupId_fk` FOREIGN KEY (`groupId`) REFERENCES `craft_usergroups` (`id`) ON DELETE CASCADE,
	ADD CONSTRAINT `craft_userpermissions_usergroups_permissionId_fk` FOREIGN KEY (`permissionId`) REFERENCES `craft_userpermissions` (`id`) ON DELETE CASCADE;

--
-- Constraints for table `craft_userpermissions_users`
--
ALTER TABLE `craft_userpermissions_users`
	ADD CONSTRAINT `craft_userpermissions_users_permissionId_fk` FOREIGN KEY (`permissionId`) REFERENCES `craft_userpermissions` (`id`) ON DELETE CASCADE,
	ADD CONSTRAINT `craft_userpermissions_users_userId_fk` FOREIGN KEY (`userId`) REFERENCES `craft_users` (`id`) ON DELETE CASCADE;

--
-- Constraints for table `craft_users`
--
ALTER TABLE `craft_users`
	ADD CONSTRAINT `craft_users_id_fk` FOREIGN KEY (`id`) REFERENCES `craft_elements` (`id`) ON DELETE CASCADE,
	ADD CONSTRAINT `craft_users_preferredLocale_fk` FOREIGN KEY (`preferredLocale`) REFERENCES `craft_locales` (`locale`) ON DELETE SET NULL ON UPDATE CASCADE;

--
-- Constraints for table `craft_widgets`
--
ALTER TABLE `craft_widgets`
	ADD CONSTRAINT `craft_widgets_userId_fk` FOREIGN KEY (`userId`) REFERENCES `craft_users` (`id`) ON DELETE CASCADE;

SET FOREIGN_KEY_CHECKS = 1;
