-- Generated by Craft v2.6.2981 on Jun 12, 2017, 3:54:52 PM.

--
-- Disable foreign key checks and autocommit.
--

SET FOREIGN_KEY_CHECKS = 0;
SET SQL_MODE = "NO_AUTO_VALUE_ON_ZERO";
SET AUTOCOMMIT = 0;
SET NAMES utf8;


DROP TABLE IF EXISTS `craft_assetfiles`;


--
-- Schema for table `craft_assetfiles`
--
CREATE TABLE `craft_assetfiles` (
  `id` int(11) NOT NULL,
  `sourceId` int(11) DEFAULT NULL,
  `folderId` int(11) NOT NULL,
  `filename` varchar(255) COLLATE utf8_unicode_ci NOT NULL,
  `kind` varchar(50) COLLATE utf8_unicode_ci NOT NULL DEFAULT 'unknown',
  `width` int(11) unsigned DEFAULT NULL,
  `height` int(11) unsigned DEFAULT NULL,
  `size` bigint(20) unsigned DEFAULT NULL,
  `dateModified` datetime DEFAULT NULL,
  `dateCreated` datetime NOT NULL,
  `dateUpdated` datetime NOT NULL,
  `uid` char(36) COLLATE utf8_unicode_ci NOT NULL DEFAULT '0',
  PRIMARY KEY (`id`),
  UNIQUE KEY `craft_assetfiles_filename_folderId_unq_idx` (`filename`,`folderId`),
  KEY `craft_assetfiles_sourceId_fk` (`sourceId`),
  KEY `craft_assetfiles_folderId_fk` (`folderId`)
) ENGINE=InnoDB DEFAULT CHARSET=utf8 COLLATE=utf8_unicode_ci;

DROP TABLE IF EXISTS `craft_assetfolders`;


--
-- Schema for table `craft_assetfolders`
--
CREATE TABLE `craft_assetfolders` (
  `id` int(11) NOT NULL AUTO_INCREMENT,
  `parentId` int(11) DEFAULT NULL,
  `sourceId` int(11) DEFAULT NULL,
  `name` varchar(255) COLLATE utf8_unicode_ci NOT NULL,
  `path` varchar(255) COLLATE utf8_unicode_ci DEFAULT NULL,
  `dateCreated` datetime NOT NULL,
  `dateUpdated` datetime NOT NULL,
  `uid` char(36) COLLATE utf8_unicode_ci NOT NULL DEFAULT '0',
  PRIMARY KEY (`id`),
  UNIQUE KEY `craft_assetfolders_name_parentId_sourceId_unq_idx` (`name`,`parentId`,`sourceId`),
  KEY `craft_assetfolders_parentId_fk` (`parentId`),
  KEY `craft_assetfolders_sourceId_fk` (`sourceId`)
) ENGINE=InnoDB AUTO_INCREMENT=2 DEFAULT CHARSET=utf8 COLLATE=utf8_unicode_ci;

--
-- Data for table `craft_assetfolders`
--

INSERT INTO `craft_assetfolders` (`id`, `parentId`, `sourceId`, `name`, `path`, `dateCreated`, `dateUpdated`, `uid`) VALUES
 ('1', NULL, '1', 'Images', '', '2017-05-30 15:09:24', '2017-05-30 15:09:24', '26f2d45d-a46f-4c01-80d2-c391bec7bb44');



DROP TABLE IF EXISTS `craft_assetindexdata`;


--
-- Schema for table `craft_assetindexdata`
--
CREATE TABLE `craft_assetindexdata` (
  `id` int(11) NOT NULL AUTO_INCREMENT,
  `sessionId` varchar(36) COLLATE utf8_unicode_ci NOT NULL DEFAULT '',
  `sourceId` int(10) NOT NULL,
  `offset` int(10) NOT NULL,
  `uri` varchar(255) COLLATE utf8_unicode_ci DEFAULT NULL,
  `size` varchar(255) COLLATE utf8_unicode_ci DEFAULT NULL,
  `recordId` int(10) DEFAULT NULL,
  `dateCreated` datetime NOT NULL,
  `dateUpdated` datetime NOT NULL,
  `uid` char(36) COLLATE utf8_unicode_ci NOT NULL DEFAULT '0',
  PRIMARY KEY (`id`),
  UNIQUE KEY `craft_assetindexdata_sessionId_sourceId_offset_unq_idx` (`sessionId`,`sourceId`,`offset`),
  KEY `craft_assetindexdata_sourceId_fk` (`sourceId`)
) ENGINE=InnoDB DEFAULT CHARSET=utf8 COLLATE=utf8_unicode_ci;

DROP TABLE IF EXISTS `craft_assetsources`;


--
-- Schema for table `craft_assetsources`
--
CREATE TABLE `craft_assetsources` (
  `id` int(11) NOT NULL AUTO_INCREMENT,
  `name` varchar(255) COLLATE utf8_unicode_ci NOT NULL,
  `handle` varchar(255) COLLATE utf8_unicode_ci NOT NULL,
  `type` varchar(150) COLLATE utf8_unicode_ci NOT NULL,
  `settings` text COLLATE utf8_unicode_ci,
  `sortOrder` smallint(6) unsigned DEFAULT NULL,
  `fieldLayoutId` int(10) DEFAULT NULL,
  `dateCreated` datetime NOT NULL,
  `dateUpdated` datetime NOT NULL,
  `uid` char(36) COLLATE utf8_unicode_ci NOT NULL DEFAULT '0',
  PRIMARY KEY (`id`),
  UNIQUE KEY `craft_assetsources_name_unq_idx` (`name`),
  UNIQUE KEY `craft_assetsources_handle_unq_idx` (`handle`),
  KEY `craft_assetsources_fieldLayoutId_fk` (`fieldLayoutId`)
) ENGINE=InnoDB AUTO_INCREMENT=2 DEFAULT CHARSET=utf8 COLLATE=utf8_unicode_ci;

--
-- Data for table `craft_assetsources`
--

INSERT INTO `craft_assetsources` (`id`, `name`, `handle`, `type`, `settings`, `sortOrder`, `fieldLayoutId`, `dateCreated`, `dateUpdated`, `uid`) VALUES
 ('1', 'Images', 'images', 'Local', '{\"path\":\"\\/html\\/images\\/\",\"publicURLs\":\"\",\"url\":\"\"}', '1', '16', '2017-05-30 15:09:24', '2017-06-01 16:08:30', 'daa285fa-dbbb-4041-b77b-5232e0ea44c2');



DROP TABLE IF EXISTS `craft_assettransformindex`;


--
-- Schema for table `craft_assettransformindex`
--
CREATE TABLE `craft_assettransformindex` (
  `id` int(11) NOT NULL AUTO_INCREMENT,
  `fileId` int(11) NOT NULL,
  `filename` varchar(255) COLLATE utf8_unicode_ci DEFAULT NULL,
  `format` varchar(255) COLLATE utf8_unicode_ci DEFAULT NULL,
  `location` varchar(255) COLLATE utf8_unicode_ci NOT NULL,
  `sourceId` int(11) DEFAULT NULL,
  `fileExists` tinyint(1) DEFAULT NULL,
  `inProgress` tinyint(1) DEFAULT NULL,
  `dateIndexed` datetime DEFAULT NULL,
  `dateCreated` datetime NOT NULL,
  `dateUpdated` datetime NOT NULL,
  `uid` char(36) COLLATE utf8_unicode_ci NOT NULL DEFAULT '0',
  PRIMARY KEY (`id`),
  KEY `craft_assettransformindex_sourceId_fileId_location_idx` (`sourceId`,`fileId`,`location`)
) ENGINE=InnoDB DEFAULT CHARSET=utf8 COLLATE=utf8_unicode_ci;

DROP TABLE IF EXISTS `craft_assettransforms`;


--
-- Schema for table `craft_assettransforms`
--
CREATE TABLE `craft_assettransforms` (
  `id` int(11) NOT NULL AUTO_INCREMENT,
  `name` varchar(255) COLLATE utf8_unicode_ci NOT NULL,
  `handle` varchar(255) COLLATE utf8_unicode_ci NOT NULL,
  `mode` enum('stretch','fit','crop') COLLATE utf8_unicode_ci NOT NULL DEFAULT 'crop',
  `position` enum('top-left','top-center','top-right','center-left','center-center','center-right','bottom-left','bottom-center','bottom-right') COLLATE utf8_unicode_ci NOT NULL DEFAULT 'center-center',
  `height` int(10) DEFAULT NULL,
  `width` int(10) DEFAULT NULL,
  `format` varchar(255) COLLATE utf8_unicode_ci DEFAULT NULL,
  `quality` int(10) DEFAULT NULL,
  `dimensionChangeTime` datetime DEFAULT NULL,
  `dateCreated` datetime NOT NULL,
  `dateUpdated` datetime NOT NULL,
  `uid` char(36) COLLATE utf8_unicode_ci NOT NULL DEFAULT '0',
  PRIMARY KEY (`id`),
  UNIQUE KEY `craft_assettransforms_name_unq_idx` (`name`),
  UNIQUE KEY `craft_assettransforms_handle_unq_idx` (`handle`)
) ENGINE=InnoDB DEFAULT CHARSET=utf8 COLLATE=utf8_unicode_ci;

DROP TABLE IF EXISTS `craft_categories`;


--
-- Schema for table `craft_categories`
--
CREATE TABLE `craft_categories` (
  `id` int(11) NOT NULL,
  `groupId` int(11) NOT NULL,
  `dateCreated` datetime NOT NULL,
  `dateUpdated` datetime NOT NULL,
  `uid` char(36) COLLATE utf8_unicode_ci NOT NULL DEFAULT '0',
  PRIMARY KEY (`id`),
  KEY `craft_categories_groupId_fk` (`groupId`)
) ENGINE=InnoDB DEFAULT CHARSET=utf8 COLLATE=utf8_unicode_ci;

DROP TABLE IF EXISTS `craft_categorygroups`;


--
-- Schema for table `craft_categorygroups`
--
CREATE TABLE `craft_categorygroups` (
  `id` int(11) NOT NULL AUTO_INCREMENT,
  `structureId` int(11) NOT NULL,
  `fieldLayoutId` int(11) DEFAULT NULL,
  `name` varchar(255) COLLATE utf8_unicode_ci NOT NULL,
  `handle` varchar(255) COLLATE utf8_unicode_ci NOT NULL,
  `hasUrls` tinyint(1) unsigned NOT NULL DEFAULT '1',
  `template` varchar(500) COLLATE utf8_unicode_ci DEFAULT NULL,
  `dateCreated` datetime NOT NULL,
  `dateUpdated` datetime NOT NULL,
  `uid` char(36) COLLATE utf8_unicode_ci NOT NULL DEFAULT '0',
  PRIMARY KEY (`id`),
  UNIQUE KEY `craft_categorygroups_name_unq_idx` (`name`),
  UNIQUE KEY `craft_categorygroups_handle_unq_idx` (`handle`),
  KEY `craft_categorygroups_structureId_fk` (`structureId`),
  KEY `craft_categorygroups_fieldLayoutId_fk` (`fieldLayoutId`)
) ENGINE=InnoDB DEFAULT CHARSET=utf8 COLLATE=utf8_unicode_ci;

DROP TABLE IF EXISTS `craft_categorygroups_i18n`;


--
-- Schema for table `craft_categorygroups_i18n`
--
CREATE TABLE `craft_categorygroups_i18n` (
  `id` int(11) NOT NULL AUTO_INCREMENT,
  `groupId` int(11) NOT NULL,
  `locale` char(12) COLLATE utf8_unicode_ci NOT NULL,
  `urlFormat` text COLLATE utf8_unicode_ci,
  `nestedUrlFormat` text COLLATE utf8_unicode_ci,
  `dateCreated` datetime NOT NULL,
  `dateUpdated` datetime NOT NULL,
  `uid` char(36) COLLATE utf8_unicode_ci NOT NULL DEFAULT '0',
  PRIMARY KEY (`id`),
  UNIQUE KEY `craft_categorygroups_i18n_groupId_locale_unq_idx` (`groupId`,`locale`),
  KEY `craft_categorygroups_i18n_locale_fk` (`locale`)
) ENGINE=InnoDB DEFAULT CHARSET=utf8 COLLATE=utf8_unicode_ci;

DROP TABLE IF EXISTS `craft_content`;


--
-- Schema for table `craft_content`
--
CREATE TABLE `craft_content` (
  `id` int(11) NOT NULL AUTO_INCREMENT,
  `elementId` int(11) NOT NULL,
  `locale` char(12) COLLATE utf8_unicode_ci NOT NULL,
  `title` varchar(255) COLLATE utf8_unicode_ci DEFAULT NULL,
  `field_body` text COLLATE utf8_unicode_ci,
  `dateCreated` datetime NOT NULL,
  `dateUpdated` datetime NOT NULL,
  `uid` char(36) COLLATE utf8_unicode_ci NOT NULL DEFAULT '0',
  PRIMARY KEY (`id`),
  UNIQUE KEY `craft_content_elementId_locale_unq_idx` (`elementId`,`locale`),
  KEY `craft_content_title_idx` (`title`),
  KEY `craft_content_locale_fk` (`locale`)
) ENGINE=InnoDB AUTO_INCREMENT=24 DEFAULT CHARSET=utf8 COLLATE=utf8_unicode_ci;

--
-- Data for table `craft_content`
--

INSERT INTO `craft_content` (`id`, `elementId`, `locale`, `title`, `field_body`, `dateCreated`, `dateUpdated`, `uid`) VALUES
 ('1', '1', 'en_us', NULL, NULL, '2017-05-24 15:07:00', '2017-05-24 15:07:00', '282f59f1-bc35-4ff1-8b07-4997a7498b87'),
 ('2', '2', 'en_us', 'Homepage', '<p>Hello World</p>', '2017-05-24 15:07:02', '2017-05-31 20:11:28', '924df803-fdab-4f4a-911d-1340524eeea4'),
 ('4', '4', 'en_us', 'About', NULL, '2017-05-30 20:15:30', '2017-05-31 19:33:16', '2940f982-8354-4912-9c6a-7cee6d19901c'),
 ('5', '5', 'en_us', 'Rooms', NULL, '2017-05-31 19:14:53', '2017-05-31 19:33:07', 'b0c1f154-2c11-4995-b80d-ae889ea97c64'),
 ('6', '6', 'en_us', 'Now', NULL, '2017-05-31 19:31:58', '2017-05-31 19:33:41', '3dc48100-2e54-4968-b9c0-58d5035fe59a'),
 ('7', '7', 'en_us', 'Lifestyle', NULL, '2017-05-31 19:32:19', '2017-05-31 19:33:36', '58502deb-da49-4407-9062-0cfd43104c47'),
 ('8', '8', 'en_us', 'Inspiration', NULL, '2017-05-31 19:32:29', '2017-05-31 19:33:30', '3be255ef-3267-4f90-89fc-b89e13c73303'),
 ('9', '9', 'en_us', 'Details', NULL, '2017-05-31 19:32:53', '2017-05-31 19:32:53', '459dcbe5-940d-4876-a12a-0e817fa34376'),
 ('10', '10', 'en_us', 'Press', NULL, '2017-05-31 19:34:45', '2017-05-31 19:34:45', 'b4e58c99-35eb-4d09-8ea9-5d77664a6801'),
 ('11', '11', 'en_us', 'Contact', NULL, '2017-05-31 19:35:07', '2017-05-31 19:35:07', '6356a064-1d5c-4443-94e7-6dc903ffd74e'),
 ('12', '12', 'en_us', 'First Blog Post', '<p>Lorem ipsum dolor sit amet, consectetur adipiscing elit. Aliquam mattis justo magna, bibendum finibus arcu vulputate sit amet. Nam laoreet felis non lectus elementum tempus. Mauris id pretium ex. Phasellus a lectus aliquam nisi dapibus convallis vel ut erat. Maecenas malesuada mi non velit imperdiet laoreet. Vivamus facilisis libero vitae velit porta, id sodales quam euismod. Vestibulum pharetra congue mattis. Nulla at ultrices nulla.</p>\n<p>Fusce et vehicula purus. Sed tempor eros magna, vitae rhoncus nisi scelerisque vel. Aliquam luctus eget mi non iaculis. Interdum et malesuada fames ac ante ipsum primis in faucibus. Nullam magna sapien, consectetur eu iaculis eu, vestibulum sit amet libero. Nullam at ornare metus, laoreet aliquet eros. Proin faucibus, risus a suscipit hendrerit, turpis diam tempor libero, in blandit felis velit in mi. In est libero, pretium sit amet sagittis ultrices, varius eu velit. Vivamus sagittis tincidunt libero, vitae ullamcorper ante pretium ac. Donec euismod elit eu mi ultricies finibus. Fusce accumsan tellus vitae lacus sodales, eu lacinia ligula iaculis. Proin aliquam quam nibh, ac molestie nibh pretium ut. Cras convallis dolor purus, eget lacinia risus volutpat vitae. Nunc laoreet ac ipsum non mollis. Nunc non consequat lacus, a tristique quam. Proin eget aliquam lorem.</p>', '2017-05-31 20:20:08', '2017-06-01 20:47:59', 'a2fe17ca-7874-4f21-914e-b362a76b8d46'),
 ('16', '16', 'en_us', 'stfff', NULL, '2017-06-01 19:09:15', '2017-06-01 19:09:15', '4412ad8a-3087-45a2-b676-f7838f013451'),
 ('17', '17', 'en_us', 'waerew', NULL, '2017-06-01 19:09:18', '2017-06-01 19:09:18', '8efe2395-4238-4fec-b6ea-7a1b25ceeb45'),
 ('18', '18', 'en_us', 'test', NULL, '2017-06-01 19:09:38', '2017-06-01 19:09:38', '8515b3b0-d8ae-4333-b9cb-d723c0fbd24f'),
 ('19', '19', 'en_us', 'tewe', NULL, '2017-06-01 19:09:40', '2017-06-01 19:09:40', '7ce33b57-d15f-4fdf-9034-2ec3bdd2e87d'),
 ('20', '20', 'en_us', 'design', NULL, '2017-06-01 20:47:45', '2017-06-01 20:47:45', '99cea6b5-d9cf-4d6d-b45d-3b82758cecca'),
 ('21', '21', 'en_us', 'Post Number Two', '<p>Lorem ipsum dolor sit amet, consectetur adipiscing elit. Integer at diam eu ante tristique commodo. Mauris volutpat, mauris et congue vestibulum, ligula lorem finibus turpis, ut tincidunt mi justo non nunc. Nam finibus tempus vehicula. In vulputate dictum dolor, sed mattis augue fringilla ut. Praesent odio est, commodo eu nisl at, aliquet imperdiet nisl. Nunc suscipit at ante in gravida. Aliquam sollicitudin erat augue, nec mattis lorem eleifend vel. Vestibulum ante ipsum primis in faucibus orci luctus et ultrices posuere cubilia Curae; Morbi faucibus nunc vel massa semper, non condimentum ligula viverra. In tincidunt justo in malesuada cursus. Aliquam facilisis volutpat pretium. Curabitur eget massa ut odio semper semper. Morbi vel orci venenatis, congue eros nec, gravida ipsum.</p>\n<p>Vestibulum tempus, neque in semper vestibulum, arcu dui accumsan erat, et hendrerit massa dui nec metus. Sed sagittis varius tortor. Phasellus venenatis ultrices turpis, placerat accumsan orci ullamcorper a. Vestibulum quis ex sit amet odio tristique varius ac nec ligula. Nulla tristique nisi eget dolor vehicula, a pellentesque neque maximus. Pellentesque lorem sapien, bibendum non ex id, pellentesque finibus tellus. Sed vel congue lorem, nec facilisis lacus.</p>\n<p>Pellentesque eleifend erat ut orci porta, suscipit mattis leo convallis. Mauris interdum feugiat tortor eget vestibulum. Pellentesque consectetur felis at orci luctus, eu facilisis sem ornare. Vivamus facilisis arcu tortor, tempor eleifend purus feugiat eu. Nunc fringilla neque fermentum leo iaculis, at pretium erat vehicula. Sed at nibh et elit venenatis porta. Praesent fermentum mauris at velit tincidunt, sagittis consectetur neque placerat. Ut faucibus ullamcorper ipsum a convallis.</p>', '2017-06-01 20:49:05', '2017-06-01 21:18:26', 'cf2c0d72-5182-47c4-8888-31a6a785ee8e'),
 ('22', '22', 'en_us', '3rd post.', NULL, '2017-06-01 21:47:26', '2017-06-01 21:47:26', '8e769126-d02a-434b-9b01-76a1059dc21a'),
 ('23', '23', 'en_us', 'Post 3', '<p>Lorem ipsum dolor sit amet, consectetur adipiscing elit. Integer at diam eu ante tristique commodo. Mauris volutpat, mauris et congue vestibulum, ligula lorem finibus turpis, ut tincidunt mi justo non nunc. Nam finibus tempus vehicula. In vulputate dictum dolor, sed mattis augue fringilla ut. Praesent odio est, commodo eu nisl at, aliquet imperdiet nisl. Nunc suscipit at ante in gravida. Aliquam sollicitudin erat augue, nec mattis lorem eleifend vel. Vestibulum ante ipsum primis in faucibus orci luctus et ultrices posuere cubilia Curae; Morbi faucibus nunc vel massa semper, non condimentum ligula viverra. In tincidunt justo in malesuada cursus. Aliquam facilisis volutpat pretium. Curabitur eget massa ut odio semper semper. Morbi vel orci venenatis, congue eros nec, gravida ipsum.</p>', '2017-06-01 21:47:29', '2017-06-01 21:47:29', '173a4f8d-095e-4388-a917-c0d804bad7f8');



DROP TABLE IF EXISTS `craft_deprecationerrors`;


--
-- Schema for table `craft_deprecationerrors`
--
CREATE TABLE `craft_deprecationerrors` (
  `id` int(11) NOT NULL AUTO_INCREMENT,
  `key` varchar(255) COLLATE utf8_unicode_ci NOT NULL,
  `fingerprint` varchar(255) COLLATE utf8_unicode_ci NOT NULL,
  `lastOccurrence` datetime NOT NULL,
  `file` varchar(255) COLLATE utf8_unicode_ci NOT NULL,
  `line` smallint(6) unsigned NOT NULL,
  `class` varchar(255) COLLATE utf8_unicode_ci DEFAULT NULL,
  `method` varchar(255) COLLATE utf8_unicode_ci DEFAULT NULL,
  `template` varchar(255) COLLATE utf8_unicode_ci DEFAULT NULL,
  `templateLine` smallint(6) unsigned DEFAULT NULL,
  `message` varchar(255) COLLATE utf8_unicode_ci DEFAULT NULL,
  `traces` text COLLATE utf8_unicode_ci,
  `dateCreated` datetime NOT NULL,
  `dateUpdated` datetime NOT NULL,
  `uid` char(36) COLLATE utf8_unicode_ci NOT NULL DEFAULT '0',
  PRIMARY KEY (`id`),
  UNIQUE KEY `craft_deprecationerrors_key_fingerprint_unq_idx` (`key`,`fingerprint`)
) ENGINE=InnoDB DEFAULT CHARSET=utf8 COLLATE=utf8_unicode_ci;

DROP TABLE IF EXISTS `craft_elementindexsettings`;


--
-- Schema for table `craft_elementindexsettings`
--
CREATE TABLE `craft_elementindexsettings` (
  `id` int(11) NOT NULL AUTO_INCREMENT,
  `type` varchar(150) COLLATE utf8_unicode_ci NOT NULL,
  `settings` text COLLATE utf8_unicode_ci,
  `dateCreated` datetime NOT NULL,
  `dateUpdated` datetime NOT NULL,
  `uid` char(36) COLLATE utf8_unicode_ci NOT NULL DEFAULT '0',
  PRIMARY KEY (`id`),
  UNIQUE KEY `craft_elementindexsettings_type_unq_idx` (`type`)
) ENGINE=InnoDB AUTO_INCREMENT=2 DEFAULT CHARSET=utf8 COLLATE=utf8_unicode_ci;

--
-- Data for table `craft_elementindexsettings`
--

INSERT INTO `craft_elementindexsettings` (`id`, `type`, `settings`, `dateCreated`, `dateUpdated`, `uid`) VALUES
 ('1', 'Entry', '{\"sources\":{\"section:2\":{\"tableAttributes\":{\"1\":\"postDate\",\"2\":\"expiryDate\",\"3\":\"link\",\"4\":\"section\"}}}}', '2017-06-01 14:58:41', '2017-06-01 14:58:41', '6f931c92-0ddf-4910-8187-c8c35edb4e06');



DROP TABLE IF EXISTS `craft_elements`;


--
-- Schema for table `craft_elements`
--
CREATE TABLE `craft_elements` (
  `id` int(11) NOT NULL AUTO_INCREMENT,
  `type` varchar(150) COLLATE utf8_unicode_ci NOT NULL,
  `enabled` tinyint(1) unsigned NOT NULL DEFAULT '1',
  `archived` tinyint(1) unsigned NOT NULL DEFAULT '0',
  `dateCreated` datetime NOT NULL,
  `dateUpdated` datetime NOT NULL,
  `uid` char(36) COLLATE utf8_unicode_ci NOT NULL DEFAULT '0',
  PRIMARY KEY (`id`),
  KEY `craft_elements_type_idx` (`type`),
  KEY `craft_elements_enabled_idx` (`enabled`),
  KEY `craft_elements_archived_dateCreated_idx` (`archived`,`dateCreated`)
) ENGINE=InnoDB AUTO_INCREMENT=24 DEFAULT CHARSET=utf8 COLLATE=utf8_unicode_ci;

--
-- Data for table `craft_elements`
--

INSERT INTO `craft_elements` (`id`, `type`, `enabled`, `archived`, `dateCreated`, `dateUpdated`, `uid`) VALUES
 ('1', 'User', '1', '0', '2017-05-24 15:07:00', '2017-05-24 15:07:00', '8db8f962-eb28-4792-a528-1de0b85e0b78'),
 ('2', 'Entry', '1', '0', '2017-05-24 15:07:02', '2017-05-31 20:11:28', 'b25b8dd6-03fc-4001-bc28-3c39e980855d'),
 ('4', 'Entry', '1', '0', '2017-05-30 20:15:30', '2017-05-31 19:33:16', '8280d4c0-32d8-4384-b90a-1b03c68c5660'),
 ('5', 'Entry', '1', '0', '2017-05-31 19:14:53', '2017-05-31 19:33:07', '07e9850d-0779-4eb5-89df-db2a77a9a57d'),
 ('6', 'Entry', '1', '0', '2017-05-31 19:31:58', '2017-05-31 19:33:41', '1d85f739-7bfc-420e-9d10-785b5abccd94'),
 ('7', 'Entry', '1', '0', '2017-05-31 19:32:19', '2017-05-31 19:33:36', '58b78398-8ea2-47b1-9fb5-52efe09424b3'),
 ('8', 'Entry', '1', '0', '2017-05-31 19:32:29', '2017-05-31 19:33:30', 'e67feaa2-0843-4dd6-87c5-af9e0f055802'),
 ('9', 'Entry', '1', '0', '2017-05-31 19:32:53', '2017-05-31 19:32:53', 'f3305b84-06ca-4428-9d0b-7f9c9fe4adb1'),
 ('10', 'Entry', '1', '0', '2017-05-31 19:34:45', '2017-05-31 19:34:45', '9a292a2a-c7e1-4b40-bd30-3285d809b81f'),
 ('11', 'Entry', '1', '0', '2017-05-31 19:35:07', '2017-05-31 19:35:07', 'deb95cfd-3fd3-427f-8479-e06cd0a165a8'),
 ('12', 'Entry', '1', '0', '2017-05-31 20:20:08', '2017-06-01 20:47:59', '8ab354a8-9105-4451-b198-d01ca075495d'),
 ('16', 'Tag', '1', '0', '2017-06-01 19:09:15', '2017-06-01 19:09:15', '4d53c66f-c419-4d78-8c30-e8e688b268fe'),
 ('17', 'Tag', '1', '0', '2017-06-01 19:09:18', '2017-06-01 19:09:18', 'a9ba5cfb-18f2-449c-815d-43cc2aa5f649'),
 ('18', 'Tag', '1', '0', '2017-06-01 19:09:38', '2017-06-01 19:09:38', '5846c995-057a-4679-bfc2-f0471c82f374'),
 ('19', 'Tag', '1', '0', '2017-06-01 19:09:40', '2017-06-01 19:09:40', 'cb058497-21d9-4c7e-8b57-04818a55c505'),
 ('20', 'Tag', '1', '0', '2017-06-01 20:47:45', '2017-06-01 20:47:45', '84693297-6a3d-4b73-bcc6-8fc1806be416'),
 ('21', 'Entry', '1', '0', '2017-06-01 20:49:05', '2017-06-01 21:18:26', '52a75231-23c0-4ce2-b6d7-4917f9eef07b'),
 ('22', 'Tag', '1', '0', '2017-06-01 21:47:26', '2017-06-01 21:47:26', 'aea32611-0ee0-41df-becc-e833468a332c'),
 ('23', 'Entry', '1', '0', '2017-06-01 21:47:29', '2017-06-01 21:47:29', '07cd1a2e-774c-44e5-93b5-f5c7d97015bb');



DROP TABLE IF EXISTS `craft_elements_i18n`;


--
-- Schema for table `craft_elements_i18n`
--
CREATE TABLE `craft_elements_i18n` (
  `id` int(11) NOT NULL AUTO_INCREMENT,
  `elementId` int(11) NOT NULL,
  `locale` char(12) COLLATE utf8_unicode_ci NOT NULL,
  `slug` varchar(255) COLLATE utf8_unicode_ci DEFAULT NULL,
  `uri` varchar(255) COLLATE utf8_unicode_ci DEFAULT NULL,
  `enabled` tinyint(1) unsigned NOT NULL DEFAULT '1',
  `dateCreated` datetime NOT NULL,
  `dateUpdated` datetime NOT NULL,
  `uid` char(36) COLLATE utf8_unicode_ci NOT NULL DEFAULT '0',
  PRIMARY KEY (`id`),
  UNIQUE KEY `craft_elements_i18n_elementId_locale_unq_idx` (`elementId`,`locale`),
  UNIQUE KEY `craft_elements_i18n_uri_locale_unq_idx` (`uri`,`locale`),
  KEY `craft_elements_i18n_slug_locale_idx` (`slug`,`locale`),
  KEY `craft_elements_i18n_enabled_idx` (`enabled`),
  KEY `craft_elements_i18n_locale_fk` (`locale`)
) ENGINE=InnoDB AUTO_INCREMENT=24 DEFAULT CHARSET=utf8 COLLATE=utf8_unicode_ci;

--
-- Data for table `craft_elements_i18n`
--

INSERT INTO `craft_elements_i18n` (`id`, `elementId`, `locale`, `slug`, `uri`, `enabled`, `dateCreated`, `dateUpdated`, `uid`) VALUES
 ('1', '1', 'en_us', '', NULL, '1', '2017-05-24 15:07:00', '2017-05-24 15:07:00', 'd7a7a71b-e1bb-49a2-9071-1a55eb0aee2c'),
 ('2', '2', 'en_us', 'homepage', '__home__', '1', '2017-05-24 15:07:02', '2017-05-31 20:11:28', 'bb170d5e-da0f-4f00-b4ec-30dbf324d0f7'),
 ('4', '4', 'en_us', 'about', 'about', '1', '2017-05-30 20:15:30', '2017-05-31 19:33:16', 'dcd134d6-a401-4c81-9ce7-974b527df2e9'),
 ('5', '5', 'en_us', 'rooms', 'rooms', '1', '2017-05-31 19:14:53', '2017-05-31 19:33:07', '7090705a-7043-43b6-ac82-920962f554b3'),
 ('6', '6', 'en_us', 'now', 'now', '1', '2017-05-31 19:31:58', '2017-05-31 19:33:41', '542788b7-1e0a-4bdc-b684-e7c250bf7a67'),
 ('7', '7', 'en_us', 'lifestyle', 'lifestyle', '1', '2017-05-31 19:32:19', '2017-05-31 19:33:36', '270272f6-e5c0-4160-88cf-1c9bf6e61653'),
 ('8', '8', 'en_us', 'inspiration', 'inspiration', '1', '2017-05-31 19:32:29', '2017-05-31 19:33:30', 'ef254d61-aa4c-44bf-b2e2-c6f3f7cd7cf4'),
 ('9', '9', 'en_us', 'details', 'details', '1', '2017-05-31 19:32:53', '2017-05-31 19:32:53', 'e6008a5a-f5c3-4c6f-b7a2-52024378d944'),
 ('10', '10', 'en_us', 'press', 'press', '1', '2017-05-31 19:34:45', '2017-05-31 19:34:45', '1b544325-6e94-41d6-9e16-d61f149f19da'),
 ('11', '11', 'en_us', 'contact', 'contact', '1', '2017-05-31 19:35:07', '2017-05-31 19:35:07', '2560a4a0-2dc4-4c8b-9f4c-991127ef7fbf'),
 ('12', '12', 'en_us', 'test-post', 'blog/test-post', '1', '2017-05-31 20:20:08', '2017-06-01 20:47:59', 'd3426f08-ee1f-4f0f-90e5-9f527e1e6389'),
 ('16', '16', 'en_us', 'stfff', NULL, '1', '2017-06-01 19:09:15', '2017-06-01 19:09:15', '1f025b71-b62e-43dd-a919-54a1f042bd76'),
 ('17', '17', 'en_us', 'waerew', NULL, '1', '2017-06-01 19:09:18', '2017-06-01 19:09:18', 'f288ae64-8832-4284-9ed5-15f2c0d922d2'),
 ('18', '18', 'en_us', 'test', NULL, '1', '2017-06-01 19:09:38', '2017-06-01 19:09:38', '05103a6a-7ca7-4041-8fa4-43c82adcfe53'),
 ('19', '19', 'en_us', 'tewe', NULL, '1', '2017-06-01 19:09:40', '2017-06-01 19:09:40', 'ebe5a3cd-8caf-48c0-8a69-c14ac7fa2cd6'),
 ('20', '20', 'en_us', 'design', NULL, '1', '2017-06-01 20:47:45', '2017-06-01 20:47:45', '0ca37516-e8af-4f04-a0fc-e7712a60c1b4'),
 ('21', '21', 'en_us', 'post-number-two', 'blog/post-number-two', '1', '2017-06-01 20:49:05', '2017-06-01 21:18:26', 'de44def2-0806-43fb-9aa8-bd41bac79f8a'),
 ('22', '22', 'en_us', '3rd-post', NULL, '1', '2017-06-01 21:47:26', '2017-06-01 21:47:26', '2150055f-e312-42fb-a420-319041d68ecb'),
 ('23', '23', 'en_us', 'post-3', 'blog/post-3', '1', '2017-06-01 21:47:29', '2017-06-01 21:47:29', 'ab38a1c7-63f5-4f64-a53d-faf802309c22');



DROP TABLE IF EXISTS `craft_emailmessages`;


--
-- Schema for table `craft_emailmessages`
--
CREATE TABLE `craft_emailmessages` (
  `id` int(11) NOT NULL AUTO_INCREMENT,
  `key` char(150) COLLATE utf8_unicode_ci NOT NULL,
  `locale` char(12) COLLATE utf8_unicode_ci NOT NULL,
  `subject` varchar(1000) COLLATE utf8_unicode_ci NOT NULL,
  `body` text COLLATE utf8_unicode_ci NOT NULL,
  `dateCreated` datetime NOT NULL,
  `dateUpdated` datetime NOT NULL,
  `uid` char(36) COLLATE utf8_unicode_ci NOT NULL DEFAULT '0',
  PRIMARY KEY (`id`),
  UNIQUE KEY `craft_emailmessages_key_locale_unq_idx` (`key`,`locale`),
  KEY `craft_emailmessages_locale_fk` (`locale`)
) ENGINE=InnoDB DEFAULT CHARSET=utf8 COLLATE=utf8_unicode_ci;

DROP TABLE IF EXISTS `craft_entries`;


--
-- Schema for table `craft_entries`
--
CREATE TABLE `craft_entries` (
  `id` int(11) NOT NULL,
  `sectionId` int(11) NOT NULL,
  `typeId` int(11) DEFAULT NULL,
  `authorId` int(11) DEFAULT NULL,
  `postDate` datetime DEFAULT NULL,
  `expiryDate` datetime DEFAULT NULL,
  `dateCreated` datetime NOT NULL,
  `dateUpdated` datetime NOT NULL,
  `uid` char(36) COLLATE utf8_unicode_ci NOT NULL DEFAULT '0',
  PRIMARY KEY (`id`),
  KEY `craft_entries_sectionId_idx` (`sectionId`),
  KEY `craft_entries_typeId_idx` (`typeId`),
  KEY `craft_entries_postDate_idx` (`postDate`),
  KEY `craft_entries_expiryDate_idx` (`expiryDate`),
  KEY `craft_entries_authorId_fk` (`authorId`)
) ENGINE=InnoDB DEFAULT CHARSET=utf8 COLLATE=utf8_unicode_ci;

--
-- Data for table `craft_entries`
--

INSERT INTO `craft_entries` (`id`, `sectionId`, `typeId`, `authorId`, `postDate`, `expiryDate`, `dateCreated`, `dateUpdated`, `uid`) VALUES
 ('2', '1', '1', NULL, '2017-05-31 20:11:28', NULL, '2017-05-24 15:07:02', '2017-05-31 20:11:28', 'c5651faa-a447-4c55-9592-dc6bb7d75f40'),
 ('4', '4', '4', NULL, '2017-05-31 19:33:16', NULL, '2017-05-30 20:15:30', '2017-05-31 19:33:16', '5e3cea38-a29b-4e91-b2cf-3aae8829a06e'),
 ('5', '5', '5', NULL, '2017-05-31 19:33:07', NULL, '2017-05-31 19:14:53', '2017-05-31 19:33:07', '4ec92adb-ddfe-4f4c-8d4c-c9811247355a'),
 ('6', '6', '6', NULL, '2017-05-31 19:33:41', NULL, '2017-05-31 19:31:58', '2017-05-31 19:33:41', '05bad4d5-a564-40ce-8bdb-e734cbc37a0b'),
 ('7', '7', '7', NULL, '2017-05-31 19:33:36', NULL, '2017-05-31 19:32:19', '2017-05-31 19:33:36', '25ddefb6-4d21-4c7c-98a5-687a7717ca29'),
 ('8', '8', '8', NULL, '2017-05-31 19:33:30', NULL, '2017-05-31 19:32:29', '2017-05-31 19:33:30', 'f02c486b-f4a5-4be1-a897-3eb0355939d6'),
 ('9', '9', NULL, NULL, '2017-05-31 19:32:53', NULL, '2017-05-31 19:32:53', '2017-05-31 19:32:53', '745d8415-f21e-42df-826d-537be014116e'),
 ('10', '10', NULL, NULL, '2017-05-31 19:34:45', NULL, '2017-05-31 19:34:45', '2017-05-31 19:34:45', 'a950bd99-1641-4c9f-90e2-394b7a5feabb'),
 ('11', '11', NULL, NULL, '2017-05-31 19:35:07', NULL, '2017-05-31 19:35:07', '2017-05-31 19:35:07', '3b10be03-0c60-4b7e-b0fa-22cc5f2e7fd8'),
 ('12', '2', '2', '1', '2017-05-31 15:30:00', '2017-06-08 17:00:00', '2017-05-31 20:20:08', '2017-06-01 20:47:59', '60b90726-cb79-4a89-b2d0-e616ee808ccf'),
 ('21', '2', '2', '1', '2017-06-01 00:30:00', '2017-06-21 03:00:00', '2017-06-01 20:49:05', '2017-06-01 21:18:26', '2df62f13-b29f-458e-91f5-3eed3cc0a1ce'),
 ('23', '2', '2', '1', '2017-06-01 10:30:00', NULL, '2017-06-01 21:47:29', '2017-06-01 21:47:29', '8053137b-def1-4bf3-9526-305e946dc409');



DROP TABLE IF EXISTS `craft_entrydrafts`;


--
-- Schema for table `craft_entrydrafts`
--
CREATE TABLE `craft_entrydrafts` (
  `id` int(11) NOT NULL AUTO_INCREMENT,
  `entryId` int(11) NOT NULL,
  `sectionId` int(11) NOT NULL,
  `creatorId` int(11) NOT NULL,
  `locale` char(12) COLLATE utf8_unicode_ci NOT NULL,
  `name` varchar(255) COLLATE utf8_unicode_ci NOT NULL,
  `notes` tinytext COLLATE utf8_unicode_ci,
  `data` mediumtext COLLATE utf8_unicode_ci NOT NULL,
  `dateCreated` datetime NOT NULL,
  `dateUpdated` datetime NOT NULL,
  `uid` char(36) COLLATE utf8_unicode_ci NOT NULL DEFAULT '0',
  PRIMARY KEY (`id`),
  KEY `craft_entrydrafts_entryId_locale_idx` (`entryId`,`locale`),
  KEY `craft_entrydrafts_sectionId_fk` (`sectionId`),
  KEY `craft_entrydrafts_creatorId_fk` (`creatorId`),
  KEY `craft_entrydrafts_locale_fk` (`locale`)
) ENGINE=InnoDB DEFAULT CHARSET=utf8 COLLATE=utf8_unicode_ci;

DROP TABLE IF EXISTS `craft_entrytypes`;


--
-- Schema for table `craft_entrytypes`
--
CREATE TABLE `craft_entrytypes` (
  `id` int(11) NOT NULL AUTO_INCREMENT,
  `sectionId` int(11) NOT NULL,
  `fieldLayoutId` int(11) DEFAULT NULL,
  `name` varchar(255) COLLATE utf8_unicode_ci NOT NULL,
  `handle` varchar(255) COLLATE utf8_unicode_ci NOT NULL,
  `hasTitleField` tinyint(1) unsigned NOT NULL DEFAULT '1',
  `titleLabel` varchar(255) COLLATE utf8_unicode_ci DEFAULT 'Title',
  `titleFormat` varchar(255) COLLATE utf8_unicode_ci DEFAULT NULL,
  `sortOrder` smallint(6) unsigned DEFAULT NULL,
  `dateCreated` datetime NOT NULL,
  `dateUpdated` datetime NOT NULL,
  `uid` char(36) COLLATE utf8_unicode_ci NOT NULL DEFAULT '0',
  PRIMARY KEY (`id`),
  UNIQUE KEY `craft_entrytypes_name_sectionId_unq_idx` (`name`,`sectionId`),
  UNIQUE KEY `craft_entrytypes_handle_sectionId_unq_idx` (`handle`,`sectionId`),
  KEY `craft_entrytypes_sectionId_fk` (`sectionId`),
  KEY `craft_entrytypes_fieldLayoutId_fk` (`fieldLayoutId`)
) ENGINE=InnoDB AUTO_INCREMENT=13 DEFAULT CHARSET=utf8 COLLATE=utf8_unicode_ci;

--
-- Data for table `craft_entrytypes`
--

INSERT INTO `craft_entrytypes` (`id`, `sectionId`, `fieldLayoutId`, `name`, `handle`, `hasTitleField`, `titleLabel`, `titleFormat`, `sortOrder`, `dateCreated`, `dateUpdated`, `uid`) VALUES
 ('1', '1', '3', 'Index', 'homepage', '1', 'Title', NULL, '1', '2017-05-24 15:07:02', '2017-05-31 20:11:28', 'c3e6e18f-6862-47ce-97c5-39e722bad5a5'),
 ('2', '2', '26', 'Blog', 'blog', '1', 'Title', NULL, '1', '2017-05-25 21:23:40', '2017-06-01 21:15:56', '2f9b0893-0ba5-4daf-93a0-ac1908516acb'),
 ('4', '4', '8', 'About', 'about', '0', NULL, '{section.name|raw}', '1', '2017-05-30 20:15:30', '2017-05-30 20:15:30', '50ea30ae-1df4-4831-ad48-6544c3c966e9'),
 ('5', '5', '9', 'Rooms', 'rooms', '0', NULL, '{section.name|raw}', '1', '2017-05-31 19:14:53', '2017-05-31 19:14:53', '24dc43a7-7ae8-4a90-a856-ea07c3d346a0'),
 ('6', '6', '10', 'Now', 'now', '0', NULL, '{section.name|raw}', '1', '2017-05-31 19:31:58', '2017-05-31 19:31:58', 'f89c40d7-366b-46cb-9d7a-33c1e87983ea'),
 ('7', '7', '11', 'Lifestyle', 'lifestyle', '0', NULL, '{section.name|raw}', '1', '2017-05-31 19:32:19', '2017-05-31 19:32:19', 'aeddac97-f66d-42a5-ba76-322f560370ae'),
 ('8', '8', '12', 'Inspiration', 'inspiration', '0', NULL, '{section.name|raw}', '1', '2017-05-31 19:32:29', '2017-05-31 19:32:29', 'e4e20868-7690-42d5-8c42-fc4237d50eed'),
 ('9', '9', '13', 'Details', 'details', '0', NULL, '{section.name|raw}', '1', '2017-05-31 19:32:53', '2017-05-31 19:32:53', 'c6e02321-065a-4025-9a76-b508b1fe471b'),
 ('10', '10', '14', 'Press', 'press', '0', NULL, '{section.name|raw}', '1', '2017-05-31 19:34:45', '2017-05-31 19:34:45', '988cac08-fea7-4485-8c82-73eda99f0291'),
 ('11', '11', '15', 'Contact', 'contact', '0', NULL, '{section.name|raw}', '1', '2017-05-31 19:35:07', '2017-05-31 19:35:07', 'd9c534b5-5b9d-4f2f-9e09-9f2679f5b013');



DROP TABLE IF EXISTS `craft_entryversions`;


--
-- Schema for table `craft_entryversions`
--
CREATE TABLE `craft_entryversions` (
  `id` int(11) NOT NULL AUTO_INCREMENT,
  `entryId` int(11) NOT NULL,
  `sectionId` int(11) NOT NULL,
  `creatorId` int(11) DEFAULT NULL,
  `locale` char(12) COLLATE utf8_unicode_ci NOT NULL,
  `num` smallint(6) unsigned NOT NULL,
  `notes` tinytext COLLATE utf8_unicode_ci,
  `data` mediumtext COLLATE utf8_unicode_ci NOT NULL,
  `dateCreated` datetime NOT NULL,
  `dateUpdated` datetime NOT NULL,
  `uid` char(36) COLLATE utf8_unicode_ci NOT NULL DEFAULT '0',
  PRIMARY KEY (`id`),
  KEY `craft_entryversions_entryId_locale_idx` (`entryId`,`locale`),
  KEY `craft_entryversions_sectionId_fk` (`sectionId`),
  KEY `craft_entryversions_creatorId_fk` (`creatorId`),
  KEY `craft_entryversions_locale_fk` (`locale`)
) ENGINE=InnoDB AUTO_INCREMENT=23 DEFAULT CHARSET=utf8 COLLATE=utf8_unicode_ci;

--
-- Data for table `craft_entryversions`
--

INSERT INTO `craft_entryversions` (`id`, `entryId`, `sectionId`, `creatorId`, `locale`, `num`, `notes`, `data`, `dateCreated`, `dateUpdated`, `uid`) VALUES
 ('1', '2', '1', '1', 'en_us', '1', NULL, '{\"typeId\":\"1\",\"authorId\":null,\"title\":\"Homepage\",\"slug\":\"homepage\",\"postDate\":1495638422,\"expiryDate\":null,\"enabled\":1,\"parentId\":null,\"fields\":[]}', '2017-05-24 15:07:02', '2017-05-24 15:07:02', '689686b1-57be-457c-81f0-cd1bc4e5824d'),
 ('2', '2', '1', '1', 'en_us', '2', '', '{\"typeId\":null,\"authorId\":null,\"title\":\"Homepage\",\"slug\":\"homepage\",\"postDate\":1495638422,\"expiryDate\":null,\"enabled\":1,\"parentId\":null,\"fields\":{\"1\":\"<p>Hello World<\\/p>\"}}', '2017-05-25 13:52:41', '2017-05-25 13:52:41', '3ba2815a-faec-493f-b6e1-bce26f8e4a09'),
 ('4', '4', '4', '1', 'en_us', '1', NULL, '{\"typeId\":\"4\",\"authorId\":null,\"title\":\"About\",\"slug\":\"about\",\"postDate\":1496175330,\"expiryDate\":null,\"enabled\":1,\"parentId\":null,\"fields\":[]}', '2017-05-30 20:15:30', '2017-05-30 20:15:30', '27a8a639-1e14-4d83-b431-8a72b6388c27'),
 ('5', '5', '5', '1', 'en_us', '1', NULL, '{\"typeId\":\"5\",\"authorId\":null,\"title\":\"Rooms\",\"slug\":\"rooms\",\"postDate\":1496258093,\"expiryDate\":null,\"enabled\":1,\"parentId\":null,\"fields\":[]}', '2017-05-31 19:14:53', '2017-05-31 19:14:53', '7056fe55-ce6f-4aeb-a690-45dc96649187'),
 ('6', '6', '6', '1', 'en_us', '1', NULL, '{\"typeId\":\"6\",\"authorId\":null,\"title\":\"Now\",\"slug\":\"now\",\"postDate\":1496259118,\"expiryDate\":null,\"enabled\":1,\"parentId\":null,\"fields\":[]}', '2017-05-31 19:31:58', '2017-05-31 19:31:58', 'd25ed096-517e-4046-a7e0-262edef59da2'),
 ('7', '7', '7', '1', 'en_us', '1', NULL, '{\"typeId\":\"7\",\"authorId\":null,\"title\":\"Lifestyle\",\"slug\":\"lifestyle\",\"postDate\":1496259139,\"expiryDate\":null,\"enabled\":1,\"parentId\":null,\"fields\":[]}', '2017-05-31 19:32:19', '2017-05-31 19:32:19', '32c83a41-a48a-47a0-9611-5ed25dbe7d09'),
 ('8', '8', '8', '1', 'en_us', '1', NULL, '{\"typeId\":\"8\",\"authorId\":null,\"title\":\"Inspiration\",\"slug\":\"inspiration\",\"postDate\":1496259149,\"expiryDate\":null,\"enabled\":1,\"parentId\":null,\"fields\":[]}', '2017-05-31 19:32:29', '2017-05-31 19:32:29', 'bcdba3b3-bb39-4036-b7d8-677809b7b40c'),
 ('9', '12', '2', '1', 'en_us', '1', '', '{\"typeId\":null,\"authorId\":\"1\",\"title\":\"First Blog Post\",\"slug\":\"test-post\",\"postDate\":1496244600,\"expiryDate\":1496941200,\"enabled\":1,\"parentId\":null,\"fields\":[]}', '2017-05-31 20:20:08', '2017-05-31 20:20:08', 'c5cef1b4-141c-475c-b131-b162fba88e55'),
 ('10', '12', '2', '1', 'en_us', '2', '', '{\"typeId\":\"2\",\"authorId\":\"1\",\"title\":\"First Blog Post\",\"slug\":\"test-post\",\"postDate\":1496244600,\"expiryDate\":1496941200,\"enabled\":1,\"parentId\":null,\"fields\":[]}', '2017-06-01 14:57:51', '2017-06-01 14:57:51', 'a1aa0402-8889-407f-9015-4e0208f4978d'),
 ('17', '12', '2', '1', 'en_us', '3', '', '{\"typeId\":\"2\",\"authorId\":\"1\",\"title\":\"First Blog Post\",\"slug\":\"test-post\",\"postDate\":1496244600,\"expiryDate\":1496941200,\"enabled\":1,\"parentId\":null,\"fields\":{\"1\":\"\",\"4\":[\"yes\"],\"3\":\"brian\",\"2\":\"\"}}', '2017-06-01 19:57:53', '2017-06-01 19:57:53', '5bfc3b76-7571-4fb1-a162-ff79a5301b00'),
 ('18', '12', '2', '1', 'en_us', '4', '', '{\"typeId\":\"2\",\"authorId\":\"1\",\"title\":\"First Blog Post\",\"slug\":\"test-post\",\"postDate\":1496244600,\"expiryDate\":1496941200,\"enabled\":1,\"parentId\":null,\"fields\":{\"1\":\"<p>Lorem ipsum dolor sit amet, consectetur adipiscing elit. Aliquam mattis justo magna, bibendum finibus arcu vulputate sit amet. Nam laoreet felis non lectus elementum tempus. Mauris id pretium ex. Phasellus a lectus aliquam nisi dapibus convallis vel ut erat. Maecenas malesuada mi non velit imperdiet laoreet. Vivamus facilisis libero vitae velit porta, id sodales quam euismod. Vestibulum pharetra congue mattis. Nulla at ultrices nulla.<\\/p>\\r\\n<p>Fusce et vehicula purus. Sed tempor eros magna, vitae rhoncus nisi scelerisque vel. Aliquam luctus eget mi non iaculis. Interdum et malesuada fames ac ante ipsum primis in faucibus. Nullam magna sapien, consectetur eu iaculis eu, vestibulum sit amet libero. Nullam at ornare metus, laoreet aliquet eros. Proin faucibus, risus a suscipit hendrerit, turpis diam tempor libero, in blandit felis velit in mi. In est libero, pretium sit amet sagittis ultrices, varius eu velit. Vivamus sagittis tincidunt libero, vitae ullamcorper ante pretium ac. Donec euismod elit eu mi ultricies finibus. Fusce accumsan tellus vitae lacus sodales, eu lacinia ligula iaculis. Proin aliquam quam nibh, ac molestie nibh pretium ut. Cras convallis dolor purus, eget lacinia risus volutpat vitae. Nunc laoreet ac ipsum non mollis. Nunc non consequat lacus, a tristique quam. Proin eget aliquam lorem.<\\/p>\",\"4\":[\"yes\"],\"3\":\"brian\",\"2\":\"\"}}', '2017-06-01 20:41:55', '2017-06-01 20:41:55', '199bbed5-1fa0-4938-85fd-3beba20a32b0'),
 ('19', '12', '2', '1', 'en_us', '5', '', '{\"typeId\":\"2\",\"authorId\":\"1\",\"title\":\"First Blog Post\",\"slug\":\"test-post\",\"postDate\":1496244600,\"expiryDate\":1496941200,\"enabled\":1,\"parentId\":null,\"fields\":{\"1\":\"<p>Lorem ipsum dolor sit amet, consectetur adipiscing elit. Aliquam mattis justo magna, bibendum finibus arcu vulputate sit amet. Nam laoreet felis non lectus elementum tempus. Mauris id pretium ex. Phasellus a lectus aliquam nisi dapibus convallis vel ut erat. Maecenas malesuada mi non velit imperdiet laoreet. Vivamus facilisis libero vitae velit porta, id sodales quam euismod. Vestibulum pharetra congue mattis. Nulla at ultrices nulla.<\\/p>\\r\\n<p>Fusce et vehicula purus. Sed tempor eros magna, vitae rhoncus nisi scelerisque vel. Aliquam luctus eget mi non iaculis. Interdum et malesuada fames ac ante ipsum primis in faucibus. Nullam magna sapien, consectetur eu iaculis eu, vestibulum sit amet libero. Nullam at ornare metus, laoreet aliquet eros. Proin faucibus, risus a suscipit hendrerit, turpis diam tempor libero, in blandit felis velit in mi. In est libero, pretium sit amet sagittis ultrices, varius eu velit. Vivamus sagittis tincidunt libero, vitae ullamcorper ante pretium ac. Donec euismod elit eu mi ultricies finibus. Fusce accumsan tellus vitae lacus sodales, eu lacinia ligula iaculis. Proin aliquam quam nibh, ac molestie nibh pretium ut. Cras convallis dolor purus, eget lacinia risus volutpat vitae. Nunc laoreet ac ipsum non mollis. Nunc non consequat lacus, a tristique quam. Proin eget aliquam lorem.<\\/p>\",\"5\":{\"date\":\"6\\/1\\/2017\",\"time\":\"4:00 PM\"},\"2\":[\"20\"]}}', '2017-06-01 20:47:59', '2017-06-01 20:47:59', '80b8b6a3-b3bd-42c3-8ed7-28516cc407ff'),
 ('20', '21', '2', '1', 'en_us', '1', '', '{\"typeId\":null,\"authorId\":\"1\",\"title\":\"Post Number Two\",\"slug\":\"post-number-two\",\"postDate\":1496968200,\"expiryDate\":1498014000,\"enabled\":1,\"parentId\":null,\"fields\":{\"1\":\"<p>Lorem ipsum dolor sit amet, consectetur adipiscing elit. Integer at diam eu ante tristique commodo. Mauris volutpat, mauris et congue vestibulum, ligula lorem finibus turpis, ut tincidunt mi justo non nunc. Nam finibus tempus vehicula. In vulputate dictum dolor, sed mattis augue fringilla ut. Praesent odio est, commodo eu nisl at, aliquet imperdiet nisl. Nunc suscipit at ante in gravida. Aliquam sollicitudin erat augue, nec mattis lorem eleifend vel. Vestibulum ante ipsum primis in faucibus orci luctus et ultrices posuere cubilia Curae; Morbi faucibus nunc vel massa semper, non condimentum ligula viverra. In tincidunt justo in malesuada cursus. Aliquam facilisis volutpat pretium. Curabitur eget massa ut odio semper semper. Morbi vel orci venenatis, congue eros nec, gravida ipsum.<\\/p>\\r\\n<p>Vestibulum tempus, neque in semper vestibulum, arcu dui accumsan erat, et hendrerit massa dui nec metus. Sed sagittis varius tortor. Phasellus venenatis ultrices turpis, placerat accumsan orci ullamcorper a. Vestibulum quis ex sit amet odio tristique varius ac nec ligula. Nulla tristique nisi eget dolor vehicula, a pellentesque neque maximus. Pellentesque lorem sapien, bibendum non ex id, pellentesque finibus tellus. Sed vel congue lorem, nec facilisis lacus.<\\/p>\\r\\n<p>Pellentesque eleifend erat ut orci porta, suscipit mattis leo convallis. Mauris interdum feugiat tortor eget vestibulum. Pellentesque consectetur felis at orci luctus, eu facilisis sem ornare. Vivamus facilisis arcu tortor, tempor eleifend purus feugiat eu. Nunc fringilla neque fermentum leo iaculis, at pretium erat vehicula. Sed at nibh et elit venenatis porta. Praesent fermentum mauris at velit tincidunt, sagittis consectetur neque placerat. Ut faucibus ullamcorper ipsum a convallis.<\\/p>\",\"5\":{\"date\":\"6\\/21\\/2017\",\"time\":\"3:00 AM\"},\"2\":\"\"}}', '2017-06-01 20:49:05', '2017-06-01 20:49:05', '95dfaebe-b963-4e88-a088-e4729498294b'),
 ('21', '21', '2', '1', 'en_us', '2', '', '{\"typeId\":\"2\",\"authorId\":\"1\",\"title\":\"Post Number Two\",\"slug\":\"post-number-two\",\"postDate\":1496277000,\"expiryDate\":1498014000,\"enabled\":1,\"parentId\":null,\"fields\":{\"1\":\"<p>Lorem ipsum dolor sit amet, consectetur adipiscing elit. Integer at diam eu ante tristique commodo. Mauris volutpat, mauris et congue vestibulum, ligula lorem finibus turpis, ut tincidunt mi justo non nunc. Nam finibus tempus vehicula. In vulputate dictum dolor, sed mattis augue fringilla ut. Praesent odio est, commodo eu nisl at, aliquet imperdiet nisl. Nunc suscipit at ante in gravida. Aliquam sollicitudin erat augue, nec mattis lorem eleifend vel. Vestibulum ante ipsum primis in faucibus orci luctus et ultrices posuere cubilia Curae; Morbi faucibus nunc vel massa semper, non condimentum ligula viverra. In tincidunt justo in malesuada cursus. Aliquam facilisis volutpat pretium. Curabitur eget massa ut odio semper semper. Morbi vel orci venenatis, congue eros nec, gravida ipsum.<\\/p>\\r\\n<p>Vestibulum tempus, neque in semper vestibulum, arcu dui accumsan erat, et hendrerit massa dui nec metus. Sed sagittis varius tortor. Phasellus venenatis ultrices turpis, placerat accumsan orci ullamcorper a. Vestibulum quis ex sit amet odio tristique varius ac nec ligula. Nulla tristique nisi eget dolor vehicula, a pellentesque neque maximus. Pellentesque lorem sapien, bibendum non ex id, pellentesque finibus tellus. Sed vel congue lorem, nec facilisis lacus.<\\/p>\\r\\n<p>Pellentesque eleifend erat ut orci porta, suscipit mattis leo convallis. Mauris interdum feugiat tortor eget vestibulum. Pellentesque consectetur felis at orci luctus, eu facilisis sem ornare. Vivamus facilisis arcu tortor, tempor eleifend purus feugiat eu. Nunc fringilla neque fermentum leo iaculis, at pretium erat vehicula. Sed at nibh et elit venenatis porta. Praesent fermentum mauris at velit tincidunt, sagittis consectetur neque placerat. Ut faucibus ullamcorper ipsum a convallis.<\\/p>\",\"2\":\"\"}}', '2017-06-01 21:18:27', '2017-06-01 21:18:27', '324c33ee-e29a-4f21-aad9-fab8e9e2b535'),
 ('22', '23', '2', '1', 'en_us', '1', '', '{\"typeId\":null,\"authorId\":\"1\",\"title\":\"Post 3\",\"slug\":\"post-3\",\"postDate\":1496313000,\"expiryDate\":null,\"enabled\":1,\"parentId\":null,\"fields\":{\"1\":\"<p>Lorem ipsum dolor sit amet, consectetur adipiscing elit. Integer at diam eu ante tristique commodo. Mauris volutpat, mauris et congue vestibulum, ligula lorem finibus turpis, ut tincidunt mi justo non nunc. Nam finibus tempus vehicula. In vulputate dictum dolor, sed mattis augue fringilla ut. Praesent odio est, commodo eu nisl at, aliquet imperdiet nisl. Nunc suscipit at ante in gravida. Aliquam sollicitudin erat augue, nec mattis lorem eleifend vel. Vestibulum ante ipsum primis in faucibus orci luctus et ultrices posuere cubilia Curae; Morbi faucibus nunc vel massa semper, non condimentum ligula viverra. In tincidunt justo in malesuada cursus. Aliquam facilisis volutpat pretium. Curabitur eget massa ut odio semper semper. Morbi vel orci venenatis, congue eros nec, gravida ipsum.<\\/p>\",\"2\":[\"22\"]}}', '2017-06-01 21:47:29', '2017-06-01 21:47:29', '6e2da98c-123a-44fa-8a1b-3749473975df');



DROP TABLE IF EXISTS `craft_fieldgroups`;


--
-- Schema for table `craft_fieldgroups`
--
CREATE TABLE `craft_fieldgroups` (
  `id` int(11) NOT NULL AUTO_INCREMENT,
  `name` varchar(255) COLLATE utf8_unicode_ci NOT NULL,
  `dateCreated` datetime NOT NULL,
  `dateUpdated` datetime NOT NULL,
  `uid` char(36) COLLATE utf8_unicode_ci NOT NULL DEFAULT '0',
  PRIMARY KEY (`id`),
  UNIQUE KEY `craft_fieldgroups_name_unq_idx` (`name`)
) ENGINE=InnoDB AUTO_INCREMENT=4 DEFAULT CHARSET=utf8 COLLATE=utf8_unicode_ci;

--
-- Data for table `craft_fieldgroups`
--

INSERT INTO `craft_fieldgroups` (`id`, `name`, `dateCreated`, `dateUpdated`, `uid`) VALUES
 ('1', 'Default', '2017-05-24 15:07:02', '2017-05-24 15:07:02', '01db42d3-30d1-41ba-b03b-e00a610e687a'),
 ('3', 'Blog', '2017-06-01 20:45:30', '2017-06-01 20:45:30', '1f09ae9f-9e68-4ac7-89cb-5e4783441e5e');



DROP TABLE IF EXISTS `craft_fieldlayoutfields`;


--
-- Schema for table `craft_fieldlayoutfields`
--
CREATE TABLE `craft_fieldlayoutfields` (
  `id` int(11) NOT NULL AUTO_INCREMENT,
  `layoutId` int(11) NOT NULL,
  `tabId` int(11) NOT NULL,
  `fieldId` int(11) NOT NULL,
  `required` tinyint(1) unsigned NOT NULL DEFAULT '0',
  `sortOrder` smallint(6) unsigned DEFAULT NULL,
  `dateCreated` datetime NOT NULL,
  `dateUpdated` datetime NOT NULL,
  `uid` char(36) COLLATE utf8_unicode_ci NOT NULL DEFAULT '0',
  PRIMARY KEY (`id`),
  UNIQUE KEY `craft_fieldlayoutfields_layoutId_fieldId_unq_idx` (`layoutId`,`fieldId`),
  KEY `craft_fieldlayoutfields_sortOrder_idx` (`sortOrder`),
  KEY `craft_fieldlayoutfields_tabId_fk` (`tabId`),
  KEY `craft_fieldlayoutfields_fieldId_fk` (`fieldId`)
) ENGINE=InnoDB AUTO_INCREMENT=28 DEFAULT CHARSET=utf8 COLLATE=utf8_unicode_ci;

--
-- Data for table `craft_fieldlayoutfields`
--

INSERT INTO `craft_fieldlayoutfields` (`id`, `layoutId`, `tabId`, `fieldId`, `required`, `sortOrder`, `dateCreated`, `dateUpdated`, `uid`) VALUES
 ('1', '3', '1', '1', '1', '1', '2017-05-24 15:07:02', '2017-05-24 15:07:02', '486eeeb2-3d52-4bca-b941-770c4b1f5f5c'),
 ('24', '26', '8', '1', '1', '1', '2017-06-01 21:15:56', '2017-06-01 21:15:56', '96b51247-a52b-4f33-8f78-59625111470a'),
 ('25', '26', '8', '2', '0', '2', '2017-06-01 21:15:56', '2017-06-01 21:15:56', '969d1086-665a-4fc8-9454-b25451b89966'),
 ('26', '27', '9', '1', '0', '1', '2017-06-01 21:16:36', '2017-06-01 21:16:36', 'cd4999cc-a2d7-44d7-a2bf-27c63636c105'),
 ('27', '27', '9', '2', '0', '2', '2017-06-01 21:16:36', '2017-06-01 21:16:36', '9e379256-7611-477d-947e-b5d7313c4d27');



DROP TABLE IF EXISTS `craft_fieldlayouts`;


--
-- Schema for table `craft_fieldlayouts`
--
CREATE TABLE `craft_fieldlayouts` (
  `id` int(11) NOT NULL AUTO_INCREMENT,
  `type` varchar(150) COLLATE utf8_unicode_ci NOT NULL,
  `dateCreated` datetime NOT NULL,
  `dateUpdated` datetime NOT NULL,
  `uid` char(36) COLLATE utf8_unicode_ci NOT NULL DEFAULT '0',
  PRIMARY KEY (`id`),
  KEY `craft_fieldlayouts_type_idx` (`type`)
) ENGINE=InnoDB AUTO_INCREMENT=28 DEFAULT CHARSET=utf8 COLLATE=utf8_unicode_ci;

--
-- Data for table `craft_fieldlayouts`
--

INSERT INTO `craft_fieldlayouts` (`id`, `type`, `dateCreated`, `dateUpdated`, `uid`) VALUES
 ('3', 'Entry', '2017-05-24 15:07:02', '2017-05-24 15:07:02', 'f854fa1c-33d5-4775-aa41-3918bc6cb7fc'),
 ('8', 'Entry', '2017-05-30 20:15:30', '2017-05-30 20:15:30', '8dcb3e14-b7e7-4d45-9a09-85431f2d5778'),
 ('9', 'Entry', '2017-05-31 19:14:53', '2017-05-31 19:14:53', 'fdaa1015-c690-4d56-a490-0222ca7687ae'),
 ('10', 'Entry', '2017-05-31 19:31:58', '2017-05-31 19:31:58', '8b8fea6f-e133-4603-8e61-5d8e595d9ae2'),
 ('11', 'Entry', '2017-05-31 19:32:19', '2017-05-31 19:32:19', 'b4de8748-32f9-4aba-b5e3-5e415832b9fa'),
 ('12', 'Entry', '2017-05-31 19:32:29', '2017-05-31 19:32:29', '9c40677f-1bc0-4ee7-af1b-f09c8770e00d'),
 ('13', 'Entry', '2017-05-31 19:32:53', '2017-05-31 19:32:53', '8d4d8d14-83ae-4b00-a4c8-a9012b311558'),
 ('14', 'Entry', '2017-05-31 19:34:45', '2017-05-31 19:34:45', 'a689d259-091c-4ab9-86fc-326bd4e4e77d'),
 ('15', 'Entry', '2017-05-31 19:35:07', '2017-05-31 19:35:07', '7acd4eec-3066-4fb1-9c9c-df57597d8c19'),
 ('16', 'Asset', '2017-06-01 16:08:30', '2017-06-01 16:08:30', 'a5797afc-bad0-45f1-9a1e-0bc5fadc939d'),
 ('26', 'Entry', '2017-06-01 21:15:56', '2017-06-01 21:15:56', 'a60c7a59-cd26-4c89-ad29-d48d834ef477'),
 ('27', 'Tag', '2017-06-01 21:16:36', '2017-06-01 21:16:36', 'cc6cf545-a495-49fc-9d1d-f5430e8df5fa');



DROP TABLE IF EXISTS `craft_fieldlayouttabs`;


--
-- Schema for table `craft_fieldlayouttabs`
--
CREATE TABLE `craft_fieldlayouttabs` (
  `id` int(11) NOT NULL AUTO_INCREMENT,
  `layoutId` int(11) NOT NULL,
  `name` varchar(255) COLLATE utf8_unicode_ci NOT NULL,
  `sortOrder` smallint(6) unsigned DEFAULT NULL,
  `dateCreated` datetime NOT NULL,
  `dateUpdated` datetime NOT NULL,
  `uid` char(36) COLLATE utf8_unicode_ci NOT NULL DEFAULT '0',
  PRIMARY KEY (`id`),
  KEY `craft_fieldlayouttabs_sortOrder_idx` (`sortOrder`),
  KEY `craft_fieldlayouttabs_layoutId_fk` (`layoutId`)
) ENGINE=InnoDB AUTO_INCREMENT=10 DEFAULT CHARSET=utf8 COLLATE=utf8_unicode_ci;

--
-- Data for table `craft_fieldlayouttabs`
--

INSERT INTO `craft_fieldlayouttabs` (`id`, `layoutId`, `name`, `sortOrder`, `dateCreated`, `dateUpdated`, `uid`) VALUES
 ('1', '3', 'Content', '1', '2017-05-24 15:07:02', '2017-05-24 15:07:02', '2d5ea8fa-57b5-41a2-a847-ae6c663eb024'),
 ('8', '26', 'Default', '1', '2017-06-01 21:15:56', '2017-06-01 21:15:56', '732f59bc-f188-4b2d-a905-64d7f703e197'),
 ('9', '27', 'Content', '1', '2017-06-01 21:16:36', '2017-06-01 21:16:36', '68c83ce5-2d16-4f4b-820b-12c9645f140c');



DROP TABLE IF EXISTS `craft_fields`;


--
-- Schema for table `craft_fields`
--
CREATE TABLE `craft_fields` (
  `id` int(11) NOT NULL AUTO_INCREMENT,
  `groupId` int(11) DEFAULT NULL,
  `name` varchar(255) COLLATE utf8_unicode_ci NOT NULL,
  `handle` varchar(58) COLLATE utf8_unicode_ci NOT NULL,
  `context` varchar(255) COLLATE utf8_unicode_ci NOT NULL DEFAULT 'global',
  `instructions` text COLLATE utf8_unicode_ci,
  `translatable` tinyint(1) unsigned NOT NULL DEFAULT '0',
  `type` varchar(150) COLLATE utf8_unicode_ci NOT NULL,
  `settings` text COLLATE utf8_unicode_ci,
  `dateCreated` datetime NOT NULL,
  `dateUpdated` datetime NOT NULL,
  `uid` char(36) COLLATE utf8_unicode_ci NOT NULL DEFAULT '0',
  PRIMARY KEY (`id`),
  UNIQUE KEY `craft_fields_handle_context_unq_idx` (`handle`,`context`),
  KEY `craft_fields_context_idx` (`context`),
  KEY `craft_fields_groupId_fk` (`groupId`)
) ENGINE=InnoDB AUTO_INCREMENT=6 DEFAULT CHARSET=utf8 COLLATE=utf8_unicode_ci;

--
-- Data for table `craft_fields`
--

INSERT INTO `craft_fields` (`id`, `groupId`, `name`, `handle`, `context`, `instructions`, `translatable`, `type`, `settings`, `dateCreated`, `dateUpdated`, `uid`) VALUES
 ('1', '3', 'Body', 'body', 'global', '', '0', 'RichText', '{\"configFile\":\"Standard.json\",\"availableAssetSources\":\"*\",\"availableTransforms\":\"*\",\"cleanupHtml\":\"1\",\"purifyHtml\":\"1\",\"purifierConfig\":\"\",\"columnType\":\"text\"}', '2017-05-24 15:07:02', '2017-06-01 20:45:50', '17dbd276-7d96-4a0d-b0d4-fe5712dcb01a'),
 ('2', '3', 'Tags', 'tags', 'global', '', '0', 'Tags', '{\"source\":\"taggroup:1\",\"selectionLabel\":\"\"}', '2017-05-24 15:07:02', '2017-06-01 20:46:00', 'b2f81903-7068-4729-9b71-0a73c9c863ee');



DROP TABLE IF EXISTS `craft_globalsets`;


--
-- Schema for table `craft_globalsets`
--
CREATE TABLE `craft_globalsets` (
  `id` int(11) NOT NULL,
  `name` varchar(255) COLLATE utf8_unicode_ci NOT NULL,
  `handle` varchar(255) COLLATE utf8_unicode_ci NOT NULL,
  `fieldLayoutId` int(10) DEFAULT NULL,
  `dateCreated` datetime NOT NULL,
  `dateUpdated` datetime NOT NULL,
  `uid` char(36) COLLATE utf8_unicode_ci NOT NULL DEFAULT '0',
  PRIMARY KEY (`id`),
  UNIQUE KEY `craft_globalsets_name_unq_idx` (`name`),
  UNIQUE KEY `craft_globalsets_handle_unq_idx` (`handle`),
  KEY `craft_globalsets_fieldLayoutId_fk` (`fieldLayoutId`)
) ENGINE=InnoDB DEFAULT CHARSET=utf8 COLLATE=utf8_unicode_ci;

DROP TABLE IF EXISTS `craft_info`;


--
-- Schema for table `craft_info`
--
CREATE TABLE `craft_info` (
  `id` int(11) NOT NULL AUTO_INCREMENT,
  `version` varchar(50) COLLATE utf8_unicode_ci NOT NULL,
  `schemaVersion` varchar(15) COLLATE utf8_unicode_ci NOT NULL,
  `edition` tinyint(1) unsigned NOT NULL DEFAULT '0',
  `siteName` varchar(100) COLLATE utf8_unicode_ci NOT NULL,
  `siteUrl` varchar(255) COLLATE utf8_unicode_ci NOT NULL,
  `timezone` varchar(30) COLLATE utf8_unicode_ci DEFAULT NULL,
  `on` tinyint(1) unsigned NOT NULL DEFAULT '0',
  `maintenance` tinyint(1) unsigned NOT NULL DEFAULT '0',
  `dateCreated` datetime NOT NULL,
  `dateUpdated` datetime NOT NULL,
  `uid` char(36) COLLATE utf8_unicode_ci NOT NULL DEFAULT '0',
  PRIMARY KEY (`id`)
) ENGINE=InnoDB AUTO_INCREMENT=2 DEFAULT CHARSET=utf8 COLLATE=utf8_unicode_ci;

--
-- Data for table `craft_info`
--

INSERT INTO `craft_info` (`id`, `version`, `schemaVersion`, `edition`, `siteName`, `siteUrl`, `timezone`, `on`, `maintenance`, `dateCreated`, `dateUpdated`, `uid`) VALUES
 ('1', '2.6.2981', '2.6.9', '0', 'Shelley Design', 'http://13.58.12.44', 'UTC', '1', '1', '2017-05-24 15:06:59', '2017-06-12 15:54:52', 'bb6edfa9-9986-44be-86bc-04c0799930f2');



DROP TABLE IF EXISTS `craft_locales`;


--
-- Schema for table `craft_locales`
--
CREATE TABLE `craft_locales` (
  `locale` char(12) COLLATE utf8_unicode_ci NOT NULL,
  `sortOrder` smallint(6) unsigned DEFAULT NULL,
  `dateCreated` datetime NOT NULL,
  `dateUpdated` datetime NOT NULL,
  `uid` char(36) COLLATE utf8_unicode_ci NOT NULL DEFAULT '0',
  PRIMARY KEY (`locale`),
  KEY `craft_locales_sortOrder_idx` (`sortOrder`)
) ENGINE=InnoDB DEFAULT CHARSET=utf8 COLLATE=utf8_unicode_ci;

--
-- Data for table `craft_locales`
--

INSERT INTO `craft_locales` (`locale`, `sortOrder`, `dateCreated`, `dateUpdated`, `uid`) VALUES
 ('en_us', '1', '2017-05-24 15:06:59', '2017-05-24 15:06:59', '2b3290a5-9961-45a1-87cb-32d7671352ae');



DROP TABLE IF EXISTS `craft_matrixblocks`;


--
-- Schema for table `craft_matrixblocks`
--
CREATE TABLE `craft_matrixblocks` (
  `id` int(11) NOT NULL,
  `ownerId` int(11) NOT NULL,
  `fieldId` int(11) NOT NULL,
  `typeId` int(11) DEFAULT NULL,
  `sortOrder` smallint(6) unsigned DEFAULT NULL,
  `ownerLocale` char(12) COLLATE utf8_unicode_ci DEFAULT NULL,
  `dateCreated` datetime NOT NULL,
  `dateUpdated` datetime NOT NULL,
  `uid` char(36) COLLATE utf8_unicode_ci NOT NULL DEFAULT '0',
  PRIMARY KEY (`id`),
  KEY `craft_matrixblocks_ownerId_idx` (`ownerId`),
  KEY `craft_matrixblocks_fieldId_idx` (`fieldId`),
  KEY `craft_matrixblocks_typeId_idx` (`typeId`),
  KEY `craft_matrixblocks_sortOrder_idx` (`sortOrder`),
  KEY `craft_matrixblocks_ownerLocale_fk` (`ownerLocale`)
) ENGINE=InnoDB DEFAULT CHARSET=utf8 COLLATE=utf8_unicode_ci;

DROP TABLE IF EXISTS `craft_matrixblocktypes`;


--
-- Schema for table `craft_matrixblocktypes`
--
CREATE TABLE `craft_matrixblocktypes` (
  `id` int(11) NOT NULL AUTO_INCREMENT,
  `fieldId` int(11) NOT NULL,
  `fieldLayoutId` int(11) DEFAULT NULL,
  `name` varchar(255) COLLATE utf8_unicode_ci NOT NULL,
  `handle` varchar(255) COLLATE utf8_unicode_ci NOT NULL,
  `sortOrder` smallint(6) unsigned DEFAULT NULL,
  `dateCreated` datetime NOT NULL,
  `dateUpdated` datetime NOT NULL,
  `uid` char(36) COLLATE utf8_unicode_ci NOT NULL DEFAULT '0',
  PRIMARY KEY (`id`),
  UNIQUE KEY `craft_matrixblocktypes_name_fieldId_unq_idx` (`name`,`fieldId`),
  UNIQUE KEY `craft_matrixblocktypes_handle_fieldId_unq_idx` (`handle`,`fieldId`),
  KEY `craft_matrixblocktypes_fieldId_fk` (`fieldId`),
  KEY `craft_matrixblocktypes_fieldLayoutId_fk` (`fieldLayoutId`)
) ENGINE=InnoDB DEFAULT CHARSET=utf8 COLLATE=utf8_unicode_ci;

DROP TABLE IF EXISTS `craft_migrations`;


--
-- Schema for table `craft_migrations`
--
CREATE TABLE `craft_migrations` (
  `id` int(11) NOT NULL AUTO_INCREMENT,
  `pluginId` int(11) DEFAULT NULL,
  `version` varchar(255) COLLATE utf8_unicode_ci NOT NULL,
  `applyTime` datetime NOT NULL,
  `dateCreated` datetime NOT NULL,
  `dateUpdated` datetime NOT NULL,
  `uid` char(36) COLLATE utf8_unicode_ci NOT NULL DEFAULT '0',
  PRIMARY KEY (`id`),
  UNIQUE KEY `craft_migrations_version_unq_idx` (`version`),
  KEY `craft_migrations_pluginId_fk` (`pluginId`)
) ENGINE=InnoDB AUTO_INCREMENT=39 DEFAULT CHARSET=utf8 COLLATE=utf8_unicode_ci;

--
-- Data for table `craft_migrations`
--

INSERT INTO `craft_migrations` (`id`, `pluginId`, `version`, `applyTime`, `dateCreated`, `dateUpdated`, `uid`) VALUES
 ('1', NULL, 'm000000_000000_base', '2017-05-24 15:06:59', '2017-05-24 15:06:59', '2017-05-24 15:06:59', '6d8b7928-d743-45c1-bff8-b1f5b1aa4dd1'),
 ('2', NULL, 'm140730_000001_add_filename_and_format_to_transformindex', '2017-05-24 15:06:59', '2017-05-24 15:06:59', '2017-05-24 15:06:59', '2f40be58-9dfc-4858-b40f-9020160a1eb6'),
 ('3', NULL, 'm140815_000001_add_format_to_transforms', '2017-05-24 15:06:59', '2017-05-24 15:06:59', '2017-05-24 15:06:59', 'cdabf7ce-2938-4b0f-97f1-e9993355bc77'),
 ('4', NULL, 'm140822_000001_allow_more_than_128_items_per_field', '2017-05-24 15:06:59', '2017-05-24 15:06:59', '2017-05-24 15:06:59', '1fd33952-097c-4671-a639-1561378106d9'),
 ('5', NULL, 'm140829_000001_single_title_formats', '2017-05-24 15:06:59', '2017-05-24 15:06:59', '2017-05-24 15:06:59', '5a87bb93-3f13-4158-a6ff-9f84563cf772'),
 ('6', NULL, 'm140831_000001_extended_cache_keys', '2017-05-24 15:06:59', '2017-05-24 15:06:59', '2017-05-24 15:06:59', '87bce831-7c5b-4b4d-8fc9-02defb6213e9'),
 ('7', NULL, 'm140922_000001_delete_orphaned_matrix_blocks', '2017-05-24 15:06:59', '2017-05-24 15:06:59', '2017-05-24 15:06:59', '61a7d3c5-d008-44d7-96c0-85d27b80cd76'),
 ('8', NULL, 'm141008_000001_elements_index_tune', '2017-05-24 15:06:59', '2017-05-24 15:06:59', '2017-05-24 15:06:59', 'f4fca12f-4b5e-43f5-83a9-7ced604011cd'),
 ('9', NULL, 'm141009_000001_assets_source_handle', '2017-05-24 15:06:59', '2017-05-24 15:06:59', '2017-05-24 15:06:59', 'b50a597e-b21a-4297-985c-08b09bab4f53'),
 ('10', NULL, 'm141024_000001_field_layout_tabs', '2017-05-24 15:06:59', '2017-05-24 15:06:59', '2017-05-24 15:06:59', '8cdf7536-9d78-4ac7-99a8-38da63a88938'),
 ('11', NULL, 'm141030_000000_plugin_schema_versions', '2017-05-24 15:06:59', '2017-05-24 15:06:59', '2017-05-24 15:06:59', 'f65c8d44-f2d2-4fa7-930c-054d8850e5ed'),
 ('12', NULL, 'm141030_000001_drop_structure_move_permission', '2017-05-24 15:06:59', '2017-05-24 15:06:59', '2017-05-24 15:06:59', '02d54f2d-a300-4b0f-bc78-1dbdf01f8d0b'),
 ('13', NULL, 'm141103_000001_tag_titles', '2017-05-24 15:06:59', '2017-05-24 15:06:59', '2017-05-24 15:06:59', 'bfcddd8c-0f51-4de1-8670-75d98937f2e4'),
 ('14', NULL, 'm141109_000001_user_status_shuffle', '2017-05-24 15:06:59', '2017-05-24 15:06:59', '2017-05-24 15:06:59', '7f4e4a57-9228-48bb-87fa-e55fe77390df'),
 ('15', NULL, 'm141126_000001_user_week_start_day', '2017-05-24 15:06:59', '2017-05-24 15:06:59', '2017-05-24 15:06:59', '09b21a3e-8327-4762-b026-480ac0318937'),
 ('16', NULL, 'm150210_000001_adjust_user_photo_size', '2017-05-24 15:06:59', '2017-05-24 15:06:59', '2017-05-24 15:06:59', 'a5114f30-eb92-47bf-96f4-04bf0d3c6e66'),
 ('17', NULL, 'm150724_000001_adjust_quality_settings', '2017-05-24 15:06:59', '2017-05-24 15:06:59', '2017-05-24 15:06:59', 'e81ac482-346c-4f0a-8b8e-856bd6949170'),
 ('18', NULL, 'm150827_000000_element_index_settings', '2017-05-24 15:06:59', '2017-05-24 15:06:59', '2017-05-24 15:06:59', 'ddbef87e-9ab4-4c04-985f-97693cf4bcc7'),
 ('19', NULL, 'm150918_000001_add_colspan_to_widgets', '2017-05-24 15:06:59', '2017-05-24 15:06:59', '2017-05-24 15:06:59', '7ed9f8e8-06d6-405c-8aae-fe65e54ca399'),
 ('20', NULL, 'm151007_000000_clear_asset_caches', '2017-05-24 15:06:59', '2017-05-24 15:06:59', '2017-05-24 15:06:59', '5970da23-0aec-462d-8bdc-a87f7552dd60'),
 ('21', NULL, 'm151109_000000_text_url_formats', '2017-05-24 15:06:59', '2017-05-24 15:06:59', '2017-05-24 15:06:59', '1e51a4bd-0f2b-4dad-bada-109920fda805'),
 ('22', NULL, 'm151110_000000_move_logo', '2017-05-24 15:06:59', '2017-05-24 15:06:59', '2017-05-24 15:06:59', 'd45537aa-5dfb-48b7-b9f2-98a153024fc4'),
 ('23', NULL, 'm151117_000000_adjust_image_widthheight', '2017-05-24 15:06:59', '2017-05-24 15:06:59', '2017-05-24 15:06:59', '508e8263-a82f-4e6e-82a9-ec694e21e6c1'),
 ('24', NULL, 'm151127_000000_clear_license_key_status', '2017-05-24 15:06:59', '2017-05-24 15:06:59', '2017-05-24 15:06:59', '3b186e44-8389-496e-9404-92c1d4603484'),
 ('25', NULL, 'm151127_000000_plugin_license_keys', '2017-05-24 15:06:59', '2017-05-24 15:06:59', '2017-05-24 15:06:59', 'ec578066-a221-438b-8acd-20ec8d5c7bc8'),
 ('26', NULL, 'm151130_000000_update_pt_widget_feeds', '2017-05-24 15:06:59', '2017-05-24 15:06:59', '2017-05-24 15:06:59', '67b2268a-f938-499d-8c48-6f8a199abc25'),
 ('27', NULL, 'm160114_000000_asset_sources_public_url_default_true', '2017-05-24 15:06:59', '2017-05-24 15:06:59', '2017-05-24 15:06:59', 'a70afd38-2669-4e9c-b4a6-9ec8df88fdd2'),
 ('28', NULL, 'm160223_000000_sortorder_to_smallint', '2017-05-24 15:06:59', '2017-05-24 15:06:59', '2017-05-24 15:06:59', '36069996-a792-4fd7-81c7-77f6ad947cf0'),
 ('29', NULL, 'm160229_000000_set_default_entry_statuses', '2017-05-24 15:06:59', '2017-05-24 15:06:59', '2017-05-24 15:06:59', 'fca29d4d-863f-4f85-af73-5dee78b75766'),
 ('30', NULL, 'm160304_000000_client_permissions', '2017-05-24 15:06:59', '2017-05-24 15:06:59', '2017-05-24 15:06:59', 'd8ffddaf-6a8b-4e8d-ba00-97e731c276fc'),
 ('31', NULL, 'm160322_000000_asset_filesize', '2017-05-24 15:06:59', '2017-05-24 15:06:59', '2017-05-24 15:06:59', 'ce1186a6-e9fc-4997-b8fe-9a595d2903a8'),
 ('32', NULL, 'm160503_000000_orphaned_fieldlayouts', '2017-05-24 15:06:59', '2017-05-24 15:06:59', '2017-05-24 15:06:59', 'd44098bd-6a6b-4346-b9c2-aa0d160602e8'),
 ('33', NULL, 'm160510_000000_tasksettings', '2017-05-24 15:06:59', '2017-05-24 15:06:59', '2017-05-24 15:06:59', '7946b661-6803-4c16-a0fb-c2bf364ccc5d'),
 ('34', NULL, 'm160829_000000_pending_user_content_cleanup', '2017-05-24 15:06:59', '2017-05-24 15:06:59', '2017-05-24 15:06:59', '47e051ab-42a1-4895-88a4-8ad1dcbde830'),
 ('35', NULL, 'm160830_000000_asset_index_uri_increase', '2017-05-24 15:06:59', '2017-05-24 15:06:59', '2017-05-24 15:06:59', '118b90e7-4cde-46ec-856d-bc369dd7859d'),
 ('36', NULL, 'm160919_000000_usergroup_handle_title_unique', '2017-05-24 15:06:59', '2017-05-24 15:06:59', '2017-05-24 15:06:59', '8a4f5015-20f5-4c26-b3be-d08391abd737'),
 ('37', NULL, 'm161108_000000_new_version_format', '2017-05-24 15:06:59', '2017-05-24 15:06:59', '2017-05-24 15:06:59', 'ef8d0322-a397-43a4-bd9d-514a23b188e6'),
 ('38', NULL, 'm161109_000000_index_shuffle', '2017-05-24 15:06:59', '2017-05-24 15:06:59', '2017-05-24 15:06:59', 'afb22bf9-483a-42ff-88a1-53c9590479ea');



DROP TABLE IF EXISTS `craft_plugins`;


--
-- Schema for table `craft_plugins`
--
CREATE TABLE `craft_plugins` (
  `id` int(11) NOT NULL AUTO_INCREMENT,
  `class` varchar(150) COLLATE utf8_unicode_ci NOT NULL,
  `version` varchar(15) COLLATE utf8_unicode_ci NOT NULL,
  `schemaVersion` varchar(15) COLLATE utf8_unicode_ci DEFAULT NULL,
  `licenseKey` char(24) COLLATE utf8_unicode_ci DEFAULT NULL,
  `licenseKeyStatus` enum('valid','invalid','mismatched','unknown') COLLATE utf8_unicode_ci NOT NULL DEFAULT 'unknown',
  `enabled` tinyint(1) unsigned NOT NULL DEFAULT '0',
  `settings` text COLLATE utf8_unicode_ci,
  `installDate` datetime NOT NULL,
  `dateCreated` datetime NOT NULL,
  `dateUpdated` datetime NOT NULL,
  `uid` char(36) COLLATE utf8_unicode_ci NOT NULL DEFAULT '0',
  PRIMARY KEY (`id`)
) ENGINE=InnoDB AUTO_INCREMENT=2 DEFAULT CHARSET=utf8 COLLATE=utf8_unicode_ci;

--
-- Data for table `craft_plugins`
--

INSERT INTO `craft_plugins` (`id`, `class`, `version`, `schemaVersion`, `licenseKey`, `licenseKeyStatus`, `enabled`, `settings`, `installDate`, `dateCreated`, `dateUpdated`, `uid`) VALUES
 ('1', 'Trimmer', '1.0', NULL, NULL, 'unknown', '1', NULL, '2017-06-02 14:18:51', '2017-06-02 14:18:51', '2017-06-12 15:54:51', '9a1b1d86-bd1c-417a-b6b4-2774907fb4f3');



DROP TABLE IF EXISTS `craft_rackspaceaccess`;


--
-- Schema for table `craft_rackspaceaccess`
--
CREATE TABLE `craft_rackspaceaccess` (
  `id` int(11) NOT NULL AUTO_INCREMENT,
  `connectionKey` varchar(255) COLLATE utf8_unicode_ci NOT NULL,
  `token` varchar(255) COLLATE utf8_unicode_ci NOT NULL,
  `storageUrl` varchar(255) COLLATE utf8_unicode_ci NOT NULL,
  `cdnUrl` varchar(255) COLLATE utf8_unicode_ci NOT NULL,
  `dateCreated` datetime NOT NULL,
  `dateUpdated` datetime NOT NULL,
  `uid` char(36) COLLATE utf8_unicode_ci NOT NULL DEFAULT '0',
  PRIMARY KEY (`id`),
  UNIQUE KEY `craft_rackspaceaccess_connectionKey_unq_idx` (`connectionKey`)
) ENGINE=InnoDB DEFAULT CHARSET=utf8 COLLATE=utf8_unicode_ci;

DROP TABLE IF EXISTS `craft_relations`;


--
-- Schema for table `craft_relations`
--
CREATE TABLE `craft_relations` (
  `id` int(11) NOT NULL AUTO_INCREMENT,
  `fieldId` int(11) NOT NULL,
  `sourceId` int(11) NOT NULL,
  `sourceLocale` char(12) COLLATE utf8_unicode_ci DEFAULT NULL,
  `targetId` int(11) NOT NULL,
  `sortOrder` smallint(6) DEFAULT NULL,
  `dateCreated` datetime NOT NULL,
  `dateUpdated` datetime NOT NULL,
  `uid` char(36) COLLATE utf8_unicode_ci NOT NULL DEFAULT '0',
  PRIMARY KEY (`id`),
  UNIQUE KEY `craft_relations_fieldId_sourceId_sourceLocale_targetId_unq_idx` (`fieldId`,`sourceId`,`sourceLocale`,`targetId`),
  KEY `craft_relations_sourceId_fk` (`sourceId`),
  KEY `craft_relations_sourceLocale_fk` (`sourceLocale`),
  KEY `craft_relations_targetId_fk` (`targetId`)
) ENGINE=InnoDB AUTO_INCREMENT=11 DEFAULT CHARSET=utf8 COLLATE=utf8_unicode_ci;

--
-- Data for table `craft_relations`
--

INSERT INTO `craft_relations` (`id`, `fieldId`, `sourceId`, `sourceLocale`, `targetId`, `sortOrder`, `dateCreated`, `dateUpdated`, `uid`) VALUES
 ('9', '2', '12', NULL, '20', '1', '2017-06-01 20:47:59', '2017-06-01 20:47:59', 'af75dae3-71b3-420c-a706-ad2dc8fee5f2'),
 ('10', '2', '23', NULL, '22', '1', '2017-06-01 21:47:29', '2017-06-01 21:47:29', 'f047b6b8-fb91-43d4-baa8-b973bd9f04cc');



DROP TABLE IF EXISTS `craft_routes`;


--
-- Schema for table `craft_routes`
--
CREATE TABLE `craft_routes` (
  `id` int(11) NOT NULL AUTO_INCREMENT,
  `locale` char(12) COLLATE utf8_unicode_ci DEFAULT NULL,
  `urlParts` varchar(255) COLLATE utf8_unicode_ci NOT NULL,
  `urlPattern` varchar(255) COLLATE utf8_unicode_ci NOT NULL,
  `template` varchar(255) COLLATE utf8_unicode_ci NOT NULL,
  `sortOrder` smallint(6) unsigned DEFAULT NULL,
  `dateCreated` datetime NOT NULL,
  `dateUpdated` datetime NOT NULL,
  `uid` char(36) COLLATE utf8_unicode_ci NOT NULL DEFAULT '0',
  PRIMARY KEY (`id`),
  UNIQUE KEY `craft_routes_urlPattern_unq_idx` (`urlPattern`),
  KEY `craft_routes_locale_idx` (`locale`)
) ENGINE=InnoDB AUTO_INCREMENT=3 DEFAULT CHARSET=utf8 COLLATE=utf8_unicode_ci;

DROP TABLE IF EXISTS `craft_searchindex`;


--
-- Schema for table `craft_searchindex`
--
CREATE TABLE `craft_searchindex` (
  `elementId` int(11) NOT NULL,
  `attribute` varchar(25) COLLATE utf8_unicode_ci NOT NULL,
  `fieldId` int(11) NOT NULL,
  `locale` char(12) COLLATE utf8_unicode_ci NOT NULL,
  `keywords` text COLLATE utf8_unicode_ci NOT NULL,
  PRIMARY KEY (`elementId`,`attribute`,`fieldId`,`locale`),
  FULLTEXT KEY `craft_searchindex_keywords_idx` (`keywords`)
) ENGINE=MyISAM DEFAULT CHARSET=utf8 COLLATE=utf8_unicode_ci;

--
-- Data for table `craft_searchindex`
--

INSERT INTO `craft_searchindex` (`elementId`, `attribute`, `fieldId`, `locale`, `keywords`) VALUES
 ('1', 'username', '0', 'en_us', ' tecture_admin '),
 ('1', 'firstname', '0', 'en_us', ''),
 ('1', 'lastname', '0', 'en_us', ''),
 ('1', 'fullname', '0', 'en_us', ''),
 ('1', 'email', '0', 'en_us', ' bwilliams tecture com '),
 ('1', 'slug', '0', 'en_us', ''),
 ('2', 'slug', '0', 'en_us', ' homepage '),
 ('2', 'title', '0', 'en_us', ' homepage '),
 ('2', 'field', '1', 'en_us', ' hello world '),
 ('4', 'slug', '0', 'en_us', ' about '),
 ('4', 'title', '0', 'en_us', ' about '),
 ('5', 'slug', '0', 'en_us', ' rooms '),
 ('5', 'title', '0', 'en_us', ' rooms '),
 ('6', 'slug', '0', 'en_us', ' now '),
 ('6', 'title', '0', 'en_us', ' now '),
 ('7', 'slug', '0', 'en_us', ' lifestyle '),
 ('7', 'title', '0', 'en_us', ' lifestyle '),
 ('8', 'slug', '0', 'en_us', ' inspiration '),
 ('8', 'title', '0', 'en_us', ' inspiration '),
 ('9', 'slug', '0', 'en_us', ' details '),
 ('9', 'title', '0', 'en_us', ' details '),
 ('10', 'slug', '0', 'en_us', ' press '),
 ('10', 'title', '0', 'en_us', ' press '),
 ('11', 'slug', '0', 'en_us', ' contact '),
 ('11', 'title', '0', 'en_us', ' contact '),
 ('12', 'slug', '0', 'en_us', ' test post '),
 ('12', 'title', '0', 'en_us', ' first blog post '),
 ('16', 'name', '0', 'en_us', ' stfff '),
 ('16', 'slug', '0', 'en_us', ' stfff '),
 ('16', 'title', '0', 'en_us', ' stfff '),
 ('17', 'name', '0', 'en_us', ' waerew '),
 ('17', 'slug', '0', 'en_us', ' waerew '),
 ('17', 'title', '0', 'en_us', ' waerew '),
 ('18', 'name', '0', 'en_us', ' test '),
 ('18', 'slug', '0', 'en_us', ' test '),
 ('18', 'title', '0', 'en_us', ' test '),
 ('19', 'name', '0', 'en_us', ' tewe '),
 ('19', 'slug', '0', 'en_us', ' tewe '),
 ('19', 'title', '0', 'en_us', ' tewe '),
 ('12', 'field', '1', 'en_us', ' lorem ipsum dolor sit amet consectetur adipiscing elit aliquam mattis justo magna bibendum finibus arcu vulputate sit amet nam laoreet felis non lectus elementum tempus mauris id pretium ex phasellus a lectus aliquam nisi dapibus convallis vel ut erat maecenas malesuada mi non velit imperdiet laoreet vivamus facilisis libero vitae velit porta id sodales quam euismod vestibulum pharetra congue mattis nulla at ultrices nulla fusce et vehicula purus sed tempor eros magna vitae rhoncus nisi scelerisque vel aliquam luctus eget mi non iaculis interdum et malesuada fames ac ante ipsum primis in faucibus nullam magna sapien consectetur eu iaculis eu vestibulum sit amet libero nullam at ornare metus laoreet aliquet eros proin faucibus risus a suscipit hendrerit turpis diam tempor libero in blandit felis velit in mi in est libero pretium sit amet sagittis ultrices varius eu velit vivamus sagittis tincidunt libero vitae ullamcorper ante pretium ac donec euismod elit eu mi ultricies finibus fusce accumsan tellus vitae lacus sodales eu lacinia ligula iaculis proin aliquam quam nibh ac molestie nibh pretium ut cras convallis dolor purus eget lacinia risus volutpat vitae nunc laoreet ac ipsum non mollis nunc non consequat lacus a tristique quam proin eget aliquam lorem '),
 ('12', 'field', '4', 'en_us', ' yes '),
 ('12', 'field', '3', 'en_us', ' brian '),
 ('12', 'field', '2', 'en_us', ' design '),
 ('20', 'name', '0', 'en_us', ' design '),
 ('20', 'slug', '0', 'en_us', ' design '),
 ('20', 'title', '0', 'en_us', ' design '),
 ('12', 'field', '5', 'en_us', ' 2017 06 01 '),
 ('21', 'field', '1', 'en_us', ' lorem ipsum dolor sit amet consectetur adipiscing elit integer at diam eu ante tristique commodo mauris volutpat mauris et congue vestibulum ligula lorem finibus turpis ut tincidunt mi justo non nunc nam finibus tempus vehicula in vulputate dictum dolor sed mattis augue fringilla ut praesent odio est commodo eu nisl at aliquet imperdiet nisl nunc suscipit at ante in gravida aliquam sollicitudin erat augue nec mattis lorem eleifend vel vestibulum ante ipsum primis in faucibus orci luctus et ultrices posuere cubilia curae morbi faucibus nunc vel massa semper non condimentum ligula viverra in tincidunt justo in malesuada cursus aliquam facilisis volutpat pretium curabitur eget massa ut odio semper semper morbi vel orci venenatis congue eros nec gravida ipsum vestibulum tempus neque in semper vestibulum arcu dui accumsan erat et hendrerit massa dui nec metus sed sagittis varius tortor phasellus venenatis ultrices turpis placerat accumsan orci ullamcorper a vestibulum quis ex sit amet odio tristique varius ac nec ligula nulla tristique nisi eget dolor vehicula a pellentesque neque maximus pellentesque lorem sapien bibendum non ex id pellentesque finibus tellus sed vel congue lorem nec facilisis lacus pellentesque eleifend erat ut orci porta suscipit mattis leo convallis mauris interdum feugiat tortor eget vestibulum pellentesque consectetur felis at orci luctus eu facilisis sem ornare vivamus facilisis arcu tortor tempor eleifend purus feugiat eu nunc fringilla neque fermentum leo iaculis at pretium erat vehicula sed at nibh et elit venenatis porta praesent fermentum mauris at velit tincidunt sagittis consectetur neque placerat ut faucibus ullamcorper ipsum a convallis '),
 ('21', 'field', '5', 'en_us', ' 2017 06 21 '),
 ('21', 'field', '2', 'en_us', ''),
 ('21', 'slug', '0', 'en_us', ' post number two '),
 ('21', 'title', '0', 'en_us', ' post number two '),
 ('22', 'field', '1', 'en_us', ''),
 ('22', 'field', '2', 'en_us', ''),
 ('22', 'name', '0', 'en_us', ' 3rd post '),
 ('22', 'slug', '0', 'en_us', ' 3rd post '),
 ('22', 'title', '0', 'en_us', ' 3rd post '),
 ('23', 'field', '1', 'en_us', ' lorem ipsum dolor sit amet consectetur adipiscing elit integer at diam eu ante tristique commodo mauris volutpat mauris et congue vestibulum ligula lorem finibus turpis ut tincidunt mi justo non nunc nam finibus tempus vehicula in vulputate dictum dolor sed mattis augue fringilla ut praesent odio est commodo eu nisl at aliquet imperdiet nisl nunc suscipit at ante in gravida aliquam sollicitudin erat augue nec mattis lorem eleifend vel vestibulum ante ipsum primis in faucibus orci luctus et ultrices posuere cubilia curae morbi faucibus nunc vel massa semper non condimentum ligula viverra in tincidunt justo in malesuada cursus aliquam facilisis volutpat pretium curabitur eget massa ut odio semper semper morbi vel orci venenatis congue eros nec gravida ipsum '),
 ('23', 'field', '2', 'en_us', ' 3rd post '),
 ('23', 'slug', '0', 'en_us', ' post 3 '),
 ('23', 'title', '0', 'en_us', ' post 3 ');



DROP TABLE IF EXISTS `craft_sections`;


--
-- Schema for table `craft_sections`
--
CREATE TABLE `craft_sections` (
  `id` int(11) NOT NULL AUTO_INCREMENT,
  `structureId` int(11) DEFAULT NULL,
  `name` varchar(255) COLLATE utf8_unicode_ci NOT NULL,
  `handle` varchar(255) COLLATE utf8_unicode_ci NOT NULL,
  `type` enum('single','channel','structure') COLLATE utf8_unicode_ci NOT NULL DEFAULT 'channel',
  `hasUrls` tinyint(1) unsigned NOT NULL DEFAULT '1',
  `template` varchar(500) COLLATE utf8_unicode_ci DEFAULT NULL,
  `enableVersioning` tinyint(1) unsigned NOT NULL DEFAULT '0',
  `dateCreated` datetime NOT NULL,
  `dateUpdated` datetime NOT NULL,
  `uid` char(36) COLLATE utf8_unicode_ci NOT NULL DEFAULT '0',
  PRIMARY KEY (`id`),
  UNIQUE KEY `craft_sections_name_unq_idx` (`name`),
  UNIQUE KEY `craft_sections_handle_unq_idx` (`handle`),
  KEY `craft_sections_structureId_fk` (`structureId`)
) ENGINE=InnoDB AUTO_INCREMENT=13 DEFAULT CHARSET=utf8 COLLATE=utf8_unicode_ci;

--
-- Data for table `craft_sections`
--

INSERT INTO `craft_sections` (`id`, `structureId`, `name`, `handle`, `type`, `hasUrls`, `template`, `enableVersioning`, `dateCreated`, `dateUpdated`, `uid`) VALUES
 ('1', NULL, 'Index', 'index', 'single', '1', 'index', '0', '2017-05-24 15:07:02', '2017-05-31 20:11:27', 'e80e2ad9-1ace-4331-a1e5-fdd5c6ca5c7a'),
 ('2', NULL, 'Blog', 'blog', 'channel', '1', 'blog/_entry', '1', '2017-05-25 21:23:40', '2017-06-01 20:00:20', '362c348d-ea4b-4934-8aaf-70bfa1f3e339'),
 ('4', NULL, 'About', 'about', 'single', '1', 'about', '0', '2017-05-30 20:15:30', '2017-05-31 19:33:16', 'a86342b3-7232-4f68-ac2c-2584b7185904'),
 ('5', NULL, 'Rooms', 'rooms', 'single', '1', 'rooms', '0', '2017-05-31 19:14:53', '2017-05-31 19:33:07', '31289f3b-194e-4a53-b36b-896d6234fdd1'),
 ('6', NULL, 'Now', 'now', 'single', '1', 'now', '0', '2017-05-31 19:31:58', '2017-05-31 19:33:41', 'a69326d4-b121-4eef-ba7c-b381ee183158'),
 ('7', NULL, 'Lifestyle', 'lifestyle', 'single', '1', 'lifestyle', '0', '2017-05-31 19:32:19', '2017-05-31 19:33:36', '8aa51611-0e97-423a-a7c9-cf032fc00eda'),
 ('8', NULL, 'Inspiration', 'inspiration', 'single', '1', 'inspiration', '0', '2017-05-31 19:32:29', '2017-05-31 19:33:30', 'd5f32fdf-9944-469c-a0bc-daa6f860281d'),
 ('9', NULL, 'Details', 'details', 'single', '1', 'details', '0', '2017-05-31 19:32:53', '2017-05-31 19:32:53', '84424f4e-725a-4951-a311-fcb4947743c0'),
 ('10', NULL, 'Press', 'press', 'single', '1', 'press', '0', '2017-05-31 19:34:45', '2017-05-31 19:34:45', 'e11d24e7-6037-434a-8f00-bb854c343afe'),
 ('11', NULL, 'Contact', 'contact', 'single', '1', 'contact', '0', '2017-05-31 19:35:07', '2017-05-31 19:35:07', '17f2118e-bf6d-40d4-bb13-a6c8024df3c2');



DROP TABLE IF EXISTS `craft_sections_i18n`;


--
-- Schema for table `craft_sections_i18n`
--
CREATE TABLE `craft_sections_i18n` (
  `id` int(11) NOT NULL AUTO_INCREMENT,
  `sectionId` int(11) NOT NULL,
  `locale` char(12) COLLATE utf8_unicode_ci NOT NULL,
  `enabledByDefault` tinyint(1) unsigned NOT NULL DEFAULT '1',
  `urlFormat` text COLLATE utf8_unicode_ci,
  `nestedUrlFormat` text COLLATE utf8_unicode_ci,
  `dateCreated` datetime NOT NULL,
  `dateUpdated` datetime NOT NULL,
  `uid` char(36) COLLATE utf8_unicode_ci NOT NULL DEFAULT '0',
  PRIMARY KEY (`id`),
  UNIQUE KEY `craft_sections_i18n_sectionId_locale_unq_idx` (`sectionId`,`locale`),
  KEY `craft_sections_i18n_locale_fk` (`locale`)
) ENGINE=InnoDB AUTO_INCREMENT=13 DEFAULT CHARSET=utf8 COLLATE=utf8_unicode_ci;

--
-- Data for table `craft_sections_i18n`
--

INSERT INTO `craft_sections_i18n` (`id`, `sectionId`, `locale`, `enabledByDefault`, `urlFormat`, `nestedUrlFormat`, `dateCreated`, `dateUpdated`, `uid`) VALUES
 ('1', '1', 'en_us', '1', '__home__', NULL, '2017-05-24 15:07:02', '2017-05-24 15:07:02', 'f54cb6b2-eaf3-44a5-b561-346cbf640322'),
 ('2', '2', 'en_us', '1', 'blog/{slug}', NULL, '2017-05-25 21:23:40', '2017-05-31 21:52:31', '6c600bde-dc6b-4a1e-a5e1-b3bd0c1dd665'),
 ('4', '4', 'en_us', '1', 'about', NULL, '2017-05-30 20:15:30', '2017-05-30 20:15:30', '0a3175d7-db44-48c0-86e4-5ac29c1b5190'),
 ('5', '5', 'en_us', '1', 'rooms', NULL, '2017-05-31 19:14:53', '2017-05-31 19:14:53', '7fb430c8-8b3e-4841-b69b-89bd110cd52a'),
 ('6', '6', 'en_us', '1', 'now', NULL, '2017-05-31 19:31:58', '2017-05-31 19:31:58', '256d3bb0-02a6-4cb4-8205-18bda6ea1274'),
 ('7', '7', 'en_us', '1', 'lifestyle', NULL, '2017-05-31 19:32:19', '2017-05-31 19:32:19', 'b011bd3b-bbb3-481e-87a8-2ac413c6b6c5'),
 ('8', '8', 'en_us', '1', 'inspiration', NULL, '2017-05-31 19:32:29', '2017-05-31 19:32:29', '8326e68d-58d0-444c-8fe0-bed88db250c5'),
 ('9', '9', 'en_us', '1', 'details', NULL, '2017-05-31 19:32:53', '2017-05-31 19:32:53', 'bf669be1-6ee4-44e0-b048-740414af3b01'),
 ('10', '10', 'en_us', '1', 'press', NULL, '2017-05-31 19:34:45', '2017-05-31 19:34:45', '4ba405bb-b922-4793-bcc9-8b5b7c4bc3ad'),
 ('11', '11', 'en_us', '1', 'contact', NULL, '2017-05-31 19:35:07', '2017-05-31 19:35:07', 'd15f53ef-ad82-4b8f-b6be-53824ac59e81');



DROP TABLE IF EXISTS `craft_sessions`;


--
-- Schema for table `craft_sessions`
--
CREATE TABLE `craft_sessions` (
  `id` int(11) NOT NULL AUTO_INCREMENT,
  `userId` int(11) NOT NULL,
  `token` char(100) COLLATE utf8_unicode_ci NOT NULL,
  `dateCreated` datetime NOT NULL,
  `dateUpdated` datetime NOT NULL,
  `uid` char(36) COLLATE utf8_unicode_ci NOT NULL DEFAULT '0',
  PRIMARY KEY (`id`),
  KEY `craft_sessions_uid_idx` (`uid`),
  KEY `craft_sessions_token_idx` (`token`),
  KEY `craft_sessions_dateUpdated_idx` (`dateUpdated`),
  KEY `craft_sessions_userId_fk` (`userId`)
) ENGINE=InnoDB AUTO_INCREMENT=15 DEFAULT CHARSET=utf8 COLLATE=utf8_unicode_ci;

DROP TABLE IF EXISTS `craft_shunnedmessages`;


--
-- Schema for table `craft_shunnedmessages`
--
CREATE TABLE `craft_shunnedmessages` (
  `id` int(11) NOT NULL AUTO_INCREMENT,
  `userId` int(11) NOT NULL,
  `message` varchar(255) COLLATE utf8_unicode_ci NOT NULL,
  `expiryDate` datetime DEFAULT NULL,
  `dateCreated` datetime NOT NULL,
  `dateUpdated` datetime NOT NULL,
  `uid` char(36) COLLATE utf8_unicode_ci NOT NULL DEFAULT '0',
  PRIMARY KEY (`id`),
  UNIQUE KEY `craft_shunnedmessages_userId_message_unq_idx` (`userId`,`message`)
) ENGINE=InnoDB DEFAULT CHARSET=utf8 COLLATE=utf8_unicode_ci;

DROP TABLE IF EXISTS `craft_structureelements`;


--
-- Schema for table `craft_structureelements`
--
CREATE TABLE `craft_structureelements` (
  `id` int(11) NOT NULL AUTO_INCREMENT,
  `structureId` int(11) NOT NULL,
  `elementId` int(11) DEFAULT NULL,
  `root` int(11) unsigned DEFAULT NULL,
  `lft` int(11) unsigned NOT NULL,
  `rgt` int(11) unsigned NOT NULL,
  `level` smallint(6) unsigned NOT NULL,
  `dateCreated` datetime NOT NULL,
  `dateUpdated` datetime NOT NULL,
  `uid` char(36) COLLATE utf8_unicode_ci NOT NULL DEFAULT '0',
  PRIMARY KEY (`id`),
  UNIQUE KEY `craft_structureelements_structureId_elementId_unq_idx` (`structureId`,`elementId`),
  KEY `craft_structureelements_root_idx` (`root`),
  KEY `craft_structureelements_lft_idx` (`lft`),
  KEY `craft_structureelements_rgt_idx` (`rgt`),
  KEY `craft_structureelements_level_idx` (`level`),
  KEY `craft_structureelements_elementId_fk` (`elementId`)
) ENGINE=InnoDB AUTO_INCREMENT=3 DEFAULT CHARSET=utf8 COLLATE=utf8_unicode_ci;

DROP TABLE IF EXISTS `craft_structures`;


--
-- Schema for table `craft_structures`
--
CREATE TABLE `craft_structures` (
  `id` int(11) NOT NULL AUTO_INCREMENT,
  `maxLevels` smallint(6) unsigned DEFAULT NULL,
  `dateCreated` datetime NOT NULL,
  `dateUpdated` datetime NOT NULL,
  `uid` char(36) COLLATE utf8_unicode_ci NOT NULL DEFAULT '0',
  PRIMARY KEY (`id`)
) ENGINE=InnoDB AUTO_INCREMENT=2 DEFAULT CHARSET=utf8 COLLATE=utf8_unicode_ci;

DROP TABLE IF EXISTS `craft_systemsettings`;


--
-- Schema for table `craft_systemsettings`
--
CREATE TABLE `craft_systemsettings` (
  `id` int(11) NOT NULL AUTO_INCREMENT,
  `category` varchar(15) COLLATE utf8_unicode_ci NOT NULL,
  `settings` text COLLATE utf8_unicode_ci,
  `dateCreated` datetime NOT NULL,
  `dateUpdated` datetime NOT NULL,
  `uid` char(36) COLLATE utf8_unicode_ci NOT NULL DEFAULT '0',
  PRIMARY KEY (`id`),
  UNIQUE KEY `craft_systemsettings_category_unq_idx` (`category`)
) ENGINE=InnoDB AUTO_INCREMENT=2 DEFAULT CHARSET=utf8 COLLATE=utf8_unicode_ci;

--
-- Data for table `craft_systemsettings`
--

INSERT INTO `craft_systemsettings` (`id`, `category`, `settings`, `dateCreated`, `dateUpdated`, `uid`) VALUES
 ('1', 'email', '{\"protocol\":\"php\",\"emailAddress\":\"bwilliams@tecture.com\",\"senderName\":\"13 58 12\"}', '2017-05-24 15:07:02', '2017-05-24 15:07:02', 'd6b9d2cd-bc12-4b22-b291-31b52957083e');



DROP TABLE IF EXISTS `craft_taggroups`;


--
-- Schema for table `craft_taggroups`
--
CREATE TABLE `craft_taggroups` (
  `id` int(11) NOT NULL AUTO_INCREMENT,
  `name` varchar(255) COLLATE utf8_unicode_ci NOT NULL,
  `handle` varchar(255) COLLATE utf8_unicode_ci NOT NULL,
  `fieldLayoutId` int(10) DEFAULT NULL,
  `dateCreated` datetime NOT NULL,
  `dateUpdated` datetime NOT NULL,
  `uid` char(36) COLLATE utf8_unicode_ci NOT NULL DEFAULT '0',
  PRIMARY KEY (`id`),
  UNIQUE KEY `craft_taggroups_name_unq_idx` (`name`),
  UNIQUE KEY `craft_taggroups_handle_unq_idx` (`handle`),
  KEY `craft_taggroups_fieldLayoutId_fk` (`fieldLayoutId`)
) ENGINE=InnoDB AUTO_INCREMENT=2 DEFAULT CHARSET=utf8 COLLATE=utf8_unicode_ci;

--
-- Data for table `craft_taggroups`
--

INSERT INTO `craft_taggroups` (`id`, `name`, `handle`, `fieldLayoutId`, `dateCreated`, `dateUpdated`, `uid`) VALUES
 ('1', 'Default', 'default', '27', '2017-05-24 15:07:02', '2017-06-01 21:16:36', 'd0be246d-e504-4a9a-90ab-352089498dd1');



DROP TABLE IF EXISTS `craft_tags`;


--
-- Schema for table `craft_tags`
--
CREATE TABLE `craft_tags` (
  `id` int(11) NOT NULL,
  `groupId` int(11) NOT NULL,
  `dateCreated` datetime NOT NULL,
  `dateUpdated` datetime NOT NULL,
  `uid` char(36) COLLATE utf8_unicode_ci NOT NULL DEFAULT '0',
  PRIMARY KEY (`id`),
  KEY `craft_tags_groupId_fk` (`groupId`)
) ENGINE=InnoDB DEFAULT CHARSET=utf8 COLLATE=utf8_unicode_ci;

--
-- Data for table `craft_tags`
--

INSERT INTO `craft_tags` (`id`, `groupId`, `dateCreated`, `dateUpdated`, `uid`) VALUES
 ('16', '1', '2017-06-01 19:09:15', '2017-06-01 19:09:15', '006857db-e082-4cfb-939c-f85b1e5dfc30'),
 ('17', '1', '2017-06-01 19:09:18', '2017-06-01 19:09:18', '6940aa7e-93c9-4b01-97ba-21b25af2b22b'),
 ('18', '1', '2017-06-01 19:09:38', '2017-06-01 19:09:38', '2796882e-ac11-4d2c-a794-d6bca5fe7b5b'),
 ('19', '1', '2017-06-01 19:09:40', '2017-06-01 19:09:40', '4e09ce06-11d0-476a-871a-7539146df2e7'),
 ('20', '1', '2017-06-01 20:47:45', '2017-06-01 20:47:45', 'd3bd67fe-2641-4163-97a2-78062c0eb7ae'),
 ('22', '1', '2017-06-01 21:47:26', '2017-06-01 21:47:26', 'f04aa347-210f-4aa2-a962-8b3a489fc259');



DROP TABLE IF EXISTS `craft_tasks`;


--
-- Schema for table `craft_tasks`
--
CREATE TABLE `craft_tasks` (
  `id` int(11) NOT NULL AUTO_INCREMENT,
  `root` int(11) unsigned DEFAULT NULL,
  `lft` int(11) unsigned NOT NULL,
  `rgt` int(11) unsigned NOT NULL,
  `level` smallint(6) unsigned NOT NULL,
  `currentStep` int(11) unsigned DEFAULT NULL,
  `totalSteps` int(11) unsigned DEFAULT NULL,
  `status` enum('pending','error','running') COLLATE utf8_unicode_ci DEFAULT NULL,
  `type` varchar(150) COLLATE utf8_unicode_ci NOT NULL,
  `description` varchar(255) COLLATE utf8_unicode_ci DEFAULT NULL,
  `settings` mediumtext COLLATE utf8_unicode_ci,
  `dateCreated` datetime NOT NULL,
  `dateUpdated` datetime NOT NULL,
  `uid` char(36) COLLATE utf8_unicode_ci NOT NULL DEFAULT '0',
  PRIMARY KEY (`id`),
  KEY `craft_tasks_root_idx` (`root`),
  KEY `craft_tasks_lft_idx` (`lft`),
  KEY `craft_tasks_rgt_idx` (`rgt`),
  KEY `craft_tasks_level_idx` (`level`)
) ENGINE=InnoDB AUTO_INCREMENT=45 DEFAULT CHARSET=utf8 COLLATE=utf8_unicode_ci;

DROP TABLE IF EXISTS `craft_templatecachecriteria`;


--
-- Schema for table `craft_templatecachecriteria`
--
CREATE TABLE `craft_templatecachecriteria` (
  `id` int(11) NOT NULL AUTO_INCREMENT,
  `cacheId` int(11) NOT NULL,
  `type` varchar(150) COLLATE utf8_unicode_ci NOT NULL,
  `criteria` text COLLATE utf8_unicode_ci NOT NULL,
  PRIMARY KEY (`id`),
  KEY `craft_templatecachecriteria_cacheId_fk` (`cacheId`),
  KEY `craft_templatecachecriteria_type_idx` (`type`)
) ENGINE=InnoDB DEFAULT CHARSET=utf8 COLLATE=utf8_unicode_ci;

DROP TABLE IF EXISTS `craft_templatecacheelements`;


--
-- Schema for table `craft_templatecacheelements`
--
CREATE TABLE `craft_templatecacheelements` (
  `cacheId` int(11) NOT NULL,
  `elementId` int(11) NOT NULL,
  KEY `craft_templatecacheelements_cacheId_fk` (`cacheId`),
  KEY `craft_templatecacheelements_elementId_fk` (`elementId`)
) ENGINE=InnoDB DEFAULT CHARSET=utf8 COLLATE=utf8_unicode_ci;

DROP TABLE IF EXISTS `craft_templatecaches`;


--
-- Schema for table `craft_templatecaches`
--
CREATE TABLE `craft_templatecaches` (
  `id` int(11) NOT NULL AUTO_INCREMENT,
  `cacheKey` varchar(255) COLLATE utf8_unicode_ci NOT NULL,
  `locale` char(12) COLLATE utf8_unicode_ci NOT NULL,
  `path` varchar(255) COLLATE utf8_unicode_ci DEFAULT NULL,
  `expiryDate` datetime NOT NULL,
  `body` mediumtext COLLATE utf8_unicode_ci NOT NULL,
  PRIMARY KEY (`id`),
  KEY `craft_templatecaches_expiryDate_cacheKey_locale_path_idx` (`expiryDate`,`cacheKey`,`locale`,`path`),
  KEY `craft_templatecaches_locale_fk` (`locale`)
) ENGINE=InnoDB DEFAULT CHARSET=utf8 COLLATE=utf8_unicode_ci;

DROP TABLE IF EXISTS `craft_tokens`;


--
-- Schema for table `craft_tokens`
--
CREATE TABLE `craft_tokens` (
  `id` int(11) NOT NULL AUTO_INCREMENT,
  `token` char(32) COLLATE utf8_unicode_ci NOT NULL,
  `route` text COLLATE utf8_unicode_ci,
  `usageLimit` tinyint(3) unsigned DEFAULT NULL,
  `usageCount` tinyint(3) unsigned DEFAULT NULL,
  `expiryDate` datetime NOT NULL,
  `dateCreated` datetime NOT NULL,
  `dateUpdated` datetime NOT NULL,
  `uid` char(36) COLLATE utf8_unicode_ci NOT NULL DEFAULT '0',
  PRIMARY KEY (`id`),
  UNIQUE KEY `craft_tokens_token_unq_idx` (`token`),
  KEY `craft_tokens_expiryDate_idx` (`expiryDate`)
) ENGINE=InnoDB DEFAULT CHARSET=utf8 COLLATE=utf8_unicode_ci;

DROP TABLE IF EXISTS `craft_usergroups`;


--
-- Schema for table `craft_usergroups`
--
CREATE TABLE `craft_usergroups` (
  `id` int(11) NOT NULL AUTO_INCREMENT,
  `name` varchar(255) COLLATE utf8_unicode_ci NOT NULL,
  `handle` varchar(255) COLLATE utf8_unicode_ci NOT NULL,
  `dateCreated` datetime NOT NULL,
  `dateUpdated` datetime NOT NULL,
  `uid` char(36) COLLATE utf8_unicode_ci NOT NULL DEFAULT '0',
  PRIMARY KEY (`id`),
  UNIQUE KEY `craft_usergroups_name_unq_idx` (`name`),
  UNIQUE KEY `craft_usergroups_handle_unq_idx` (`handle`)
) ENGINE=InnoDB DEFAULT CHARSET=utf8 COLLATE=utf8_unicode_ci;

DROP TABLE IF EXISTS `craft_usergroups_users`;


--
-- Schema for table `craft_usergroups_users`
--
CREATE TABLE `craft_usergroups_users` (
  `id` int(11) NOT NULL AUTO_INCREMENT,
  `groupId` int(11) NOT NULL,
  `userId` int(11) NOT NULL,
  `dateCreated` datetime NOT NULL,
  `dateUpdated` datetime NOT NULL,
  `uid` char(36) COLLATE utf8_unicode_ci NOT NULL DEFAULT '0',
  PRIMARY KEY (`id`),
  UNIQUE KEY `craft_usergroups_users_groupId_userId_unq_idx` (`groupId`,`userId`),
  KEY `craft_usergroups_users_userId_fk` (`userId`)
) ENGINE=InnoDB DEFAULT CHARSET=utf8 COLLATE=utf8_unicode_ci;

DROP TABLE IF EXISTS `craft_userpermissions`;


--
-- Schema for table `craft_userpermissions`
--
CREATE TABLE `craft_userpermissions` (
  `id` int(11) NOT NULL AUTO_INCREMENT,
  `name` varchar(255) COLLATE utf8_unicode_ci NOT NULL,
  `dateCreated` datetime NOT NULL,
  `dateUpdated` datetime NOT NULL,
  `uid` char(36) COLLATE utf8_unicode_ci NOT NULL DEFAULT '0',
  PRIMARY KEY (`id`),
  UNIQUE KEY `craft_userpermissions_name_unq_idx` (`name`)
) ENGINE=InnoDB DEFAULT CHARSET=utf8 COLLATE=utf8_unicode_ci;

DROP TABLE IF EXISTS `craft_userpermissions_usergroups`;


--
-- Schema for table `craft_userpermissions_usergroups`
--
CREATE TABLE `craft_userpermissions_usergroups` (
  `id` int(11) NOT NULL AUTO_INCREMENT,
  `permissionId` int(11) NOT NULL,
  `groupId` int(11) NOT NULL,
  `dateCreated` datetime NOT NULL,
  `dateUpdated` datetime NOT NULL,
  `uid` char(36) COLLATE utf8_unicode_ci NOT NULL DEFAULT '0',
  PRIMARY KEY (`id`),
  UNIQUE KEY `craft_userpermissions_usergroups_permissionId_groupId_unq_idx` (`permissionId`,`groupId`),
  KEY `craft_userpermissions_usergroups_groupId_fk` (`groupId`)
) ENGINE=InnoDB DEFAULT CHARSET=utf8 COLLATE=utf8_unicode_ci;

DROP TABLE IF EXISTS `craft_userpermissions_users`;


--
-- Schema for table `craft_userpermissions_users`
--
CREATE TABLE `craft_userpermissions_users` (
  `id` int(11) NOT NULL AUTO_INCREMENT,
  `permissionId` int(11) NOT NULL,
  `userId` int(11) NOT NULL,
  `dateCreated` datetime NOT NULL,
  `dateUpdated` datetime NOT NULL,
  `uid` char(36) COLLATE utf8_unicode_ci NOT NULL DEFAULT '0',
  PRIMARY KEY (`id`),
  UNIQUE KEY `craft_userpermissions_users_permissionId_userId_unq_idx` (`permissionId`,`userId`),
  KEY `craft_userpermissions_users_userId_fk` (`userId`)
) ENGINE=InnoDB DEFAULT CHARSET=utf8 COLLATE=utf8_unicode_ci;

DROP TABLE IF EXISTS `craft_users`;


--
-- Schema for table `craft_users`
--
CREATE TABLE `craft_users` (
  `id` int(11) NOT NULL,
  `username` varchar(100) COLLATE utf8_unicode_ci NOT NULL,
  `photo` varchar(100) COLLATE utf8_unicode_ci DEFAULT NULL,
  `firstName` varchar(100) COLLATE utf8_unicode_ci DEFAULT NULL,
  `lastName` varchar(100) COLLATE utf8_unicode_ci DEFAULT NULL,
  `email` varchar(255) COLLATE utf8_unicode_ci NOT NULL,
  `password` char(255) COLLATE utf8_unicode_ci DEFAULT NULL,
  `preferredLocale` char(12) COLLATE utf8_unicode_ci DEFAULT NULL,
  `weekStartDay` tinyint(1) unsigned NOT NULL DEFAULT '0',
  `admin` tinyint(1) unsigned NOT NULL DEFAULT '0',
  `client` tinyint(1) unsigned NOT NULL DEFAULT '0',
  `locked` tinyint(1) unsigned NOT NULL DEFAULT '0',
  `suspended` tinyint(1) unsigned NOT NULL DEFAULT '0',
  `pending` tinyint(1) unsigned NOT NULL DEFAULT '0',
  `archived` tinyint(1) unsigned NOT NULL DEFAULT '0',
  `lastLoginDate` datetime DEFAULT NULL,
  `lastLoginAttemptIPAddress` varchar(45) COLLATE utf8_unicode_ci DEFAULT NULL,
  `invalidLoginWindowStart` datetime DEFAULT NULL,
  `invalidLoginCount` tinyint(4) unsigned DEFAULT NULL,
  `lastInvalidLoginDate` datetime DEFAULT NULL,
  `lockoutDate` datetime DEFAULT NULL,
  `verificationCode` char(100) COLLATE utf8_unicode_ci DEFAULT NULL,
  `verificationCodeIssuedDate` datetime DEFAULT NULL,
  `unverifiedEmail` varchar(255) COLLATE utf8_unicode_ci DEFAULT NULL,
  `passwordResetRequired` tinyint(1) unsigned NOT NULL DEFAULT '0',
  `lastPasswordChangeDate` datetime DEFAULT NULL,
  `dateCreated` datetime NOT NULL,
  `dateUpdated` datetime NOT NULL,
  `uid` char(36) COLLATE utf8_unicode_ci NOT NULL DEFAULT '0',
  PRIMARY KEY (`id`),
  UNIQUE KEY `craft_users_username_unq_idx` (`username`),
  UNIQUE KEY `craft_users_email_unq_idx` (`email`),
  KEY `craft_users_verificationCode_idx` (`verificationCode`),
  KEY `craft_users_uid_idx` (`uid`),
  KEY `craft_users_preferredLocale_fk` (`preferredLocale`)
) ENGINE=InnoDB DEFAULT CHARSET=utf8 COLLATE=utf8_unicode_ci;

--
-- Data for table `craft_users`
--

INSERT INTO `craft_users` (`id`, `username`, `photo`, `firstName`, `lastName`, `email`, `password`, `preferredLocale`, `weekStartDay`, `admin`, `client`, `locked`, `suspended`, `pending`, `archived`, `lastLoginDate`, `lastLoginAttemptIPAddress`, `invalidLoginWindowStart`, `invalidLoginCount`, `lastInvalidLoginDate`, `lockoutDate`, `verificationCode`, `verificationCodeIssuedDate`, `unverifiedEmail`, `passwordResetRequired`, `lastPasswordChangeDate`, `dateCreated`, `dateUpdated`, `uid`) VALUES
 ('1', 'Tecture_Admin', NULL, NULL, NULL, 'bwilliams@tecture.com', '$2y$13$zQsBPZsKtlQikJbIRCjDOO689ckZZaphmzHxtJxaGU9y7G0O3.tZC', NULL, '0', '1', '0', '0', '0', '0', '0', '2017-06-12 15:53:43', '50.73.111.1', NULL, NULL, '2017-06-12 15:53:33', NULL, NULL, NULL, NULL, '0', '2017-05-24 15:07:00', '2017-05-24 15:07:00', '2017-06-12 15:53:43', '7616fe8a-0afc-48e7-8000-79c74f702950');



DROP TABLE IF EXISTS `craft_widgets`;


--
-- Schema for table `craft_widgets`
--
CREATE TABLE `craft_widgets` (
  `id` int(11) NOT NULL AUTO_INCREMENT,
  `userId` int(11) NOT NULL,
  `type` varchar(150) COLLATE utf8_unicode_ci NOT NULL,
  `sortOrder` smallint(6) unsigned DEFAULT NULL,
  `colspan` tinyint(4) unsigned DEFAULT NULL,
  `settings` text COLLATE utf8_unicode_ci,
  `enabled` tinyint(1) unsigned NOT NULL DEFAULT '1',
  `dateCreated` datetime NOT NULL,
  `dateUpdated` datetime NOT NULL,
  `uid` char(36) COLLATE utf8_unicode_ci NOT NULL DEFAULT '0',
  PRIMARY KEY (`id`),
  KEY `craft_widgets_userId_fk` (`userId`)
) ENGINE=InnoDB AUTO_INCREMENT=5 DEFAULT CHARSET=utf8 COLLATE=utf8_unicode_ci;

--
-- Data for table `craft_widgets`
--

INSERT INTO `craft_widgets` (`id`, `userId`, `type`, `sortOrder`, `colspan`, `settings`, `enabled`, `dateCreated`, `dateUpdated`, `uid`) VALUES
 ('1', '1', 'RecentEntries', '1', NULL, NULL, '1', '2017-05-24 15:13:42', '2017-05-24 15:13:42', '379d8ad5-f215-40d1-b275-127b30736f6a'),
 ('2', '1', 'GetHelp', '2', NULL, NULL, '1', '2017-05-24 15:13:42', '2017-05-24 15:13:42', '01d5788a-030e-43ab-b8b4-934e79493b54'),
 ('3', '1', 'Updates', '3', NULL, NULL, '1', '2017-05-24 15:13:42', '2017-05-24 15:13:42', 'e6f31ed5-5062-40b0-a1c0-112ebe000c88'),
 ('4', '1', 'Feed', '4', NULL, '{\"url\":\"https:\\/\\/craftcms.com\\/news.rss\",\"title\":\"Craft News\"}', '1', '2017-05-24 15:13:42', '2017-05-24 15:13:42', '89366cd2-65cf-4326-a799-5bcdcef0e849');


--
-- Constraints for tables
--


--
-- Constraints for table `craft_assetfiles`
--
ALTER TABLE `craft_assetfiles`
	ADD CONSTRAINT `craft_assetfiles_folderId_fk` FOREIGN KEY (`folderId`) REFERENCES `craft_assetfolders` (`id`) ON DELETE CASCADE,
	ADD CONSTRAINT `craft_assetfiles_id_fk` FOREIGN KEY (`id`) REFERENCES `craft_elements` (`id`) ON DELETE CASCADE,
	ADD CONSTRAINT `craft_assetfiles_sourceId_fk` FOREIGN KEY (`sourceId`) REFERENCES `craft_assetsources` (`id`) ON DELETE CASCADE;

--
-- Constraints for table `craft_assetfolders`
--
ALTER TABLE `craft_assetfolders`
	ADD CONSTRAINT `craft_assetfolders_parentId_fk` FOREIGN KEY (`parentId`) REFERENCES `craft_assetfolders` (`id`) ON DELETE CASCADE,
	ADD CONSTRAINT `craft_assetfolders_sourceId_fk` FOREIGN KEY (`sourceId`) REFERENCES `craft_assetsources` (`id`) ON DELETE CASCADE;

--
-- Constraints for table `craft_assetindexdata`
--
ALTER TABLE `craft_assetindexdata`
	ADD CONSTRAINT `craft_assetindexdata_sourceId_fk` FOREIGN KEY (`sourceId`) REFERENCES `craft_assetsources` (`id`) ON DELETE CASCADE;

--
-- Constraints for table `craft_assetsources`
--
ALTER TABLE `craft_assetsources`
	ADD CONSTRAINT `craft_assetsources_fieldLayoutId_fk` FOREIGN KEY (`fieldLayoutId`) REFERENCES `craft_fieldlayouts` (`id`) ON DELETE SET NULL;

--
-- Constraints for table `craft_categories`
--
ALTER TABLE `craft_categories`
	ADD CONSTRAINT `craft_categories_groupId_fk` FOREIGN KEY (`groupId`) REFERENCES `craft_categorygroups` (`id`) ON DELETE CASCADE,
	ADD CONSTRAINT `craft_categories_id_fk` FOREIGN KEY (`id`) REFERENCES `craft_elements` (`id`) ON DELETE CASCADE;

--
-- Constraints for table `craft_categorygroups`
--
ALTER TABLE `craft_categorygroups`
	ADD CONSTRAINT `craft_categorygroups_fieldLayoutId_fk` FOREIGN KEY (`fieldLayoutId`) REFERENCES `craft_fieldlayouts` (`id`) ON DELETE SET NULL,
	ADD CONSTRAINT `craft_categorygroups_structureId_fk` FOREIGN KEY (`structureId`) REFERENCES `craft_structures` (`id`) ON DELETE CASCADE;

--
-- Constraints for table `craft_categorygroups_i18n`
--
ALTER TABLE `craft_categorygroups_i18n`
	ADD CONSTRAINT `craft_categorygroups_i18n_groupId_fk` FOREIGN KEY (`groupId`) REFERENCES `craft_categorygroups` (`id`) ON DELETE CASCADE,
	ADD CONSTRAINT `craft_categorygroups_i18n_locale_fk` FOREIGN KEY (`locale`) REFERENCES `craft_locales` (`locale`) ON DELETE CASCADE ON UPDATE CASCADE;

--
-- Constraints for table `craft_content`
--
ALTER TABLE `craft_content`
	ADD CONSTRAINT `craft_content_elementId_fk` FOREIGN KEY (`elementId`) REFERENCES `craft_elements` (`id`) ON DELETE CASCADE,
	ADD CONSTRAINT `craft_content_locale_fk` FOREIGN KEY (`locale`) REFERENCES `craft_locales` (`locale`) ON DELETE CASCADE ON UPDATE CASCADE;

--
-- Constraints for table `craft_elements_i18n`
--
ALTER TABLE `craft_elements_i18n`
	ADD CONSTRAINT `craft_elements_i18n_elementId_fk` FOREIGN KEY (`elementId`) REFERENCES `craft_elements` (`id`) ON DELETE CASCADE,
	ADD CONSTRAINT `craft_elements_i18n_locale_fk` FOREIGN KEY (`locale`) REFERENCES `craft_locales` (`locale`) ON DELETE CASCADE ON UPDATE CASCADE;

--
-- Constraints for table `craft_emailmessages`
--
ALTER TABLE `craft_emailmessages`
	ADD CONSTRAINT `craft_emailmessages_locale_fk` FOREIGN KEY (`locale`) REFERENCES `craft_locales` (`locale`) ON DELETE CASCADE ON UPDATE CASCADE;

--
-- Constraints for table `craft_entries`
--
ALTER TABLE `craft_entries`
	ADD CONSTRAINT `craft_entries_authorId_fk` FOREIGN KEY (`authorId`) REFERENCES `craft_users` (`id`) ON DELETE CASCADE,
	ADD CONSTRAINT `craft_entries_id_fk` FOREIGN KEY (`id`) REFERENCES `craft_elements` (`id`) ON DELETE CASCADE,
	ADD CONSTRAINT `craft_entries_sectionId_fk` FOREIGN KEY (`sectionId`) REFERENCES `craft_sections` (`id`) ON DELETE CASCADE,
	ADD CONSTRAINT `craft_entries_typeId_fk` FOREIGN KEY (`typeId`) REFERENCES `craft_entrytypes` (`id`) ON DELETE CASCADE;

--
-- Constraints for table `craft_entrydrafts`
--
ALTER TABLE `craft_entrydrafts`
	ADD CONSTRAINT `craft_entrydrafts_creatorId_fk` FOREIGN KEY (`creatorId`) REFERENCES `craft_users` (`id`) ON DELETE CASCADE,
	ADD CONSTRAINT `craft_entrydrafts_entryId_fk` FOREIGN KEY (`entryId`) REFERENCES `craft_entries` (`id`) ON DELETE CASCADE,
	ADD CONSTRAINT `craft_entrydrafts_locale_fk` FOREIGN KEY (`locale`) REFERENCES `craft_locales` (`locale`) ON DELETE CASCADE ON UPDATE CASCADE,
	ADD CONSTRAINT `craft_entrydrafts_sectionId_fk` FOREIGN KEY (`sectionId`) REFERENCES `craft_sections` (`id`) ON DELETE CASCADE;

--
-- Constraints for table `craft_entrytypes`
--
ALTER TABLE `craft_entrytypes`
	ADD CONSTRAINT `craft_entrytypes_fieldLayoutId_fk` FOREIGN KEY (`fieldLayoutId`) REFERENCES `craft_fieldlayouts` (`id`) ON DELETE SET NULL,
	ADD CONSTRAINT `craft_entrytypes_sectionId_fk` FOREIGN KEY (`sectionId`) REFERENCES `craft_sections` (`id`) ON DELETE CASCADE;

--
-- Constraints for table `craft_entryversions`
--
ALTER TABLE `craft_entryversions`
	ADD CONSTRAINT `craft_entryversions_creatorId_fk` FOREIGN KEY (`creatorId`) REFERENCES `craft_users` (`id`) ON DELETE SET NULL,
	ADD CONSTRAINT `craft_entryversions_entryId_fk` FOREIGN KEY (`entryId`) REFERENCES `craft_entries` (`id`) ON DELETE CASCADE,
	ADD CONSTRAINT `craft_entryversions_locale_fk` FOREIGN KEY (`locale`) REFERENCES `craft_locales` (`locale`) ON DELETE CASCADE ON UPDATE CASCADE,
	ADD CONSTRAINT `craft_entryversions_sectionId_fk` FOREIGN KEY (`sectionId`) REFERENCES `craft_sections` (`id`) ON DELETE CASCADE;

--
-- Constraints for table `craft_fieldlayoutfields`
--
ALTER TABLE `craft_fieldlayoutfields`
	ADD CONSTRAINT `craft_fieldlayoutfields_fieldId_fk` FOREIGN KEY (`fieldId`) REFERENCES `craft_fields` (`id`) ON DELETE CASCADE,
	ADD CONSTRAINT `craft_fieldlayoutfields_layoutId_fk` FOREIGN KEY (`layoutId`) REFERENCES `craft_fieldlayouts` (`id`) ON DELETE CASCADE,
	ADD CONSTRAINT `craft_fieldlayoutfields_tabId_fk` FOREIGN KEY (`tabId`) REFERENCES `craft_fieldlayouttabs` (`id`) ON DELETE CASCADE;

--
-- Constraints for table `craft_fieldlayouttabs`
--
ALTER TABLE `craft_fieldlayouttabs`
	ADD CONSTRAINT `craft_fieldlayouttabs_layoutId_fk` FOREIGN KEY (`layoutId`) REFERENCES `craft_fieldlayouts` (`id`) ON DELETE CASCADE;

--
-- Constraints for table `craft_fields`
--
ALTER TABLE `craft_fields`
	ADD CONSTRAINT `craft_fields_groupId_fk` FOREIGN KEY (`groupId`) REFERENCES `craft_fieldgroups` (`id`) ON DELETE CASCADE;

--
-- Constraints for table `craft_globalsets`
--
ALTER TABLE `craft_globalsets`
	ADD CONSTRAINT `craft_globalsets_fieldLayoutId_fk` FOREIGN KEY (`fieldLayoutId`) REFERENCES `craft_fieldlayouts` (`id`) ON DELETE SET NULL,
	ADD CONSTRAINT `craft_globalsets_id_fk` FOREIGN KEY (`id`) REFERENCES `craft_elements` (`id`) ON DELETE CASCADE;

--
-- Constraints for table `craft_matrixblocks`
--
ALTER TABLE `craft_matrixblocks`
	ADD CONSTRAINT `craft_matrixblocks_fieldId_fk` FOREIGN KEY (`fieldId`) REFERENCES `craft_fields` (`id`) ON DELETE CASCADE,
	ADD CONSTRAINT `craft_matrixblocks_id_fk` FOREIGN KEY (`id`) REFERENCES `craft_elements` (`id`) ON DELETE CASCADE,
	ADD CONSTRAINT `craft_matrixblocks_ownerId_fk` FOREIGN KEY (`ownerId`) REFERENCES `craft_elements` (`id`) ON DELETE CASCADE,
	ADD CONSTRAINT `craft_matrixblocks_ownerLocale_fk` FOREIGN KEY (`ownerLocale`) REFERENCES `craft_locales` (`locale`) ON DELETE CASCADE ON UPDATE CASCADE,
	ADD CONSTRAINT `craft_matrixblocks_typeId_fk` FOREIGN KEY (`typeId`) REFERENCES `craft_matrixblocktypes` (`id`) ON DELETE CASCADE;

--
-- Constraints for table `craft_matrixblocktypes`
--
ALTER TABLE `craft_matrixblocktypes`
	ADD CONSTRAINT `craft_matrixblocktypes_fieldId_fk` FOREIGN KEY (`fieldId`) REFERENCES `craft_fields` (`id`) ON DELETE CASCADE,
	ADD CONSTRAINT `craft_matrixblocktypes_fieldLayoutId_fk` FOREIGN KEY (`fieldLayoutId`) REFERENCES `craft_fieldlayouts` (`id`) ON DELETE SET NULL;

--
-- Constraints for table `craft_migrations`
--
ALTER TABLE `craft_migrations`
	ADD CONSTRAINT `craft_migrations_pluginId_fk` FOREIGN KEY (`pluginId`) REFERENCES `craft_plugins` (`id`) ON DELETE CASCADE;

--
-- Constraints for table `craft_relations`
--
ALTER TABLE `craft_relations`
	ADD CONSTRAINT `craft_relations_fieldId_fk` FOREIGN KEY (`fieldId`) REFERENCES `craft_fields` (`id`) ON DELETE CASCADE,
	ADD CONSTRAINT `craft_relations_sourceId_fk` FOREIGN KEY (`sourceId`) REFERENCES `craft_elements` (`id`) ON DELETE CASCADE,
	ADD CONSTRAINT `craft_relations_sourceLocale_fk` FOREIGN KEY (`sourceLocale`) REFERENCES `craft_locales` (`locale`) ON DELETE CASCADE ON UPDATE CASCADE,
	ADD CONSTRAINT `craft_relations_targetId_fk` FOREIGN KEY (`targetId`) REFERENCES `craft_elements` (`id`) ON DELETE CASCADE;

--
-- Constraints for table `craft_routes`
--
ALTER TABLE `craft_routes`
	ADD CONSTRAINT `craft_routes_locale_fk` FOREIGN KEY (`locale`) REFERENCES `craft_locales` (`locale`) ON DELETE CASCADE ON UPDATE CASCADE;

--
-- Constraints for table `craft_sections`
--
ALTER TABLE `craft_sections`
	ADD CONSTRAINT `craft_sections_structureId_fk` FOREIGN KEY (`structureId`) REFERENCES `craft_structures` (`id`) ON DELETE SET NULL;

--
-- Constraints for table `craft_sections_i18n`
--
ALTER TABLE `craft_sections_i18n`
	ADD CONSTRAINT `craft_sections_i18n_locale_fk` FOREIGN KEY (`locale`) REFERENCES `craft_locales` (`locale`) ON DELETE CASCADE ON UPDATE CASCADE,
	ADD CONSTRAINT `craft_sections_i18n_sectionId_fk` FOREIGN KEY (`sectionId`) REFERENCES `craft_sections` (`id`) ON DELETE CASCADE;

--
-- Constraints for table `craft_sessions`
--
ALTER TABLE `craft_sessions`
	ADD CONSTRAINT `craft_sessions_userId_fk` FOREIGN KEY (`userId`) REFERENCES `craft_users` (`id`) ON DELETE CASCADE;

--
-- Constraints for table `craft_shunnedmessages`
--
ALTER TABLE `craft_shunnedmessages`
	ADD CONSTRAINT `craft_shunnedmessages_userId_fk` FOREIGN KEY (`userId`) REFERENCES `craft_users` (`id`) ON DELETE CASCADE;

--
-- Constraints for table `craft_structureelements`
--
ALTER TABLE `craft_structureelements`
	ADD CONSTRAINT `craft_structureelements_elementId_fk` FOREIGN KEY (`elementId`) REFERENCES `craft_elements` (`id`) ON DELETE CASCADE,
	ADD CONSTRAINT `craft_structureelements_structureId_fk` FOREIGN KEY (`structureId`) REFERENCES `craft_structures` (`id`) ON DELETE CASCADE;

--
-- Constraints for table `craft_taggroups`
--
ALTER TABLE `craft_taggroups`
	ADD CONSTRAINT `craft_taggroups_fieldLayoutId_fk` FOREIGN KEY (`fieldLayoutId`) REFERENCES `craft_fieldlayouts` (`id`) ON DELETE SET NULL;

--
-- Constraints for table `craft_tags`
--
ALTER TABLE `craft_tags`
	ADD CONSTRAINT `craft_tags_groupId_fk` FOREIGN KEY (`groupId`) REFERENCES `craft_taggroups` (`id`) ON DELETE CASCADE,
	ADD CONSTRAINT `craft_tags_id_fk` FOREIGN KEY (`id`) REFERENCES `craft_elements` (`id`) ON DELETE CASCADE;

--
-- Constraints for table `craft_templatecachecriteria`
--
ALTER TABLE `craft_templatecachecriteria`
	ADD CONSTRAINT `craft_templatecachecriteria_cacheId_fk` FOREIGN KEY (`cacheId`) REFERENCES `craft_templatecaches` (`id`) ON DELETE CASCADE;

--
-- Constraints for table `craft_templatecacheelements`
--
ALTER TABLE `craft_templatecacheelements`
	ADD CONSTRAINT `craft_templatecacheelements_cacheId_fk` FOREIGN KEY (`cacheId`) REFERENCES `craft_templatecaches` (`id`) ON DELETE CASCADE,
	ADD CONSTRAINT `craft_templatecacheelements_elementId_fk` FOREIGN KEY (`elementId`) REFERENCES `craft_elements` (`id`) ON DELETE CASCADE;

--
-- Constraints for table `craft_templatecaches`
--
ALTER TABLE `craft_templatecaches`
	ADD CONSTRAINT `craft_templatecaches_locale_fk` FOREIGN KEY (`locale`) REFERENCES `craft_locales` (`locale`) ON DELETE CASCADE ON UPDATE CASCADE;

--
-- Constraints for table `craft_usergroups_users`
--
ALTER TABLE `craft_usergroups_users`
	ADD CONSTRAINT `craft_usergroups_users_groupId_fk` FOREIGN KEY (`groupId`) REFERENCES `craft_usergroups` (`id`) ON DELETE CASCADE,
	ADD CONSTRAINT `craft_usergroups_users_userId_fk` FOREIGN KEY (`userId`) REFERENCES `craft_users` (`id`) ON DELETE CASCADE;

--
-- Constraints for table `craft_userpermissions_usergroups`
--
ALTER TABLE `craft_userpermissions_usergroups`
	ADD CONSTRAINT `craft_userpermissions_usergroups_groupId_fk` FOREIGN KEY (`groupId`) REFERENCES `craft_usergroups` (`id`) ON DELETE CASCADE,
	ADD CONSTRAINT `craft_userpermissions_usergroups_permissionId_fk` FOREIGN KEY (`permissionId`) REFERENCES `craft_userpermissions` (`id`) ON DELETE CASCADE;

--
-- Constraints for table `craft_userpermissions_users`
--
ALTER TABLE `craft_userpermissions_users`
	ADD CONSTRAINT `craft_userpermissions_users_permissionId_fk` FOREIGN KEY (`permissionId`) REFERENCES `craft_userpermissions` (`id`) ON DELETE CASCADE,
	ADD CONSTRAINT `craft_userpermissions_users_userId_fk` FOREIGN KEY (`userId`) REFERENCES `craft_users` (`id`) ON DELETE CASCADE;

--
-- Constraints for table `craft_users`
--
ALTER TABLE `craft_users`
	ADD CONSTRAINT `craft_users_id_fk` FOREIGN KEY (`id`) REFERENCES `craft_elements` (`id`) ON DELETE CASCADE,
	ADD CONSTRAINT `craft_users_preferredLocale_fk` FOREIGN KEY (`preferredLocale`) REFERENCES `craft_locales` (`locale`) ON DELETE SET NULL ON UPDATE CASCADE;

--
-- Constraints for table `craft_widgets`
--
ALTER TABLE `craft_widgets`
	ADD CONSTRAINT `craft_widgets_userId_fk` FOREIGN KEY (`userId`) REFERENCES `craft_users` (`id`) ON DELETE CASCADE;

SET FOREIGN_KEY_CHECKS = 1;
